# https://github.com/mikedh/trimesh
mtllib material.mtl

o Corridor_Wall_01
usemtl Corridor_Wall_02
v 10.16054932 -1.90914897 4.60154066
v 10.16054932 -1.90914917 0.03679825
v 10.16054932 -1.23663635 0.03679810
v 10.16054932 -1.23663639 2.69029032
v 10.16054687 1.88159576 0.03679810
v 10.16054687 1.88159573 4.60154110
v 10.16054932 1.23663559 2.69029021
v 10.16054810 1.23663559 0.03679810
v 9.85162354 1.23663559 2.69028991
v 10.16054932 1.23663559 2.69029021
v 10.16054932 -1.23663639 2.69029032
v 9.85162476 -1.23663639 2.69029002
v 9.85162354 -1.23663635 0.03679810
v 9.85162476 -1.23663639 2.69029002
v 10.16054932 -1.23663639 2.69029032
v 10.16054932 -1.23663635 0.03679810
v 10.16054932 1.23663559 2.69029021
v 9.85162354 1.23663559 2.69028991
v 9.85162354 1.23663559 0.03679810
v 10.16054810 1.23663559 0.03679810
v 36.87136963 -1.79301056 0.03679764
v 35.57709717 -1.79301056 0.03679825
v 35.57709717 -1.80641968 0.03679825
v 36.87136963 -1.80641968 0.03679764
v 28.70264893 -1.79301056 0.03679763
v 27.40837646 -1.79301056 0.03679824
v 27.40837646 -1.80641968 0.03679824
v 28.70264893 -1.80641968 0.03679763
v 19.00640137 -1.79301056 0.03679763
v 17.71212891 -1.79301056 0.03679824
v 17.71212891 -1.80641968 0.03679824
v 19.00640137 -1.80641968 0.03679763
v 58.27893066 -1.79480316 0.00000868
v 41.99079834 -1.79480347 0.00000715
v 41.99079834 -1.78609619 0.00000318
v 58.27893066 -1.78609589 0.00000440
v 58.27893066 -1.78609589 0.00000440
v 41.99079834 -1.78609619 0.00000318
v 41.99079834 -1.78609497 0.02865156
v 58.27893066 -1.78609467 0.02865248
v 58.27893066 -1.78609467 0.02865248
v 41.99079834 -1.78609497 0.02865156
v 41.99079834 -1.79480225 0.02865553
v 58.27893066 -1.79480194 0.02865675
v 58.27893066 1.76765884 0.02865003
v 41.66657227 1.76765808 0.02865186
v 41.66657227 1.75895081 0.02865583
v 58.27893066 1.75895157 0.02865415
v 58.27893066 1.75895157 0.02865415
v 41.66657227 1.75895081 0.02865583
v 41.66657227 1.75894974 0.00000730
v 58.27893066 1.75895050 0.00000593
v 58.27893066 1.75895050 0.00000593
v 41.66657227 1.75894974 0.00000730
v 41.66657227 1.76765701 0.00000333
v 58.27893066 1.76765777 0.00000181
v 41.70844727 -1.79359650 0.03679824
v 58.32080566 -1.79359650 0.03679824
v 58.32080566 -1.79359653 -0.83781070
v 41.70844727 -1.79359653 -0.83781070
v 58.32080566 1.76604279 0.03679825
v 41.70844727 1.76604309 0.03679810
v 41.70844727 1.76604309 -0.83781040
v 58.32080566 1.76604279 -0.83781040
v 58.32080566 1.76604279 -0.83781040
v 58.32080566 -1.79359653 -0.83781070
v 58.32080566 -1.79359650 0.03679824
v 58.32080566 1.76604279 0.03679825
vt -2.25431681 2.60580254
vt -2.25431657 1.60887277
vt -2.10744119 1.60887289
vt -2.10744143 2.18838978
vt -1.42642605 1.60887301
vt -1.42642629 2.60580301
vt -1.56728411 2.18838978
vt -1.56728399 1.60887289
vt -1.76786411 2.17928481
vt -1.83533299 2.17928481
vt -1.83533275 1.63912749
vt -1.76786435 1.63912749
vt -1.75728953 2.17928481
vt -1.75728929 1.59976780
vt -1.68982089 1.59976780
vt -1.68982089 2.17928481
vt -1.67924607 1.59976780
vt -1.61177742 1.59976780
vt -1.61177742 2.17928481
vt -1.67924583 2.17928481
vt 8.41975117 1.68642282
vt 2.80303144 2.97452497
vt 2.80303144 2.97452521
vt 8.41975117 1.68642282
vt 8.41975117 1.68642282
vt 2.80303144 2.97452497
vt 2.80303144 2.97452521
vt 8.41975117 1.68642282
vt 8.41975117 1.68642282
vt 2.80303144 2.97452497
vt 2.80303144 2.97452521
vt 8.41975117 1.68642282
vt 830.61816406 -175.16256714
vt -798.19506836 -175.16259766
vt -798.19506836 -174.29187012
vt 830.61816406 -174.29183960
vt 830.61816406 -174.29183960
vt -798.19506836 -174.29187012
vt -798.19506836 -174.29174805
vt 830.61816406 -174.29171753
vt 830.61816406 -174.29171753
vt -798.19506836 -174.29174805
vt -798.19506836 -175.16247559
vt 830.61816406 -175.16244507
vt 830.61816406 181.08363342
vt -830.61767578 181.08355713
vt -830.61767578 180.21282959
vt 830.61816406 180.21290588
vt 830.61816406 180.21290588
vt -830.61767578 180.21282959
vt -830.61767578 180.21272278
vt 830.61816406 180.21279907
vt 830.61816406 180.21279907
vt -830.61767578 180.21272278
vt -830.61767578 181.08345032
vt 830.61816406 181.08352661
vt 1.82296455 2.58177757
vt -0.83106399 2.58177757
vt -0.83106399 2.44670701
vt 1.82296455 2.44670701
vt -0.83106399 2.58177757
vt 1.82296455 2.58177757
vt 1.82296455 2.44670701
vt -0.83106399 2.44670701
vt -1.39969468 2.44670701
vt -0.83106399 2.44670701
vt -0.83106399 2.58177757
vt -1.39969468 2.58177757
f 1/1 2/2 3/3
f 1/1 3/3 4/4
f 5/5 6/6 7/7
f 5/5 7/7 8/8
f 7/7 6/6 1/1
f 7/7 1/1 4/4
f 9/9 10/10 11/11
f 9/9 11/11 12/12
f 13/13 14/14 15/15
f 13/13 15/15 16/16
f 17/17 18/18 19/19
f 17/17 19/19 20/20
f 21/21 22/22 23/23
f 21/21 23/23 24/24
f 25/25 26/26 27/27
f 25/25 27/27 28/28
f 29/29 30/30 31/31
f 29/29 31/31 32/32
f 33/33 34/34 35/35
f 33/33 35/35 36/36
f 37/37 38/38 39/39
f 37/37 39/39 40/40
f 41/41 42/42 43/43
f 41/41 43/43 44/44
f 45/45 46/46 47/47
f 45/45 47/47 48/48
f 49/49 50/50 51/51
f 49/49 51/51 52/52
f 53/53 54/54 55/55
f 53/53 55/55 56/56
f 57/57 58/58 59/59
f 57/57 59/59 60/60
f 61/61 62/62 63/63
f 61/61 63/63 64/64
f 65/65 66/66 67/67
f 65/65 67/67 68/68

o Corridor_Wall_2
usemtl Corridor_Wall_02
v 9.77289551 1.23663513 -0.00177628
v 9.77289307 -1.23663605 -0.00177612
v 9.85162354 -1.23663605 0.03679825
v 9.85162598 1.23663513 0.03679810
v 9.85162354 -1.23663605 0.03679825
v 9.77289307 -1.23663605 -0.00177612
v 9.85162354 -1.23663605 -0.00177612
v 9.85162598 1.23663513 0.03679810
v 9.85162598 1.23663513 -0.00177628
v 9.77289551 1.23663513 -0.00177628
v 36.89598145 -1.77981007 2.61288739
v 36.89598145 -1.77981018 0.03679764
v 36.84675781 -1.77981018 0.03679764
v 36.84675781 -1.77981007 2.56366116
v 36.89598145 -1.80641957 2.61286328
v 36.89598145 -1.80641968 0.03679764
v 36.89598145 -1.77981018 0.03679764
v 36.89598145 -1.77981007 2.61288739
v 36.84675781 -1.77981007 2.56366116
v 36.84675781 -1.77981018 0.03679764
v 36.84675781 -1.80641968 0.03679764
v 36.84675781 -1.80641957 2.56363736
v 35.55246094 -1.77981007 2.61288800
v 35.60168701 -1.77981007 2.56366177
v 35.55250732 -1.80641957 2.61286389
v 36.89598145 -1.80641957 2.61286328
v 36.89598145 -1.77981007 2.61288739
v 35.55246094 -1.77981007 2.61288800
v 35.60168701 -1.77981007 2.56366177
v 36.84675781 -1.77981007 2.56366116
v 36.84675781 -1.80641957 2.56363736
v 35.60173340 -1.80641957 2.56363797
v 35.55246094 -1.77981018 0.03679825
v 35.60168701 -1.77981018 0.03679825
v 35.55250732 -1.80641968 0.03679825
v 35.55250732 -1.80641957 2.61286389
v 35.55246094 -1.77981007 2.61288800
v 35.55246094 -1.77981018 0.03679825
v 35.60168701 -1.77981018 0.03679825
v 35.60168701 -1.77981007 2.56366177
v 35.60173340 -1.80641957 2.56363797
v 35.60173340 -1.80641968 0.03679825
v 28.72726074 -1.77981007 2.61288739
v 28.72726074 -1.77981018 0.03679763
v 28.67803711 -1.77981018 0.03679763
v 28.67803711 -1.77981007 2.56366116
v 28.72726074 -1.80641957 2.61286328
v 28.72726074 -1.80641968 0.03679763
v 28.72726074 -1.77981018 0.03679763
v 28.72726074 -1.77981007 2.61288739
v 28.67803711 -1.77981007 2.56366116
v 28.67803711 -1.77981018 0.03679763
v 28.67803711 -1.80641968 0.03679763
v 28.67803711 -1.80641957 2.56363736
v 27.38374023 -1.77981007 2.61288800
v 27.43296631 -1.77981007 2.56366177
v 27.38378662 -1.80641957 2.61286389
v 28.72726074 -1.80641957 2.61286328
v 28.72726074 -1.77981007 2.61288739
v 27.38374023 -1.77981007 2.61288800
v 27.43296631 -1.77981007 2.56366177
v 28.67803711 -1.77981007 2.56366116
v 28.67803711 -1.80641957 2.56363736
v 27.43301270 -1.80641957 2.56363797
v 27.38374023 -1.77981018 0.03679824
v 27.43296631 -1.77981018 0.03679824
v 27.38378662 -1.80641968 0.03679824
v 27.38378662 -1.80641957 2.61286389
v 27.38374023 -1.77981007 2.61288800
v 27.38374023 -1.77981018 0.03679824
v 27.43296631 -1.77981018 0.03679824
v 27.43296631 -1.77981007 2.56366177
v 27.43301270 -1.80641957 2.56363797
v 27.43301270 -1.80641968 0.03679824
v 19.03101318 -1.77981007 2.61288739
v 19.03101318 -1.77981018 0.03679763
v 18.98178955 -1.77981018 0.03679763
v 18.98178955 -1.77981007 2.56366116
v 19.03101318 -1.80641957 2.61286328
v 19.03101318 -1.80641968 0.03679763
v 19.03101318 -1.77981018 0.03679763
v 19.03101318 -1.77981007 2.61288739
v 18.98178955 -1.77981007 2.56366116
v 18.98178955 -1.77981018 0.03679763
v 18.98178955 -1.80641968 0.03679763
v 18.98178955 -1.80641957 2.56363736
v 17.68749268 -1.77981007 2.61288800
v 17.73671875 -1.77981007 2.56366177
v 17.68753906 -1.80641957 2.61286389
v 19.03101318 -1.80641957 2.61286328
v 19.03101318 -1.77981007 2.61288739
v 17.68749268 -1.77981007 2.61288800
v 17.73671875 -1.77981007 2.56366177
v 18.98178955 -1.77981007 2.56366116
v 18.98178955 -1.80641957 2.56363736
v 17.73676514 -1.80641957 2.56363797
v 17.68749268 -1.77981018 0.03679824
v 17.73671875 -1.77981018 0.03679824
v 17.68753906 -1.80641968 0.03679824
v 17.68753906 -1.80641957 2.61286389
v 17.68749268 -1.77981007 2.61288800
v 17.68749268 -1.77981018 0.03679824
v 17.73671875 -1.77981018 0.03679824
v 17.73671875 -1.77981007 2.56366177
v 17.73676514 -1.80641957 2.56363797
v 17.73676514 -1.80641968 0.03679824
vt -1.57429016 1.62778211
vt -1.57428968 2.16793919
vt -1.59148419 2.16793919
vt -1.59148479 1.62778211
vt -1.59179819 2.17078209
vt -1.57460368 2.17920661
vt -1.59179819 2.17920661
vt -1.57445562 2.17794585
vt -1.57445562 2.16952109
vt -1.59165013 2.16952109
vt -67.17491913 130.03570557
vt -67.17492676 -127.57325745
vt -62.25232315 -127.57325745
vt -62.25232315 125.11310577
vt -67.17491913 130.03330994
vt -67.17492676 -127.57325745
vt -67.17492676 -127.57325745
vt -67.17491913 130.03570557
vt -62.25232315 125.11310577
vt -62.25232315 -127.57325745
vt -62.25232315 -127.57325745
vt -62.25232315 125.11071777
vt 67.17730713 130.03576660
vt 62.25471878 125.11316681
vt 67.17253113 130.03337097
vt -67.17491913 130.03330994
vt -67.17491913 130.03570557
vt 67.17730713 130.03576660
vt 62.25471878 125.11316681
vt -62.25232315 125.11310577
vt -62.25232315 125.11071777
vt 62.24993896 125.11077881
vt 67.17730713 -127.57319641
vt 62.25471878 -127.57319641
vt 67.17253113 -127.57319641
vt 67.17253113 130.03337097
vt 67.17730713 130.03576660
vt 67.17730713 -127.57319641
vt 62.25471878 -127.57319641
vt 62.25471878 125.11316681
vt 62.24993896 125.11077881
vt 62.24993896 -127.57319641
vt -67.17491913 130.03570557
vt -67.17492676 -127.57325745
vt -62.25232315 -127.57325745
vt -62.25232315 125.11310577
vt -67.17491913 130.03330994
vt -67.17492676 -127.57325745
vt -67.17492676 -127.57325745
vt -67.17491913 130.03570557
vt -62.25232315 125.11310577
vt -62.25232315 -127.57325745
vt -62.25232315 -127.57325745
vt -62.25232315 125.11071777
vt 67.17730713 130.03576660
vt 62.25471878 125.11316681
vt 67.17253113 130.03337097
vt -67.17491913 130.03330994
vt -67.17491913 130.03570557
vt 67.17730713 130.03576660
vt 62.25471878 125.11316681
vt -62.25232315 125.11310577
vt -62.25232315 125.11071777
vt 62.24993896 125.11077881
vt 67.17730713 -127.57319641
vt 62.25471878 -127.57319641
vt 67.17253113 -127.57319641
vt 67.17253113 130.03337097
vt 67.17730713 130.03576660
vt 67.17730713 -127.57319641
vt 62.25471878 -127.57319641
vt 62.25471878 125.11316681
vt 62.24993896 125.11077881
vt 62.24993896 -127.57319641
vt -67.17491913 130.03570557
vt -67.17492676 -127.57325745
vt -62.25232315 -127.57325745
vt -62.25232315 125.11310577
vt -67.17491913 130.03330994
vt -67.17492676 -127.57325745
vt -67.17492676 -127.57325745
vt -67.17491913 130.03570557
vt -62.25232315 125.11310577
vt -62.25232315 -127.57325745
vt -62.25232315 -127.57325745
vt -62.25232315 125.11071777
vt 67.17730713 130.03576660
vt 62.25471878 125.11316681
vt 67.17253113 130.03337097
vt -67.17491913 130.03330994
vt -67.17491913 130.03570557
vt 67.17730713 130.03576660
vt 62.25471878 125.11316681
vt -62.25232315 125.11310577
vt -62.25232315 125.11071777
vt 62.24993896 125.11077881
vt 67.17730713 -127.57319641
vt 62.25471878 -127.57319641
vt 67.17253113 -127.57319641
vt 67.17253113 130.03337097
vt 67.17730713 130.03576660
vt 67.17730713 -127.57319641
vt 62.25471878 -127.57319641
vt 62.25471878 125.11316681
vt 62.24993896 125.11077881
vt 62.24993896 -127.57319641
f 69/69 70/70 71/71
f 69/69 71/71 72/72
f 73/73 74/74 75/75
f 76/76 77/77 78/78
f 79/79 80/80 81/81
f 79/79 81/81 82/82
f 83/83 84/84 85/85
f 83/83 85/85 86/86
f 87/87 88/88 89/89
f 87/87 89/89 90/90
f 91/91 79/79 82/82
f 91/91 82/82 92/92
f 93/93 94/94 95/95
f 93/93 95/95 96/96
f 97/97 98/98 99/99
f 97/97 99/99 100/100
f 101/101 91/91 92/92
f 101/101 92/92 102/102
f 103/103 104/104 105/105
f 103/103 105/105 106/106
f 107/107 108/108 109/109
f 107/107 109/109 110/110
f 111/111 112/112 113/113
f 111/111 113/113 114/114
f 115/115 116/116 117/117
f 115/115 117/117 118/118
f 119/119 120/120 121/121
f 119/119 121/121 122/122
f 123/123 111/111 114/114
f 123/123 114/114 124/124
f 125/125 126/126 127/127
f 125/125 127/127 128/128
f 129/129 130/130 131/131
f 129/129 131/131 132/132
f 133/133 123/123 124/124
f 133/133 124/124 134/134
f 135/135 136/136 137/137
f 135/135 137/137 138/138
f 139/139 140/140 141/141
f 139/139 141/141 142/142
f 143/143 144/144 145/145
f 143/143 145/145 146/146
f 147/147 148/148 149/149
f 147/147 149/149 150/150
f 151/151 152/152 153/153
f 151/151 153/153 154/154
f 155/155 143/143 146/146
f 155/155 146/146 156/156
f 157/157 158/158 159/159
f 157/157 159/159 160/160
f 161/161 162/162 163/163
f 161/161 163/163 164/164
f 165/165 155/155 156/156
f 165/165 156/156 166/166
f 167/167 168/168 169/169
f 167/167 169/169 170/170
f 171/171 172/172 173/173
f 171/171 173/173 174/174

o Corridor_Wall_01_3
usemtl Corridor_Wall_02
v 36.76617187 -1.80305720 1.12560407
v 36.76452637 -1.80305720 1.13810147
v 36.76452637 -1.80874080 1.13810147
v 36.76617187 -1.80873927 1.12560407
v 36.75970459 -1.80305720 1.14974698
v 36.75970459 -1.80874080 1.14974698
v 36.75203125 -1.80305720 1.15974744
v 36.75203125 -1.80874080 1.15974744
v 36.75203125 -1.80305720 1.15974744
v 36.74202881 -1.80305720 1.16742093
v 36.74202881 -1.80874080 1.16742093
v 36.75203125 -1.80874080 1.15974744
v 36.73038330 -1.80305720 1.17224484
v 36.73038330 -1.80874080 1.17224484
v 36.71788574 -1.80305720 1.17389020
v 36.71788574 -1.80874080 1.17389020
v 36.70539062 -1.80305720 1.17224484
v 36.70539062 -1.80874080 1.17224484
v 36.69374512 -1.80305720 1.16742093
v 36.69374512 -1.80874080 1.16742093
v 36.68374268 -1.80305720 1.15974744
v 36.68374268 -1.80874080 1.15974744
v 36.68374268 -1.80305720 1.15974744
v 36.67606934 -1.80305720 1.14974698
v 36.67606934 -1.80874080 1.14974698
v 36.68374268 -1.80874080 1.15974744
v 36.67124512 -1.80305720 1.13810147
v 36.67124512 -1.80874080 1.13810147
v 36.66960205 -1.80305720 1.12560407
v 36.66960205 -1.80874080 1.12560407
v 36.67124512 -1.80305720 1.11310697
v 36.67124512 -1.80874080 1.11310697
v 36.67606934 -1.80305720 1.10146115
v 36.67606934 -1.80873927 1.10146115
v 36.68374268 -1.80305720 1.09146100
v 36.68374268 -1.80873927 1.09146100
v 36.68374268 -1.80305720 1.09146100
v 36.69374512 -1.80305721 1.08378720
v 36.69374512 -1.80873927 1.08378720
v 36.68374268 -1.80873927 1.09146100
v 36.70539062 -1.80305721 1.07896359
v 36.70539062 -1.80873927 1.07896359
v 36.71788574 -1.80305721 1.07731824
v 36.71788574 -1.80873927 1.07731824
v 36.73038330 -1.80305721 1.07896359
v 36.73038330 -1.80873927 1.07896359
v 36.74202881 -1.80305721 1.08378720
v 36.74202881 -1.80873927 1.08378720
v 36.75203125 -1.80305720 1.09146100
v 36.75203125 -1.80873927 1.09146100
v 36.75203125 -1.80305720 1.09146100
v 36.75970459 -1.80305720 1.10146115
v 36.75970459 -1.80873927 1.10146115
v 36.75203125 -1.80873927 1.09146100
v 36.76452637 -1.80305720 1.11310666
v 36.76452637 -1.80873927 1.11310666
v 36.73725098 -1.79410945 1.12560407
v 36.73659180 -1.79410945 1.13061612
v 36.76341553 -1.80156733 1.13780362
v 36.76502197 -1.80156734 1.12560407
v 36.73465576 -1.79410945 1.13528653
v 36.75870850 -1.80156733 1.14917203
v 36.73157959 -1.79410945 1.13929654
v 36.75121582 -1.80156733 1.15893430
v 36.72756836 -1.79410945 1.14237409
v 36.74145508 -1.80156733 1.16642468
v 36.72289795 -1.79410945 1.14430859
v 36.73008545 -1.80156733 1.17113339
v 36.71788574 -1.79410945 1.14496823
v 36.71788574 -1.80156733 1.17273969
v 36.71287598 -1.79410945 1.14430859
v 36.70568848 -1.80156733 1.17113339
v 36.70820557 -1.79410945 1.14237409
v 36.69431885 -1.80156733 1.16642468
v 36.70419434 -1.79410945 1.13929654
v 36.68455811 -1.80156733 1.15893430
v 36.70111816 -1.79410945 1.13528653
v 36.67706543 -1.80156733 1.14917203
v 36.69918213 -1.79410945 1.13061612
v 36.67235840 -1.80156733 1.13780362
v 36.69852295 -1.79410945 1.12560407
v 36.67075195 -1.80156734 1.12560407
v 36.69918213 -1.79410945 1.12059247
v 36.67235840 -1.80156734 1.11340482
v 36.70111816 -1.79410945 1.11592191
v 36.67706543 -1.80156734 1.10203641
v 36.70419434 -1.79410945 1.11191159
v 36.68455811 -1.80156734 1.09227429
v 36.70820557 -1.79410945 1.10883405
v 36.69431885 -1.80156734 1.08478375
v 36.71287598 -1.79410945 1.10689999
v 36.70568848 -1.80156734 1.08007504
v 36.71788574 -1.79410945 1.10623990
v 36.71788574 -1.80156734 1.07846875
v 36.72289795 -1.79410945 1.10689999
v 36.73008545 -1.80156734 1.08007504
v 36.72756836 -1.79410945 1.10883405
v 36.74145508 -1.80156734 1.08478375
v 36.73157959 -1.79410945 1.11191159
v 36.75121582 -1.80156734 1.09227429
v 36.73465576 -1.79410945 1.11592191
v 36.75870850 -1.80156734 1.10203641
v 36.73659180 -1.79410945 1.12059247
v 36.76341553 -1.80156734 1.11340436
v 36.76445801 -1.80252101 1.13808301
v 36.76610107 -1.80252101 1.12560407
v 36.76425049 -1.80209407 1.13802716
v 36.76588623 -1.80209407 1.12560407
v 36.75964111 -1.80252101 1.14971127
v 36.75945557 -1.80209407 1.14960355
v 36.75197998 -1.80252101 1.15969663
v 36.75182617 -1.80209407 1.15954389
v 36.74199463 -1.80252101 1.16735867
v 36.75197998 -1.80252101 1.15969663
v 36.74188721 -1.80209407 1.16717191
v 36.75182617 -1.80209407 1.15954389
v 36.73036621 -1.80252101 1.17217526
v 36.73031006 -1.80209407 1.17196698
v 36.71788574 -1.80252101 1.17381833
v 36.71788574 -1.80209407 1.17360257
v 36.70540771 -1.80252101 1.17217526
v 36.70546387 -1.80209407 1.17196698
v 36.69377930 -1.80252101 1.16735867
v 36.69388672 -1.80209407 1.16717191
v 36.68379395 -1.80252101 1.15969663
v 36.68394775 -1.80209407 1.15954389
v 36.67613281 -1.80252101 1.14971127
v 36.68379395 -1.80252101 1.15969663
v 36.67631836 -1.80209407 1.14960355
v 36.68394775 -1.80209407 1.15954389
v 36.67131592 -1.80252101 1.13808301
v 36.67152344 -1.80209407 1.13802716
v 36.66967285 -1.80252101 1.12560407
v 36.66988770 -1.80209407 1.12560407
v 36.67131592 -1.80252101 1.11312543
v 36.67152344 -1.80209407 1.11318128
v 36.67613281 -1.80252101 1.10149716
v 36.67631836 -1.80209407 1.10160504
v 36.68379395 -1.80252101 1.09151181
v 36.68394775 -1.80209407 1.09166425
v 36.69377930 -1.80252101 1.08384931
v 36.68379395 -1.80252101 1.09151181
v 36.69388672 -1.80209407 1.08403607
v 36.68394775 -1.80209407 1.09166425
v 36.70540771 -1.80252101 1.07903272
v 36.70546387 -1.80209407 1.07924146
v 36.71788574 -1.80252101 1.07739026
v 36.71788574 -1.80209407 1.07760587
v 36.73036621 -1.80252101 1.07903272
v 36.73031006 -1.80209407 1.07924146
v 36.74199463 -1.80252101 1.08384931
v 36.74188721 -1.80209407 1.08403607
v 36.75197998 -1.80252101 1.09151181
v 36.75182617 -1.80209407 1.09166425
v 36.75964111 -1.80252101 1.10149716
v 36.75197998 -1.80252101 1.09151181
v 36.75945557 -1.80209407 1.10160504
v 36.75182617 -1.80209407 1.09166425
v 36.76445801 -1.80252101 1.11312543
v 36.76425049 -1.80209407 1.11318128
v 36.76552490 -1.80177516 1.12560407
v 36.76390137 -1.80177516 1.13793378
v 36.76588623 -1.80209407 1.12560407
v 36.76425049 -1.80209407 1.13802716
v 36.75914307 -1.80177516 1.14942365
v 36.75945557 -1.80209407 1.14960355
v 36.75157227 -1.80177516 1.15928983
v 36.75182617 -1.80209407 1.15954389
v 36.74170654 -1.80177516 1.16686047
v 36.74188721 -1.80209407 1.16717191
v 36.73021729 -1.80177516 1.17161969
v 36.73031006 -1.80209407 1.17196698
v 36.71788574 -1.80177516 1.17324307
v 36.71788574 -1.80209407 1.17360257
v 36.70555664 -1.80177516 1.17161969
v 36.70546387 -1.80209407 1.17196698
v 36.69406738 -1.80177516 1.16686078
v 36.69388672 -1.80209407 1.16717191
v 36.68420166 -1.80177516 1.15928983
v 36.68394775 -1.80209407 1.15954389
v 36.67663086 -1.80177516 1.14942365
v 36.67631836 -1.80209407 1.14960355
v 36.67187012 -1.80177516 1.13793378
v 36.67152344 -1.80209407 1.13802716
v 36.67024902 -1.80177516 1.12560407
v 36.66988770 -1.80209407 1.12560407
v 36.67187012 -1.80177516 1.11327420
v 36.67152344 -1.80209407 1.11318128
v 36.67663086 -1.80177516 1.10178479
v 36.67631836 -1.80209407 1.10160504
v 36.68420166 -1.80177516 1.09191861
v 36.68394775 -1.80209407 1.09166425
v 36.69406738 -1.80177516 1.08434766
v 36.69388672 -1.80209407 1.08403607
v 36.70555664 -1.80177516 1.07958844
v 36.70546387 -1.80209407 1.07924146
v 36.71788574 -1.80177516 1.07796552
v 36.71788574 -1.80209407 1.07760587
v 36.73021729 -1.80177516 1.07958844
v 36.73031006 -1.80209407 1.07924146
v 36.74170654 -1.80177516 1.08434766
v 36.74188721 -1.80209407 1.08403607
v 36.75157227 -1.80177516 1.09191815
v 36.75182617 -1.80209407 1.09166425
v 36.75914307 -1.80177516 1.10178479
v 36.75945557 -1.80209407 1.10160504
v 36.76390137 -1.80177516 1.11327420
v 36.76425049 -1.80209407 1.11318128
v 36.73725098 -1.79543178 1.12560407
v 36.73725098 -1.79410945 1.12560407
v 36.73659180 -1.79410945 1.12059247
v 36.73659180 -1.79543178 1.12059247
v 36.73659180 -1.79543178 1.13061612
v 36.73659180 -1.79410945 1.13061612
v 36.73465576 -1.79543178 1.13528653
v 36.73465576 -1.79410945 1.13528653
v 36.73157959 -1.79543178 1.13929654
v 36.73157959 -1.79410945 1.13929654
v 36.72756836 -1.79543178 1.14237409
v 36.72756836 -1.79410945 1.14237409
v 36.73157959 -1.79410945 1.13929654
v 36.73157959 -1.79543178 1.13929654
v 36.72289795 -1.79543178 1.14430859
v 36.72289795 -1.79410945 1.14430859
v 36.71788574 -1.79543178 1.14496823
v 36.71788574 -1.79410945 1.14496823
v 36.71287598 -1.79543178 1.14430859
v 36.71287598 -1.79410945 1.14430859
v 36.70820557 -1.79543178 1.14237409
v 36.70820557 -1.79410945 1.14237409
v 36.70419434 -1.79543178 1.13929654
v 36.70419434 -1.79410945 1.13929654
v 36.70111816 -1.79543178 1.13528653
v 36.70111816 -1.79410945 1.13528653
v 36.70419434 -1.79410945 1.13929654
v 36.70419434 -1.79543178 1.13929654
v 36.69918213 -1.79543178 1.13061612
v 36.69918213 -1.79410945 1.13061612
v 36.69852295 -1.79543178 1.12560407
v 36.69852295 -1.79410945 1.12560407
v 36.69918213 -1.79543178 1.12059247
v 36.69918213 -1.79410945 1.12059247
v 36.70111816 -1.79543178 1.11592191
v 36.70111816 -1.79410945 1.11592191
v 36.70419434 -1.79543178 1.11191159
v 36.70419434 -1.79410945 1.11191159
v 36.70820557 -1.79543178 1.10883405
v 36.70820557 -1.79410945 1.10883405
v 36.70419434 -1.79410945 1.11191159
v 36.70419434 -1.79543178 1.11191159
v 36.71287598 -1.79543178 1.10689999
v 36.71287598 -1.79410945 1.10689999
v 36.71788574 -1.79543178 1.10623990
v 36.71788574 -1.79410945 1.10623990
v 36.72289795 -1.79543178 1.10689999
v 36.72289795 -1.79410945 1.10689999
v 36.72756836 -1.79543178 1.10883405
v 36.72756836 -1.79410945 1.10883405
v 36.73157959 -1.79543178 1.11191159
v 36.73157959 -1.79410945 1.11191159
v 36.73465576 -1.79543178 1.11592191
v 36.73465576 -1.79410945 1.11592191
v 36.73157959 -1.79410945 1.11191159
v 36.73157959 -1.79543178 1.11191159
v 36.73201172 -1.79545527 1.12560407
v 36.73725098 -1.79543178 1.12560407
v 36.73659180 -1.79543178 1.12059247
v 36.73152832 -1.79545527 1.12194852
v 36.73152832 -1.79545527 1.12925961
v 36.73659180 -1.79543178 1.13061612
v 36.73011719 -1.79545527 1.13266614
v 36.73465576 -1.79543178 1.13528653
v 36.72787354 -1.79545527 1.13559140
v 36.73157959 -1.79543178 1.13929654
v 36.72494873 -1.79545527 1.13783566
v 36.72756836 -1.79543178 1.14237409
v 36.72154297 -1.79545527 1.13924649
v 36.72289795 -1.79543178 1.14430859
v 36.71788574 -1.79545527 1.13972791
v 36.71788574 -1.79543178 1.14496823
v 36.71423096 -1.79545527 1.13924649
v 36.71287598 -1.79543178 1.14430859
v 36.71082520 -1.79545527 1.13783566
v 36.70820557 -1.79543178 1.14237409
v 36.70790039 -1.79545527 1.13559140
v 36.70419434 -1.79543178 1.13929654
v 36.70565430 -1.79545527 1.13266614
v 36.70111816 -1.79543178 1.13528653
v 36.70424561 -1.79545527 1.12925961
v 36.69918213 -1.79543178 1.13061612
v 36.70376221 -1.79545527 1.12560407
v 36.69852295 -1.79543178 1.12560407
v 36.70424561 -1.79545527 1.12194852
v 36.69918213 -1.79543178 1.12059247
v 36.70565430 -1.79545527 1.11854230
v 36.70111816 -1.79543178 1.11592191
v 36.70790039 -1.79545528 1.11561719
v 36.70419434 -1.79543178 1.11191159
v 36.71082520 -1.79545528 1.11337277
v 36.70820557 -1.79543178 1.10883405
v 36.71423096 -1.79545528 1.11196164
v 36.71287598 -1.79543178 1.10689999
v 36.71788574 -1.79545528 1.11148053
v 36.71788574 -1.79543178 1.10623990
v 36.72154297 -1.79545528 1.11196164
v 36.72289795 -1.79543178 1.10689999
v 36.72494873 -1.79545528 1.11337277
v 36.72756836 -1.79543178 1.10883405
v 36.72787354 -1.79545528 1.11561719
v 36.73157959 -1.79543178 1.11191159
v 36.73011719 -1.79545527 1.11854230
v 36.73465576 -1.79543178 1.11592191
v 36.73201172 -1.76853389 1.12560406
v 36.73201172 -1.79545527 1.12560407
v 36.73152832 -1.79545527 1.12194852
v 36.73152832 -1.76853389 1.12194852
v 36.73152832 -1.76853389 1.12925961
v 36.73152832 -1.79545527 1.12925961
v 36.73011719 -1.76853389 1.13266614
v 36.73011719 -1.79545527 1.13266614
v 36.72787354 -1.76853389 1.13559140
v 36.72787354 -1.79545527 1.13559140
v 36.72494873 -1.76853389 1.13783566
v 36.72494873 -1.79545527 1.13783566
v 36.72787354 -1.79545527 1.13559140
v 36.72787354 -1.76853389 1.13559140
v 36.72154297 -1.76853389 1.13924649
v 36.72154297 -1.79545527 1.13924649
v 36.71788574 -1.76853389 1.13972791
v 36.71788574 -1.79545527 1.13972791
v 36.71423096 -1.76853389 1.13924649
v 36.71423096 -1.79545527 1.13924649
v 36.71082520 -1.76853389 1.13783566
v 36.71082520 -1.79545527 1.13783566
v 36.70790039 -1.76853389 1.13559140
v 36.70790039 -1.79545527 1.13559140
v 36.70565430 -1.76853389 1.13266614
v 36.70565430 -1.79545527 1.13266614
v 36.70790039 -1.79545527 1.13559140
v 36.70790039 -1.76853389 1.13559140
v 36.70424561 -1.76853389 1.12925961
v 36.70424561 -1.79545527 1.12925961
v 36.70376221 -1.76853389 1.12560406
v 36.70376221 -1.79545527 1.12560407
v 36.70424561 -1.76853389 1.12194852
v 36.70424561 -1.79545527 1.12194852
v 36.70565430 -1.76853389 1.11854230
v 36.70565430 -1.79545527 1.11854230
v 36.70790039 -1.76853389 1.11561719
v 36.70790039 -1.79545528 1.11561719
v 36.71082520 -1.76853389 1.11337277
v 36.71082520 -1.79545528 1.11337277
v 36.70790039 -1.79545528 1.11561719
v 36.70790039 -1.76853389 1.11561719
v 36.71423096 -1.76853389 1.11196164
v 36.71423096 -1.79545528 1.11196164
v 36.71788574 -1.76853389 1.11148053
v 36.71788574 -1.79545528 1.11148053
v 36.72154297 -1.76853389 1.11196164
v 36.72154297 -1.79545528 1.11196164
v 36.72494873 -1.76853389 1.11337277
v 36.72494873 -1.79545528 1.11337277
v 36.72787354 -1.76853389 1.11561719
v 36.72787354 -1.79545528 1.11561719
v 36.73011719 -1.76853389 1.11854230
v 36.73011719 -1.79545527 1.11854230
v 36.72787354 -1.79545528 1.11561719
v 36.72787354 -1.76853389 1.11561719
v 36.71788574 -1.69789119 1.11668667
v 36.71668457 -1.69789119 1.11835736
v 36.71908936 -1.69789119 1.11835736
v 36.71788574 -1.69954341 1.11504818
v 36.71788574 -1.69877132 1.11504818
v 36.71041504 -1.69877132 1.11813977
v 36.71041504 -1.69954341 1.11813977
v 36.72535889 -1.69954341 1.11813977
v 36.72535889 -1.69877132 1.11813977
v 36.72845459 -1.69954494 1.12560437
v 36.72845459 -1.69877284 1.12560437
v 36.72535889 -1.69877132 1.11813977
v 36.72535889 -1.69954341 1.11813977
v 36.72535889 -1.69954493 1.13307034
v 36.72535889 -1.69877284 1.13307034
v 36.72845459 -1.69877284 1.12560437
v 36.72845459 -1.69954494 1.12560437
v 36.71788818 -1.69954493 1.13616299
v 36.71788818 -1.69877284 1.13616299
v 36.72535889 -1.69877284 1.13307034
v 36.72535889 -1.69954493 1.13307034
v 36.71041504 -1.69954493 1.13307034
v 36.71041504 -1.69877284 1.13307034
v 36.70731934 -1.69954341 1.12560437
v 36.70731934 -1.69877131 1.12560437
v 36.71041504 -1.69877284 1.13307034
v 36.71041504 -1.69954493 1.13307034
v 36.71041504 -1.69954341 1.11813977
v 36.71041504 -1.69877132 1.11813977
v 36.70731934 -1.69877131 1.12560437
v 36.70731934 -1.69954341 1.12560437
v 36.71788574 -1.69954341 1.11668667
v 36.71788574 -1.69954341 1.11504818
v 36.71041504 -1.69954341 1.11813977
v 36.71157471 -1.69954341 1.11929852
v 36.72419922 -1.69954341 1.11929852
v 36.72535889 -1.69954341 1.11813977
v 36.72681396 -1.69954494 1.12560437
v 36.72845459 -1.69954494 1.12560437
v 36.72419922 -1.69954494 1.13191159
v 36.72535889 -1.69954493 1.13307034
v 36.71788818 -1.69954493 1.13452328
v 36.71788818 -1.69954493 1.13616299
v 36.71157471 -1.69954494 1.13191159
v 36.71041504 -1.69954493 1.13307034
v 36.70895996 -1.69954341 1.12560437
v 36.70731934 -1.69954341 1.12560437
v 36.71788574 -1.69789119 1.11668667
v 36.71788574 -1.69954341 1.11668667
v 36.71157471 -1.69954341 1.11929852
v 36.71157471 -1.69789119 1.11929852
v 36.72419922 -1.69789119 1.11929852
v 36.72419922 -1.69954341 1.11929852
v 36.72681396 -1.69789271 1.12560437
v 36.72681396 -1.69954494 1.12560437
v 36.72419922 -1.69954341 1.11929852
v 36.72419922 -1.69789119 1.11929852
v 36.72419922 -1.69789271 1.13191159
v 36.72419922 -1.69954494 1.13191159
v 36.72681396 -1.69954494 1.12560437
v 36.72681396 -1.69789271 1.12560437
v 36.71788818 -1.69789271 1.13452328
v 36.71788818 -1.69954493 1.13452328
v 36.72419922 -1.69954494 1.13191159
v 36.72419922 -1.69789271 1.13191159
v 36.71157471 -1.69789271 1.13191159
v 36.71157471 -1.69954494 1.13191159
v 36.70895996 -1.69789119 1.12560437
v 36.70895996 -1.69954341 1.12560437
v 36.71157471 -1.69954494 1.13191159
v 36.71157471 -1.69789271 1.13191159
v 36.71157471 -1.69789119 1.11929852
v 36.71157471 -1.69954341 1.11929852
v 36.70895996 -1.69954341 1.12560437
v 36.70895996 -1.69789119 1.12560437
v 36.71157471 -1.69789119 1.11929852
v 36.72419922 -1.69789119 1.11929852
v 36.72681396 -1.69789271 1.12560437
v 36.71908936 -1.69789119 1.13285458
v 36.72419922 -1.69789271 1.13191159
v 36.71788818 -1.69789271 1.13452328
v 36.71668457 -1.69789119 1.13285458
v 36.71157471 -1.69789271 1.13191159
v 36.70895996 -1.69789119 1.12560437
v 36.71668457 -1.70315425 1.11835736
v 36.71668457 -1.70315608 1.13285458
v 36.71908936 -1.70315608 1.13285458
v 36.71908936 -1.70315425 1.11835736
v 36.71908936 -1.70315608 1.13285458
v 36.71908936 -1.69789119 1.13285458
v 36.71908936 -1.69789119 1.11835736
v 36.71908936 -1.70315425 1.11835736
v 36.71668457 -1.70315608 1.13285458
v 36.71668457 -1.69789119 1.13285458
v 36.71908936 -1.69789119 1.13285458
v 36.71908936 -1.70315608 1.13285458
v 36.71668457 -1.70315425 1.11835736
v 36.71668457 -1.69789119 1.11835736
v 36.71668457 -1.69789119 1.13285458
v 36.71668457 -1.70315608 1.13285458
v 36.71908936 -1.70315425 1.11835736
v 36.71908936 -1.69789119 1.11835736
v 36.71668457 -1.69789119 1.11835736
v 36.71668457 -1.70315425 1.11835736
v 36.69058350 -1.75911861 1.09816159
v 36.70168945 -1.76306880 1.09332822
v 36.70038818 -1.77033290 1.10801602
v 36.68577393 -1.76306880 1.10932568
v 36.69908447 -1.77278102 1.12560406
v 36.68339844 -1.76501979 1.12560406
v 36.71788574 -1.77538051 1.12560406
v 36.71788574 -1.77278102 1.10670651
v 36.71788574 -1.76501826 1.09094281
v 36.70038818 -1.77033290 1.14319196
v 36.68577393 -1.76306880 1.14188245
v 36.70168945 -1.76306880 1.15788022
v 36.69058350 -1.75911860 1.15304684
v 36.71788574 -1.76501979 1.16026562
v 36.71788574 -1.77278102 1.14450192
v 36.74519043 -1.75911860 1.15304684
v 36.73408447 -1.76306880 1.15788022
v 36.73538574 -1.77033290 1.14319196
v 36.75000000 -1.76306880 1.14188245
v 36.73668945 -1.77278102 1.12560406
v 36.75237305 -1.76501979 1.12560406
v 36.73538574 -1.77033290 1.10801602
v 36.75000000 -1.76306880 1.10932568
v 36.73408447 -1.76306880 1.09332822
v 36.74519043 -1.75911861 1.09816159
v 36.69058350 -1.71425777 1.09816205
v 36.68577393 -1.71030604 1.10932568
v 36.70038818 -1.70304195 1.10801602
v 36.70168945 -1.71030605 1.09332821
v 36.71788574 -1.70059535 1.10670651
v 36.71788574 -1.70835689 1.09094281
v 36.71041504 -1.69877132 1.11813977
v 36.71788574 -1.69877132 1.11504818
v 36.69908447 -1.70059535 1.12560406
v 36.68339844 -1.70835658 1.12560406
v 36.73538574 -1.70304195 1.10801602
v 36.73408447 -1.71030605 1.09332821
v 36.75000000 -1.71030604 1.10932568
v 36.74519043 -1.71425777 1.09816205
v 36.75237305 -1.70835658 1.12560406
v 36.73668945 -1.70059535 1.12560406
v 36.72535889 -1.69877132 1.11813977
v 36.72845459 -1.69877284 1.12560437
v 36.74519043 -1.71425776 1.15304684
v 36.75000000 -1.71030604 1.14188244
v 36.73538574 -1.70304194 1.14319195
v 36.73408447 -1.71030604 1.15788022
v 36.71788574 -1.70059535 1.14450192
v 36.71788574 -1.70835688 1.16026562
v 36.72535889 -1.69877284 1.13307034
v 36.71788818 -1.69877284 1.13616299
v 36.70038818 -1.70304194 1.14319195
v 36.70168945 -1.71030604 1.15788022
v 36.68577393 -1.71030604 1.14188244
v 36.69058350 -1.71425776 1.15304684
v 36.71041504 -1.69877284 1.13307034
v 36.70731934 -1.69877131 1.12560437
v 36.69058350 -1.75911861 1.09816159
v 36.68577393 -1.74999263 1.09332822
v 36.70038818 -1.75106349 1.08444058
v 36.70168945 -1.76306880 1.09332822
v 36.70168945 -1.76306880 1.09332822
v 36.70038818 -1.75106349 1.08444058
v 36.71788574 -1.75213435 1.08144711
v 36.71788574 -1.76501826 1.09094281
v 36.71788574 -1.73668819 1.07826596
v 36.69908447 -1.73668819 1.08144711
v 36.68577393 -1.74999263 1.09332822
v 36.68339844 -1.73668819 1.09094281
v 36.73538574 -1.75106349 1.08444058
v 36.73408447 -1.76306880 1.09332822
v 36.73408447 -1.76306880 1.09332822
v 36.73538574 -1.75106349 1.08444058
v 36.75000000 -1.74999263 1.09332822
v 36.74519043 -1.75911861 1.09816159
v 36.75237305 -1.73668819 1.09094281
v 36.75000000 -1.74999263 1.09332822
v 36.73668945 -1.73668819 1.08144711
v 36.74519043 -1.71425777 1.09816205
v 36.75000000 -1.72338222 1.09332821
v 36.73538574 -1.72231136 1.08444058
v 36.73408447 -1.71030605 1.09332821
v 36.73408447 -1.71030605 1.09332821
v 36.73538574 -1.72231136 1.08444058
v 36.71788574 -1.72124080 1.08144711
v 36.71788574 -1.70835689 1.09094281
v 36.75000000 -1.72338222 1.09332821
v 36.70038818 -1.72231136 1.08444058
v 36.70168945 -1.71030605 1.09332821
v 36.70168945 -1.71030605 1.09332821
v 36.70038818 -1.72231136 1.08444058
v 36.68577393 -1.72338222 1.09332821
v 36.69058350 -1.71425777 1.09816205
v 36.68577393 -1.72338222 1.09332821
v 36.75884277 -1.75106349 1.10801602
v 36.75000000 -1.76306880 1.10932568
v 36.75000000 -1.76306880 1.10932568
v 36.75884277 -1.75106349 1.10801602
v 36.76182129 -1.75213435 1.12560406
v 36.75237305 -1.76501979 1.12560406
v 36.76498779 -1.73668818 1.12560406
v 36.76182129 -1.73668819 1.10670651
v 36.75000000 -1.74999263 1.09332822
v 36.75237305 -1.73668819 1.09094281
v 36.75884277 -1.75106349 1.14319195
v 36.75000000 -1.76306880 1.14188245
v 36.75000000 -1.76306880 1.14188245
v 36.75884277 -1.75106349 1.14319195
v 36.75000000 -1.74999263 1.15788022
v 36.74519043 -1.75911860 1.15304684
v 36.75237305 -1.73668818 1.16026562
v 36.75000000 -1.74999263 1.15788022
v 36.76182129 -1.73668818 1.14450192
v 36.74519043 -1.71425776 1.15304684
v 36.75000000 -1.72338221 1.15788022
v 36.75884277 -1.72231135 1.14319195
v 36.75000000 -1.71030604 1.14188244
v 36.75000000 -1.71030604 1.14188244
v 36.75884277 -1.72231135 1.14319195
v 36.76182129 -1.72124080 1.12560406
v 36.75237305 -1.70835658 1.12560406
v 36.75000000 -1.72338221 1.15788022
v 36.75884277 -1.72231135 1.10801602
v 36.75000000 -1.71030604 1.10932568
v 36.75000000 -1.71030604 1.10932568
v 36.75884277 -1.72231135 1.10801602
v 36.75000000 -1.72338222 1.09332821
v 36.73538574 -1.75106349 1.16676785
v 36.73408447 -1.76306880 1.15788022
v 36.73408447 -1.76306880 1.15788022
v 36.73538574 -1.75106349 1.16676785
v 36.71788574 -1.75213435 1.16976178
v 36.71788574 -1.76501979 1.16026562
v 36.71788574 -1.73668818 1.17294201
v 36.73668945 -1.73668818 1.16976178
v 36.75000000 -1.74999263 1.15788022
v 36.75237305 -1.73668818 1.16026562
v 36.70038818 -1.75106349 1.16676785
v 36.70168945 -1.76306880 1.15788022
v 36.70168945 -1.76306880 1.15788022
v 36.70038818 -1.75106349 1.16676785
v 36.68577393 -1.74999263 1.15788022
v 36.69058350 -1.75911860 1.15304684
v 36.68339844 -1.73668818 1.16026562
v 36.68577393 -1.74999263 1.15788022
v 36.69908447 -1.73668818 1.16976178
v 36.69058350 -1.71425776 1.15304684
v 36.68577393 -1.72338221 1.15788022
v 36.70038818 -1.72231135 1.16676785
v 36.70168945 -1.71030604 1.15788022
v 36.70168945 -1.71030604 1.15788022
v 36.70038818 -1.72231135 1.16676785
v 36.71788574 -1.72124080 1.16976178
v 36.71788574 -1.70835688 1.16026562
v 36.68577393 -1.72338221 1.15788022
v 36.73538574 -1.72231135 1.16676785
v 36.73408447 -1.71030604 1.15788022
v 36.73408447 -1.71030604 1.15788022
v 36.73538574 -1.72231135 1.16676785
v 36.75000000 -1.72338221 1.15788022
v 36.67693115 -1.75106349 1.14319195
v 36.68577393 -1.76306880 1.14188245
v 36.68577393 -1.76306880 1.14188245
v 36.67693115 -1.75106349 1.14319195
v 36.67395264 -1.75213435 1.12560406
v 36.68339844 -1.76501979 1.12560406
v 36.67078613 -1.73668818 1.12560406
v 36.67395264 -1.73668818 1.14450192
v 36.68577393 -1.74999263 1.15788022
v 36.68339844 -1.73668818 1.16026562
v 36.67693115 -1.75106349 1.10801602
v 36.68577393 -1.76306880 1.10932568
v 36.68577393 -1.76306880 1.10932568
v 36.67693115 -1.75106349 1.10801602
v 36.68339844 -1.73668819 1.09094281
v 36.68577393 -1.74999263 1.09332822
v 36.67395264 -1.73668819 1.10670651
v 36.67693115 -1.72231135 1.10801602
v 36.68577393 -1.71030604 1.10932568
v 36.68577393 -1.71030604 1.10932568
v 36.67693115 -1.72231135 1.10801602
v 36.67395264 -1.72124049 1.12560406
v 36.68339844 -1.70835658 1.12560406
v 36.68577393 -1.72338222 1.09332821
v 36.67693115 -1.72231135 1.14319195
v 36.68577393 -1.71030604 1.14188244
v 36.68577393 -1.71030604 1.14188244
v 36.67693115 -1.72231135 1.14319195
v 36.68577393 -1.72338221 1.15788022
v 28.59745117 -1.80305720 1.12560407
v 28.59580566 -1.80305720 1.13810147
v 28.59580566 -1.80874080 1.13810147
v 28.59745117 -1.80873927 1.12560407
v 28.59098389 -1.80305720 1.14974698
v 28.59098389 -1.80874080 1.14974698
v 28.58331055 -1.80305720 1.15974744
v 28.58331055 -1.80874080 1.15974744
v 28.58331055 -1.80305720 1.15974744
v 28.57330811 -1.80305720 1.16742093
v 28.57330811 -1.80874080 1.16742093
v 28.58331055 -1.80874080 1.15974744
v 28.56166260 -1.80305720 1.17224484
v 28.56166260 -1.80874080 1.17224484
v 28.54916504 -1.80305720 1.17389020
v 28.54916504 -1.80874080 1.17389020
v 28.53666992 -1.80305720 1.17224484
v 28.53666992 -1.80874080 1.17224484
v 28.52502441 -1.80305720 1.16742093
v 28.52502441 -1.80874080 1.16742093
v 28.51502197 -1.80305720 1.15974744
v 28.51502197 -1.80874080 1.15974744
v 28.51502197 -1.80305720 1.15974744
v 28.50734863 -1.80305720 1.14974698
v 28.50734863 -1.80874080 1.14974698
v 28.51502197 -1.80874080 1.15974744
v 28.50252441 -1.80305720 1.13810147
v 28.50252441 -1.80874080 1.13810147
v 28.50088135 -1.80305720 1.12560407
v 28.50088135 -1.80874080 1.12560407
v 28.50252441 -1.80305720 1.11310697
v 28.50252441 -1.80874080 1.11310697
v 28.50734863 -1.80305720 1.10146115
v 28.50734863 -1.80873927 1.10146115
v 28.51502197 -1.80305720 1.09146100
v 28.51502197 -1.80873927 1.09146100
v 28.51502197 -1.80305720 1.09146100
v 28.52502441 -1.80305721 1.08378720
v 28.52502441 -1.80873927 1.08378720
v 28.51502197 -1.80873927 1.09146100
v 28.53666992 -1.80305721 1.07896359
v 28.53666992 -1.80873927 1.07896359
v 28.54916504 -1.80305721 1.07731824
v 28.54916504 -1.80873927 1.07731824
v 28.56166260 -1.80305721 1.07896359
v 28.56166260 -1.80873927 1.07896359
v 28.57330811 -1.80305721 1.08378720
v 28.57330811 -1.80873927 1.08378720
v 28.58331055 -1.80305720 1.09146100
v 28.58331055 -1.80873927 1.09146100
v 28.58331055 -1.80305720 1.09146100
v 28.59098389 -1.80305720 1.10146115
v 28.59098389 -1.80873927 1.10146115
v 28.58331055 -1.80873927 1.09146100
v 28.59580566 -1.80305720 1.11310666
v 28.59580566 -1.80873927 1.11310666
v 28.56853027 -1.79410945 1.12560407
v 28.56787109 -1.79410945 1.13061612
v 28.59469482 -1.80156733 1.13780362
v 28.59630127 -1.80156734 1.12560407
v 28.56593506 -1.79410945 1.13528653
v 28.58998779 -1.80156733 1.14917203
v 28.56285889 -1.79410945 1.13929654
v 28.58249512 -1.80156733 1.15893430
v 28.55884766 -1.79410945 1.14237409
v 28.57273438 -1.80156733 1.16642468
v 28.55417725 -1.79410945 1.14430859
v 28.56136475 -1.80156733 1.17113339
v 28.54916504 -1.79410945 1.14496823
v 28.54916504 -1.80156733 1.17273969
v 28.54415527 -1.79410945 1.14430859
v 28.53696777 -1.80156733 1.17113339
v 28.53948486 -1.79410945 1.14237409
v 28.52559814 -1.80156733 1.16642468
v 28.53547363 -1.79410945 1.13929654
v 28.51583740 -1.80156733 1.15893430
v 28.53239746 -1.79410945 1.13528653
v 28.50834473 -1.80156733 1.14917203
v 28.53046143 -1.79410945 1.13061612
v 28.50363770 -1.80156733 1.13780362
v 28.52980225 -1.79410945 1.12560407
v 28.50203125 -1.80156734 1.12560407
v 28.53046143 -1.79410945 1.12059247
v 28.50363770 -1.80156734 1.11340482
v 28.53239746 -1.79410945 1.11592191
v 28.50834473 -1.80156734 1.10203641
v 28.53547363 -1.79410945 1.11191159
v 28.51583740 -1.80156734 1.09227429
v 28.53948486 -1.79410945 1.10883405
v 28.52559814 -1.80156734 1.08478375
v 28.54415527 -1.79410945 1.10689999
v 28.53696777 -1.80156734 1.08007504
v 28.54916504 -1.79410945 1.10623990
v 28.54916504 -1.80156734 1.07846875
v 28.55417725 -1.79410945 1.10689999
v 28.56136475 -1.80156734 1.08007504
v 28.55884766 -1.79410945 1.10883405
v 28.57273438 -1.80156734 1.08478375
v 28.56285889 -1.79410945 1.11191159
v 28.58249512 -1.80156734 1.09227429
v 28.56593506 -1.79410945 1.11592191
v 28.58998779 -1.80156734 1.10203641
v 28.56787109 -1.79410945 1.12059247
v 28.59469482 -1.80156734 1.11340436
v 28.59573730 -1.80252101 1.13808301
v 28.59738037 -1.80252101 1.12560407
v 28.59552979 -1.80209407 1.13802716
v 28.59716553 -1.80209407 1.12560407
v 28.59092041 -1.80252101 1.14971127
v 28.59073486 -1.80209407 1.14960355
v 28.58325928 -1.80252101 1.15969663
v 28.58310547 -1.80209407 1.15954389
v 28.57327393 -1.80252101 1.16735867
v 28.58325928 -1.80252101 1.15969663
v 28.57316650 -1.80209407 1.16717191
v 28.58310547 -1.80209407 1.15954389
v 28.56164551 -1.80252101 1.17217526
v 28.56158936 -1.80209407 1.17196698
v 28.54916504 -1.80252101 1.17381833
v 28.54916504 -1.80209407 1.17360257
v 28.53668701 -1.80252101 1.17217526
v 28.53674316 -1.80209407 1.17196698
v 28.52505859 -1.80252101 1.16735867
v 28.52516602 -1.80209407 1.16717191
v 28.51507324 -1.80252101 1.15969663
v 28.51522705 -1.80209407 1.15954389
v 28.50741211 -1.80252101 1.14971127
v 28.51507324 -1.80252101 1.15969663
v 28.50759766 -1.80209407 1.14960355
v 28.51522705 -1.80209407 1.15954389
v 28.50259521 -1.80252101 1.13808301
v 28.50280273 -1.80209407 1.13802716
v 28.50095215 -1.80252101 1.12560407
v 28.50116699 -1.80209407 1.12560407
v 28.50259521 -1.80252101 1.11312543
v 28.50280273 -1.80209407 1.11318128
v 28.50741211 -1.80252101 1.10149716
v 28.50759766 -1.80209407 1.10160504
v 28.51507324 -1.80252101 1.09151181
v 28.51522705 -1.80209407 1.09166425
v 28.52505859 -1.80252101 1.08384931
v 28.51507324 -1.80252101 1.09151181
v 28.52516602 -1.80209407 1.08403607
v 28.51522705 -1.80209407 1.09166425
v 28.53668701 -1.80252101 1.07903272
v 28.53674316 -1.80209407 1.07924146
v 28.54916504 -1.80252101 1.07739026
v 28.54916504 -1.80209407 1.07760587
v 28.56164551 -1.80252101 1.07903272
v 28.56158936 -1.80209407 1.07924146
v 28.57327393 -1.80252101 1.08384931
v 28.57316650 -1.80209407 1.08403607
v 28.58325928 -1.80252101 1.09151181
v 28.58310547 -1.80209407 1.09166425
v 28.59092041 -1.80252101 1.10149716
v 28.58325928 -1.80252101 1.09151181
v 28.59073486 -1.80209407 1.10160504
v 28.58310547 -1.80209407 1.09166425
v 28.59573730 -1.80252101 1.11312543
v 28.59552979 -1.80209407 1.11318128
v 28.59680420 -1.80177516 1.12560407
v 28.59518066 -1.80177516 1.13793378
v 28.59716553 -1.80209407 1.12560407
v 28.59552979 -1.80209407 1.13802716
v 28.59042236 -1.80177516 1.14942365
v 28.59073486 -1.80209407 1.14960355
v 28.58285156 -1.80177516 1.15928983
v 28.58310547 -1.80209407 1.15954389
v 28.57298584 -1.80177516 1.16686047
v 28.57316650 -1.80209407 1.16717191
v 28.56149658 -1.80177516 1.17161969
v 28.56158936 -1.80209407 1.17196698
v 28.54916504 -1.80177516 1.17324307
v 28.54916504 -1.80209407 1.17360257
v 28.53683594 -1.80177516 1.17161969
v 28.53674316 -1.80209407 1.17196698
v 28.52534668 -1.80177516 1.16686078
v 28.52516602 -1.80209407 1.16717191
v 28.51548096 -1.80177516 1.15928983
v 28.51522705 -1.80209407 1.15954389
v 28.50791016 -1.80177516 1.14942365
v 28.50759766 -1.80209407 1.14960355
v 28.50314941 -1.80177516 1.13793378
v 28.50280273 -1.80209407 1.13802716
v 28.50152832 -1.80177516 1.12560407
v 28.50116699 -1.80209407 1.12560407
v 28.50314941 -1.80177516 1.11327420
v 28.50280273 -1.80209407 1.11318128
v 28.50791016 -1.80177516 1.10178479
v 28.50759766 -1.80209407 1.10160504
v 28.51548096 -1.80177516 1.09191861
v 28.51522705 -1.80209407 1.09166425
v 28.52534668 -1.80177516 1.08434766
v 28.52516602 -1.80209407 1.08403607
v 28.53683594 -1.80177516 1.07958844
v 28.53674316 -1.80209407 1.07924146
v 28.54916504 -1.80177516 1.07796552
v 28.54916504 -1.80209407 1.07760587
v 28.56149658 -1.80177516 1.07958844
v 28.56158936 -1.80209407 1.07924146
v 28.57298584 -1.80177516 1.08434766
v 28.57316650 -1.80209407 1.08403607
v 28.58285156 -1.80177516 1.09191815
v 28.58310547 -1.80209407 1.09166425
v 28.59042236 -1.80177516 1.10178479
v 28.59073486 -1.80209407 1.10160504
v 28.59518066 -1.80177516 1.11327420
v 28.59552979 -1.80209407 1.11318128
v 28.56853027 -1.79543178 1.12560407
v 28.56853027 -1.79410945 1.12560407
v 28.56787109 -1.79410945 1.12059247
v 28.56787109 -1.79543178 1.12059247
v 28.56787109 -1.79543178 1.13061612
v 28.56787109 -1.79410945 1.13061612
v 28.56593506 -1.79543178 1.13528653
v 28.56593506 -1.79410945 1.13528653
v 28.56285889 -1.79543178 1.13929654
v 28.56285889 -1.79410945 1.13929654
v 28.55884766 -1.79543178 1.14237409
v 28.55884766 -1.79410945 1.14237409
v 28.56285889 -1.79410945 1.13929654
v 28.56285889 -1.79543178 1.13929654
v 28.55417725 -1.79543178 1.14430859
v 28.55417725 -1.79410945 1.14430859
v 28.54916504 -1.79543178 1.14496823
v 28.54916504 -1.79410945 1.14496823
v 28.54415527 -1.79543178 1.14430859
v 28.54415527 -1.79410945 1.14430859
v 28.53948486 -1.79543178 1.14237409
v 28.53948486 -1.79410945 1.14237409
v 28.53547363 -1.79543178 1.13929654
v 28.53547363 -1.79410945 1.13929654
v 28.53239746 -1.79543178 1.13528653
v 28.53239746 -1.79410945 1.13528653
v 28.53547363 -1.79410945 1.13929654
v 28.53547363 -1.79543178 1.13929654
v 28.53046143 -1.79543178 1.13061612
v 28.53046143 -1.79410945 1.13061612
v 28.52980225 -1.79543178 1.12560407
v 28.52980225 -1.79410945 1.12560407
v 28.53046143 -1.79543178 1.12059247
v 28.53046143 -1.79410945 1.12059247
v 28.53239746 -1.79543178 1.11592191
v 28.53239746 -1.79410945 1.11592191
v 28.53547363 -1.79543178 1.11191159
v 28.53547363 -1.79410945 1.11191159
v 28.53948486 -1.79543178 1.10883405
v 28.53948486 -1.79410945 1.10883405
v 28.53547363 -1.79410945 1.11191159
v 28.53547363 -1.79543178 1.11191159
v 28.54415527 -1.79543178 1.10689999
v 28.54415527 -1.79410945 1.10689999
v 28.54916504 -1.79543178 1.10623990
v 28.54916504 -1.79410945 1.10623990
v 28.55417725 -1.79543178 1.10689999
v 28.55417725 -1.79410945 1.10689999
v 28.55884766 -1.79543178 1.10883405
v 28.55884766 -1.79410945 1.10883405
v 28.56285889 -1.79543178 1.11191159
v 28.56285889 -1.79410945 1.11191159
v 28.56593506 -1.79543178 1.11592191
v 28.56593506 -1.79410945 1.11592191
v 28.56285889 -1.79410945 1.11191159
v 28.56285889 -1.79543178 1.11191159
v 28.56329102 -1.79545527 1.12560407
v 28.56853027 -1.79543178 1.12560407
v 28.56787109 -1.79543178 1.12059247
v 28.56280762 -1.79545527 1.12194852
v 28.56280762 -1.79545527 1.12925961
v 28.56787109 -1.79543178 1.13061612
v 28.56139648 -1.79545527 1.13266614
v 28.56593506 -1.79543178 1.13528653
v 28.55915283 -1.79545527 1.13559140
v 28.56285889 -1.79543178 1.13929654
v 28.55622803 -1.79545527 1.13783566
v 28.55884766 -1.79543178 1.14237409
v 28.55282227 -1.79545527 1.13924649
v 28.55417725 -1.79543178 1.14430859
v 28.54916504 -1.79545527 1.13972791
v 28.54916504 -1.79543178 1.14496823
v 28.54551025 -1.79545527 1.13924649
v 28.54415527 -1.79543178 1.14430859
v 28.54210449 -1.79545527 1.13783566
v 28.53948486 -1.79543178 1.14237409
v 28.53917969 -1.79545527 1.13559140
v 28.53547363 -1.79543178 1.13929654
v 28.53693359 -1.79545527 1.13266614
v 28.53239746 -1.79543178 1.13528653
v 28.53552490 -1.79545527 1.12925961
v 28.53046143 -1.79543178 1.13061612
v 28.53504150 -1.79545527 1.12560407
v 28.52980225 -1.79543178 1.12560407
v 28.53552490 -1.79545527 1.12194852
v 28.53046143 -1.79543178 1.12059247
v 28.53693359 -1.79545527 1.11854230
v 28.53239746 -1.79543178 1.11592191
v 28.53917969 -1.79545528 1.11561719
v 28.53547363 -1.79543178 1.11191159
v 28.54210449 -1.79545528 1.11337277
v 28.53948486 -1.79543178 1.10883405
v 28.54551025 -1.79545528 1.11196164
v 28.54415527 -1.79543178 1.10689999
v 28.54916504 -1.79545528 1.11148053
v 28.54916504 -1.79543178 1.10623990
v 28.55282227 -1.79545528 1.11196164
v 28.55417725 -1.79543178 1.10689999
v 28.55622803 -1.79545528 1.11337277
v 28.55884766 -1.79543178 1.10883405
v 28.55915283 -1.79545528 1.11561719
v 28.56285889 -1.79543178 1.11191159
v 28.56139648 -1.79545527 1.11854230
v 28.56593506 -1.79543178 1.11592191
v 28.56329102 -1.76853389 1.12560406
v 28.56329102 -1.79545527 1.12560407
v 28.56280762 -1.79545527 1.12194852
v 28.56280762 -1.76853389 1.12194852
v 28.56280762 -1.76853389 1.12925961
v 28.56280762 -1.79545527 1.12925961
v 28.56139648 -1.76853389 1.13266614
v 28.56139648 -1.79545527 1.13266614
v 28.55915283 -1.76853389 1.13559140
v 28.55915283 -1.79545527 1.13559140
v 28.55622803 -1.76853389 1.13783566
v 28.55622803 -1.79545527 1.13783566
v 28.55915283 -1.79545527 1.13559140
v 28.55915283 -1.76853389 1.13559140
v 28.55282227 -1.76853389 1.13924649
v 28.55282227 -1.79545527 1.13924649
v 28.54916504 -1.76853389 1.13972791
v 28.54916504 -1.79545527 1.13972791
v 28.54551025 -1.76853389 1.13924649
v 28.54551025 -1.79545527 1.13924649
v 28.54210449 -1.76853389 1.13783566
v 28.54210449 -1.79545527 1.13783566
v 28.53917969 -1.76853389 1.13559140
v 28.53917969 -1.79545527 1.13559140
v 28.53693359 -1.76853389 1.13266614
v 28.53693359 -1.79545527 1.13266614
v 28.53917969 -1.79545527 1.13559140
v 28.53917969 -1.76853389 1.13559140
v 28.53552490 -1.76853389 1.12925961
v 28.53552490 -1.79545527 1.12925961
v 28.53504150 -1.76853389 1.12560406
v 28.53504150 -1.79545527 1.12560407
v 28.53552490 -1.76853389 1.12194852
v 28.53552490 -1.79545527 1.12194852
v 28.53693359 -1.76853389 1.11854230
v 28.53693359 -1.79545527 1.11854230
v 28.53917969 -1.76853389 1.11561719
v 28.53917969 -1.79545528 1.11561719
v 28.54210449 -1.76853389 1.11337277
v 28.54210449 -1.79545528 1.11337277
v 28.53917969 -1.79545528 1.11561719
v 28.53917969 -1.76853389 1.11561719
v 28.54551025 -1.76853389 1.11196164
v 28.54551025 -1.79545528 1.11196164
v 28.54916504 -1.76853389 1.11148053
v 28.54916504 -1.79545528 1.11148053
v 28.55282227 -1.76853389 1.11196164
v 28.55282227 -1.79545528 1.11196164
v 28.55622803 -1.76853389 1.11337277
v 28.55622803 -1.79545528 1.11337277
v 28.55915283 -1.76853389 1.11561719
v 28.55915283 -1.79545528 1.11561719
v 28.56139648 -1.76853389 1.11854230
v 28.56139648 -1.79545527 1.11854230
v 28.55915283 -1.79545528 1.11561719
v 28.55915283 -1.76853389 1.11561719
v 28.54916504 -1.69789119 1.11668667
v 28.54796387 -1.69789119 1.11835736
v 28.55036865 -1.69789119 1.11835736
v 28.54916504 -1.69954341 1.11504818
v 28.54916504 -1.69877132 1.11504818
v 28.54169434 -1.69877132 1.11813977
v 28.54169434 -1.69954341 1.11813977
v 28.55663818 -1.69954341 1.11813977
v 28.55663818 -1.69877132 1.11813977
v 28.55973389 -1.69954494 1.12560437
v 28.55973389 -1.69877284 1.12560437
v 28.55663818 -1.69877132 1.11813977
v 28.55663818 -1.69954341 1.11813977
v 28.55663818 -1.69954493 1.13307034
v 28.55663818 -1.69877284 1.13307034
v 28.55973389 -1.69877284 1.12560437
v 28.55973389 -1.69954494 1.12560437
v 28.54916748 -1.69954493 1.13616299
v 28.54916748 -1.69877284 1.13616299
v 28.55663818 -1.69877284 1.13307034
v 28.55663818 -1.69954493 1.13307034
v 28.54169434 -1.69954493 1.13307034
v 28.54169434 -1.69877284 1.13307034
v 28.53859863 -1.69954341 1.12560437
v 28.53859863 -1.69877131 1.12560437
v 28.54169434 -1.69877284 1.13307034
v 28.54169434 -1.69954493 1.13307034
v 28.54169434 -1.69954341 1.11813977
v 28.54169434 -1.69877132 1.11813977
v 28.53859863 -1.69877131 1.12560437
v 28.53859863 -1.69954341 1.12560437
v 28.54916504 -1.69954341 1.11668667
v 28.54916504 -1.69954341 1.11504818
v 28.54169434 -1.69954341 1.11813977
v 28.54285400 -1.69954341 1.11929852
v 28.55547852 -1.69954341 1.11929852
v 28.55663818 -1.69954341 1.11813977
v 28.55809326 -1.69954494 1.12560437
v 28.55973389 -1.69954494 1.12560437
v 28.55547852 -1.69954494 1.13191159
v 28.55663818 -1.69954493 1.13307034
v 28.54916748 -1.69954493 1.13452328
v 28.54916748 -1.69954493 1.13616299
v 28.54285400 -1.69954494 1.13191159
v 28.54169434 -1.69954493 1.13307034
v 28.54023926 -1.69954341 1.12560437
v 28.53859863 -1.69954341 1.12560437
v 28.54916504 -1.69789119 1.11668667
v 28.54916504 -1.69954341 1.11668667
v 28.54285400 -1.69954341 1.11929852
v 28.54285400 -1.69789119 1.11929852
v 28.55547852 -1.69789119 1.11929852
v 28.55547852 -1.69954341 1.11929852
v 28.55809326 -1.69789271 1.12560437
v 28.55809326 -1.69954494 1.12560437
v 28.55547852 -1.69954341 1.11929852
v 28.55547852 -1.69789119 1.11929852
v 28.55547852 -1.69789271 1.13191159
v 28.55547852 -1.69954494 1.13191159
v 28.55809326 -1.69954494 1.12560437
v 28.55809326 -1.69789271 1.12560437
v 28.54916748 -1.69789271 1.13452328
v 28.54916748 -1.69954493 1.13452328
v 28.55547852 -1.69954494 1.13191159
v 28.55547852 -1.69789271 1.13191159
v 28.54285400 -1.69789271 1.13191159
v 28.54285400 -1.69954494 1.13191159
v 28.54023926 -1.69789119 1.12560437
v 28.54023926 -1.69954341 1.12560437
v 28.54285400 -1.69954494 1.13191159
v 28.54285400 -1.69789271 1.13191159
v 28.54285400 -1.69789119 1.11929852
v 28.54285400 -1.69954341 1.11929852
v 28.54023926 -1.69954341 1.12560437
v 28.54023926 -1.69789119 1.12560437
v 28.54285400 -1.69789119 1.11929852
v 28.55547852 -1.69789119 1.11929852
v 28.55809326 -1.69789271 1.12560437
v 28.55036865 -1.69789119 1.13285458
v 28.55547852 -1.69789271 1.13191159
v 28.54916748 -1.69789271 1.13452328
v 28.54796387 -1.69789119 1.13285458
v 28.54285400 -1.69789271 1.13191159
v 28.54023926 -1.69789119 1.12560437
v 28.54796387 -1.70315425 1.11835736
v 28.54796387 -1.70315608 1.13285458
v 28.55036865 -1.70315608 1.13285458
v 28.55036865 -1.70315425 1.11835736
v 28.55036865 -1.70315608 1.13285458
v 28.55036865 -1.69789119 1.13285458
v 28.55036865 -1.69789119 1.11835736
v 28.55036865 -1.70315425 1.11835736
v 28.54796387 -1.70315608 1.13285458
v 28.54796387 -1.69789119 1.13285458
v 28.55036865 -1.69789119 1.13285458
v 28.55036865 -1.70315608 1.13285458
v 28.54796387 -1.70315425 1.11835736
v 28.54796387 -1.69789119 1.11835736
v 28.54796387 -1.69789119 1.13285458
v 28.54796387 -1.70315608 1.13285458
v 28.55036865 -1.70315425 1.11835736
v 28.55036865 -1.69789119 1.11835736
v 28.54796387 -1.69789119 1.11835736
v 28.54796387 -1.70315425 1.11835736
v 28.52186279 -1.75911861 1.09816159
v 28.53296875 -1.76306880 1.09332822
v 28.53166748 -1.77033290 1.10801602
v 28.51705322 -1.76306880 1.10932568
v 28.53036377 -1.77278102 1.12560406
v 28.51467773 -1.76501979 1.12560406
v 28.54916504 -1.77538051 1.12560406
v 28.54916504 -1.77278102 1.10670651
v 28.54916504 -1.76501826 1.09094281
v 28.53166748 -1.77033290 1.14319196
v 28.51705322 -1.76306880 1.14188245
v 28.53296875 -1.76306880 1.15788022
v 28.52186279 -1.75911860 1.15304684
v 28.54916504 -1.76501979 1.16026562
v 28.54916504 -1.77278102 1.14450192
v 28.57646973 -1.75911860 1.15304684
v 28.56536377 -1.76306880 1.15788022
v 28.56666504 -1.77033290 1.14319196
v 28.58127930 -1.76306880 1.14188245
v 28.56796875 -1.77278102 1.12560406
v 28.58365234 -1.76501979 1.12560406
v 28.56666504 -1.77033290 1.10801602
v 28.58127930 -1.76306880 1.10932568
v 28.56536377 -1.76306880 1.09332822
v 28.57646973 -1.75911861 1.09816159
v 28.52186279 -1.71425777 1.09816205
v 28.51705322 -1.71030604 1.10932568
v 28.53166748 -1.70304195 1.10801602
v 28.53296875 -1.71030605 1.09332821
v 28.54916504 -1.70059535 1.10670651
v 28.54916504 -1.70835689 1.09094281
v 28.54169434 -1.69877132 1.11813977
v 28.54916504 -1.69877132 1.11504818
v 28.53036377 -1.70059535 1.12560406
v 28.51467773 -1.70835658 1.12560406
v 28.56666504 -1.70304195 1.10801602
v 28.56536377 -1.71030605 1.09332821
v 28.58127930 -1.71030604 1.10932568
v 28.57646973 -1.71425777 1.09816205
v 28.58365234 -1.70835658 1.12560406
v 28.56796875 -1.70059535 1.12560406
v 28.55663818 -1.69877132 1.11813977
v 28.55973389 -1.69877284 1.12560437
v 28.57646973 -1.71425776 1.15304684
v 28.58127930 -1.71030604 1.14188244
v 28.56666504 -1.70304194 1.14319195
v 28.56536377 -1.71030604 1.15788022
v 28.54916504 -1.70059535 1.14450192
v 28.54916504 -1.70835688 1.16026562
v 28.55663818 -1.69877284 1.13307034
v 28.54916748 -1.69877284 1.13616299
v 28.53166748 -1.70304194 1.14319195
v 28.53296875 -1.71030604 1.15788022
v 28.51705322 -1.71030604 1.14188244
v 28.52186279 -1.71425776 1.15304684
v 28.54169434 -1.69877284 1.13307034
v 28.53859863 -1.69877131 1.12560437
v 28.52186279 -1.75911861 1.09816159
v 28.51705322 -1.74999263 1.09332822
v 28.53166748 -1.75106349 1.08444058
v 28.53296875 -1.76306880 1.09332822
v 28.53296875 -1.76306880 1.09332822
v 28.53166748 -1.75106349 1.08444058
v 28.54916504 -1.75213435 1.08144711
v 28.54916504 -1.76501826 1.09094281
v 28.54916504 -1.73668819 1.07826596
v 28.53036377 -1.73668819 1.08144711
v 28.51705322 -1.74999263 1.09332822
v 28.51467773 -1.73668819 1.09094281
v 28.56666504 -1.75106349 1.08444058
v 28.56536377 -1.76306880 1.09332822
v 28.56536377 -1.76306880 1.09332822
v 28.56666504 -1.75106349 1.08444058
v 28.58127930 -1.74999263 1.09332822
v 28.57646973 -1.75911861 1.09816159
v 28.58365234 -1.73668819 1.09094281
v 28.58127930 -1.74999263 1.09332822
v 28.56796875 -1.73668819 1.08144711
v 28.57646973 -1.71425777 1.09816205
v 28.58127930 -1.72338222 1.09332821
v 28.56666504 -1.72231136 1.08444058
v 28.56536377 -1.71030605 1.09332821
v 28.56536377 -1.71030605 1.09332821
v 28.56666504 -1.72231136 1.08444058
v 28.54916504 -1.72124080 1.08144711
v 28.54916504 -1.70835689 1.09094281
v 28.58127930 -1.72338222 1.09332821
v 28.53166748 -1.72231136 1.08444058
v 28.53296875 -1.71030605 1.09332821
v 28.53296875 -1.71030605 1.09332821
v 28.53166748 -1.72231136 1.08444058
v 28.51705322 -1.72338222 1.09332821
v 28.52186279 -1.71425777 1.09816205
v 28.51705322 -1.72338222 1.09332821
v 28.59012207 -1.75106349 1.10801602
v 28.58127930 -1.76306880 1.10932568
v 28.58127930 -1.76306880 1.10932568
v 28.59012207 -1.75106349 1.10801602
v 28.59310059 -1.75213435 1.12560406
v 28.58365234 -1.76501979 1.12560406
v 28.59626709 -1.73668818 1.12560406
v 28.59310059 -1.73668819 1.10670651
v 28.58127930 -1.74999263 1.09332822
v 28.58365234 -1.73668819 1.09094281
v 28.59012207 -1.75106349 1.14319195
v 28.58127930 -1.76306880 1.14188245
v 28.58127930 -1.76306880 1.14188245
v 28.59012207 -1.75106349 1.14319195
v 28.58127930 -1.74999263 1.15788022
v 28.57646973 -1.75911860 1.15304684
v 28.58365234 -1.73668818 1.16026562
v 28.58127930 -1.74999263 1.15788022
v 28.59310059 -1.73668818 1.14450192
v 28.57646973 -1.71425776 1.15304684
v 28.58127930 -1.72338221 1.15788022
v 28.59012207 -1.72231135 1.14319195
v 28.58127930 -1.71030604 1.14188244
v 28.58127930 -1.71030604 1.14188244
v 28.59012207 -1.72231135 1.14319195
v 28.59310059 -1.72124080 1.12560406
v 28.58365234 -1.70835658 1.12560406
v 28.58127930 -1.72338221 1.15788022
v 28.59012207 -1.72231135 1.10801602
v 28.58127930 -1.71030604 1.10932568
v 28.58127930 -1.71030604 1.10932568
v 28.59012207 -1.72231135 1.10801602
v 28.58127930 -1.72338222 1.09332821
v 28.56666504 -1.75106349 1.16676785
v 28.56536377 -1.76306880 1.15788022
v 28.56536377 -1.76306880 1.15788022
v 28.56666504 -1.75106349 1.16676785
v 28.54916504 -1.75213435 1.16976178
v 28.54916504 -1.76501979 1.16026562
v 28.54916504 -1.73668818 1.17294201
v 28.56796875 -1.73668818 1.16976178
v 28.58127930 -1.74999263 1.15788022
v 28.58365234 -1.73668818 1.16026562
v 28.53166748 -1.75106349 1.16676785
v 28.53296875 -1.76306880 1.15788022
v 28.53296875 -1.76306880 1.15788022
v 28.53166748 -1.75106349 1.16676785
v 28.51705322 -1.74999263 1.15788022
v 28.52186279 -1.75911860 1.15304684
v 28.51467773 -1.73668818 1.16026562
v 28.51705322 -1.74999263 1.15788022
v 28.53036377 -1.73668818 1.16976178
v 28.52186279 -1.71425776 1.15304684
v 28.51705322 -1.72338221 1.15788022
v 28.53166748 -1.72231135 1.16676785
v 28.53296875 -1.71030604 1.15788022
v 28.53296875 -1.71030604 1.15788022
v 28.53166748 -1.72231135 1.16676785
v 28.54916504 -1.72124080 1.16976178
v 28.54916504 -1.70835688 1.16026562
v 28.51705322 -1.72338221 1.15788022
v 28.56666504 -1.72231135 1.16676785
v 28.56536377 -1.71030604 1.15788022
v 28.56536377 -1.71030604 1.15788022
v 28.56666504 -1.72231135 1.16676785
v 28.58127930 -1.72338221 1.15788022
v 28.50821045 -1.75106349 1.14319195
v 28.51705322 -1.76306880 1.14188245
v 28.51705322 -1.76306880 1.14188245
v 28.50821045 -1.75106349 1.14319195
v 28.50523193 -1.75213435 1.12560406
v 28.51467773 -1.76501979 1.12560406
v 28.50206543 -1.73668818 1.12560406
v 28.50523193 -1.73668818 1.14450192
v 28.51705322 -1.74999263 1.15788022
v 28.51467773 -1.73668818 1.16026562
v 28.50821045 -1.75106349 1.10801602
v 28.51705322 -1.76306880 1.10932568
v 28.51705322 -1.76306880 1.10932568
v 28.50821045 -1.75106349 1.10801602
v 28.51467773 -1.73668819 1.09094281
v 28.51705322 -1.74999263 1.09332822
v 28.50523193 -1.73668819 1.10670651
v 28.50821045 -1.72231135 1.10801602
v 28.51705322 -1.71030604 1.10932568
v 28.51705322 -1.71030604 1.10932568
v 28.50821045 -1.72231135 1.10801602
v 28.50523193 -1.72124049 1.12560406
v 28.51467773 -1.70835658 1.12560406
v 28.51705322 -1.72338222 1.09332821
v 28.50821045 -1.72231135 1.14319195
v 28.51705322 -1.71030604 1.14188244
v 28.51705322 -1.71030604 1.14188244
v 28.50821045 -1.72231135 1.14319195
v 28.51705322 -1.72338221 1.15788022
v 18.90120361 -1.80305720 1.12560407
v 18.89955811 -1.80305720 1.13810147
v 18.89955811 -1.80874080 1.13810147
v 18.90120361 -1.80873927 1.12560407
v 18.89473633 -1.80305720 1.14974698
v 18.89473633 -1.80874080 1.14974698
v 18.88706299 -1.80305720 1.15974744
v 18.88706299 -1.80874080 1.15974744
v 18.88706299 -1.80305720 1.15974744
v 18.87706055 -1.80305720 1.16742093
v 18.87706055 -1.80874080 1.16742093
v 18.88706299 -1.80874080 1.15974744
v 18.86541504 -1.80305720 1.17224484
v 18.86541504 -1.80874080 1.17224484
v 18.85291748 -1.80305720 1.17389020
v 18.85291748 -1.80874080 1.17389020
v 18.84042236 -1.80305720 1.17224484
v 18.84042236 -1.80874080 1.17224484
v 18.82877686 -1.80305720 1.16742093
v 18.82877686 -1.80874080 1.16742093
v 18.81877441 -1.80305720 1.15974744
v 18.81877441 -1.80874080 1.15974744
v 18.81877441 -1.80305720 1.15974744
v 18.81110107 -1.80305720 1.14974698
v 18.81110107 -1.80874080 1.14974698
v 18.81877441 -1.80874080 1.15974744
v 18.80627686 -1.80305720 1.13810147
v 18.80627686 -1.80874080 1.13810147
v 18.80463379 -1.80305720 1.12560407
v 18.80463379 -1.80874080 1.12560407
v 18.80627686 -1.80305720 1.11310697
v 18.80627686 -1.80874080 1.11310697
v 18.81110107 -1.80305720 1.10146115
v 18.81110107 -1.80873927 1.10146115
v 18.81877441 -1.80305720 1.09146100
v 18.81877441 -1.80873927 1.09146100
v 18.81877441 -1.80305720 1.09146100
v 18.82877686 -1.80305721 1.08378720
v 18.82877686 -1.80873927 1.08378720
v 18.81877441 -1.80873927 1.09146100
v 18.84042236 -1.80305721 1.07896359
v 18.84042236 -1.80873927 1.07896359
v 18.85291748 -1.80305721 1.07731824
v 18.85291748 -1.80873927 1.07731824
v 18.86541504 -1.80305721 1.07896359
v 18.86541504 -1.80873927 1.07896359
v 18.87706055 -1.80305721 1.08378720
v 18.87706055 -1.80873927 1.08378720
v 18.88706299 -1.80305720 1.09146100
v 18.88706299 -1.80873927 1.09146100
v 18.88706299 -1.80305720 1.09146100
v 18.89473633 -1.80305720 1.10146115
v 18.89473633 -1.80873927 1.10146115
v 18.88706299 -1.80873927 1.09146100
v 18.89955811 -1.80305720 1.11310666
v 18.89955811 -1.80873927 1.11310666
v 18.87228271 -1.79410945 1.12560407
v 18.87162354 -1.79410945 1.13061612
v 18.89844727 -1.80156733 1.13780362
v 18.90005371 -1.80156734 1.12560407
v 18.86968750 -1.79410945 1.13528653
v 18.89374023 -1.80156733 1.14917203
v 18.86661133 -1.79410945 1.13929654
v 18.88624756 -1.80156733 1.15893430
v 18.86260010 -1.79410945 1.14237409
v 18.87648682 -1.80156733 1.16642468
v 18.85792969 -1.79410945 1.14430859
v 18.86511719 -1.80156733 1.17113339
v 18.85291748 -1.79410945 1.14496823
v 18.85291748 -1.80156733 1.17273969
v 18.84790771 -1.79410945 1.14430859
v 18.84072021 -1.80156733 1.17113339
v 18.84323730 -1.79410945 1.14237409
v 18.82935059 -1.80156733 1.16642468
v 18.83922607 -1.79410945 1.13929654
v 18.81958984 -1.80156733 1.15893430
v 18.83614990 -1.79410945 1.13528653
v 18.81209717 -1.80156733 1.14917203
v 18.83421387 -1.79410945 1.13061612
v 18.80739014 -1.80156733 1.13780362
v 18.83355469 -1.79410945 1.12560407
v 18.80578369 -1.80156734 1.12560407
v 18.83421387 -1.79410945 1.12059247
v 18.80739014 -1.80156734 1.11340482
v 18.83614990 -1.79410945 1.11592191
v 18.81209717 -1.80156734 1.10203641
v 18.83922607 -1.79410945 1.11191159
v 18.81958984 -1.80156734 1.09227429
v 18.84323730 -1.79410945 1.10883405
v 18.82935059 -1.80156734 1.08478375
v 18.84790771 -1.79410945 1.10689999
v 18.84072021 -1.80156734 1.08007504
v 18.85291748 -1.79410945 1.10623990
v 18.85291748 -1.80156734 1.07846875
v 18.85792969 -1.79410945 1.10689999
v 18.86511719 -1.80156734 1.08007504
v 18.86260010 -1.79410945 1.10883405
v 18.87648682 -1.80156734 1.08478375
v 18.86661133 -1.79410945 1.11191159
v 18.88624756 -1.80156734 1.09227429
v 18.86968750 -1.79410945 1.11592191
v 18.89374023 -1.80156734 1.10203641
v 18.87162354 -1.79410945 1.12059247
v 18.89844727 -1.80156734 1.11340436
v 18.89948975 -1.80252101 1.13808301
v 18.90113281 -1.80252101 1.12560407
v 18.89928223 -1.80209407 1.13802716
v 18.90091797 -1.80209407 1.12560407
v 18.89467285 -1.80252101 1.14971127
v 18.89448730 -1.80209407 1.14960355
v 18.88701172 -1.80252101 1.15969663
v 18.88685791 -1.80209407 1.15954389
v 18.87702637 -1.80252101 1.16735867
v 18.88701172 -1.80252101 1.15969663
v 18.87691895 -1.80209407 1.16717191
v 18.88685791 -1.80209407 1.15954389
v 18.86539795 -1.80252101 1.17217526
v 18.86534180 -1.80209407 1.17196698
v 18.85291748 -1.80252101 1.17381833
v 18.85291748 -1.80209407 1.17360257
v 18.84043945 -1.80252101 1.17217526
v 18.84049561 -1.80209407 1.17196698
v 18.82881104 -1.80252101 1.16735867
v 18.82891846 -1.80209407 1.16717191
v 18.81882568 -1.80252101 1.15969663
v 18.81897949 -1.80209407 1.15954389
v 18.81116455 -1.80252101 1.14971127
v 18.81882568 -1.80252101 1.15969663
v 18.81135010 -1.80209407 1.14960355
v 18.81897949 -1.80209407 1.15954389
v 18.80634766 -1.80252101 1.13808301
v 18.80655518 -1.80209407 1.13802716
v 18.80470459 -1.80252101 1.12560407
v 18.80491943 -1.80209407 1.12560407
v 18.80634766 -1.80252101 1.11312543
v 18.80655518 -1.80209407 1.11318128
v 18.81116455 -1.80252101 1.10149716
v 18.81135010 -1.80209407 1.10160504
v 18.81882568 -1.80252101 1.09151181
v 18.81897949 -1.80209407 1.09166425
v 18.82881104 -1.80252101 1.08384931
v 18.81882568 -1.80252101 1.09151181
v 18.82891846 -1.80209407 1.08403607
v 18.81897949 -1.80209407 1.09166425
v 18.84043945 -1.80252101 1.07903272
v 18.84049561 -1.80209407 1.07924146
v 18.85291748 -1.80252101 1.07739026
v 18.85291748 -1.80209407 1.07760587
v 18.86539795 -1.80252101 1.07903272
v 18.86534180 -1.80209407 1.07924146
v 18.87702637 -1.80252101 1.08384931
v 18.87691895 -1.80209407 1.08403607
v 18.88701172 -1.80252101 1.09151181
v 18.88685791 -1.80209407 1.09166425
v 18.89467285 -1.80252101 1.10149716
v 18.88701172 -1.80252101 1.09151181
v 18.89448730 -1.80209407 1.10160504
v 18.88685791 -1.80209407 1.09166425
v 18.89948975 -1.80252101 1.11312543
v 18.89928223 -1.80209407 1.11318128
v 18.90055664 -1.80177516 1.12560407
v 18.89893311 -1.80177516 1.13793378
v 18.90091797 -1.80209407 1.12560407
v 18.89928223 -1.80209407 1.13802716
v 18.89417480 -1.80177516 1.14942365
v 18.89448730 -1.80209407 1.14960355
v 18.88660400 -1.80177516 1.15928983
v 18.88685791 -1.80209407 1.15954389
v 18.87673828 -1.80177516 1.16686047
v 18.87691895 -1.80209407 1.16717191
v 18.86524902 -1.80177516 1.17161969
v 18.86534180 -1.80209407 1.17196698
v 18.85291748 -1.80177516 1.17324307
v 18.85291748 -1.80209407 1.17360257
v 18.84058838 -1.80177516 1.17161969
v 18.84049561 -1.80209407 1.17196698
v 18.82909912 -1.80177516 1.16686078
v 18.82891846 -1.80209407 1.16717191
v 18.81923340 -1.80177516 1.15928983
v 18.81897949 -1.80209407 1.15954389
v 18.81166260 -1.80177516 1.14942365
v 18.81135010 -1.80209407 1.14960355
v 18.80690186 -1.80177516 1.13793378
v 18.80655518 -1.80209407 1.13802716
v 18.80528076 -1.80177516 1.12560407
v 18.80491943 -1.80209407 1.12560407
v 18.80690186 -1.80177516 1.11327420
v 18.80655518 -1.80209407 1.11318128
v 18.81166260 -1.80177516 1.10178479
v 18.81135010 -1.80209407 1.10160504
v 18.81923340 -1.80177516 1.09191861
v 18.81897949 -1.80209407 1.09166425
v 18.82909912 -1.80177516 1.08434766
v 18.82891846 -1.80209407 1.08403607
v 18.84058838 -1.80177516 1.07958844
v 18.84049561 -1.80209407 1.07924146
v 18.85291748 -1.80177516 1.07796552
v 18.85291748 -1.80209407 1.07760587
v 18.86524902 -1.80177516 1.07958844
v 18.86534180 -1.80209407 1.07924146
v 18.87673828 -1.80177516 1.08434766
v 18.87691895 -1.80209407 1.08403607
v 18.88660400 -1.80177516 1.09191815
v 18.88685791 -1.80209407 1.09166425
v 18.89417480 -1.80177516 1.10178479
v 18.89448730 -1.80209407 1.10160504
v 18.89893311 -1.80177516 1.11327420
v 18.89928223 -1.80209407 1.11318128
v 18.87228271 -1.79543178 1.12560407
v 18.87228271 -1.79410945 1.12560407
v 18.87162354 -1.79410945 1.12059247
v 18.87162354 -1.79543178 1.12059247
v 18.87162354 -1.79543178 1.13061612
v 18.87162354 -1.79410945 1.13061612
v 18.86968750 -1.79543178 1.13528653
v 18.86968750 -1.79410945 1.13528653
v 18.86661133 -1.79543178 1.13929654
v 18.86661133 -1.79410945 1.13929654
v 18.86260010 -1.79543178 1.14237409
v 18.86260010 -1.79410945 1.14237409
v 18.86661133 -1.79410945 1.13929654
v 18.86661133 -1.79543178 1.13929654
v 18.85792969 -1.79543178 1.14430859
v 18.85792969 -1.79410945 1.14430859
v 18.85291748 -1.79543178 1.14496823
v 18.85291748 -1.79410945 1.14496823
v 18.84790771 -1.79543178 1.14430859
v 18.84790771 -1.79410945 1.14430859
v 18.84323730 -1.79543178 1.14237409
v 18.84323730 -1.79410945 1.14237409
v 18.83922607 -1.79543178 1.13929654
v 18.83922607 -1.79410945 1.13929654
v 18.83614990 -1.79543178 1.13528653
v 18.83614990 -1.79410945 1.13528653
v 18.83922607 -1.79410945 1.13929654
v 18.83922607 -1.79543178 1.13929654
v 18.83421387 -1.79543178 1.13061612
v 18.83421387 -1.79410945 1.13061612
v 18.83355469 -1.79543178 1.12560407
v 18.83355469 -1.79410945 1.12560407
v 18.83421387 -1.79543178 1.12059247
v 18.83421387 -1.79410945 1.12059247
v 18.83614990 -1.79543178 1.11592191
v 18.83614990 -1.79410945 1.11592191
v 18.83922607 -1.79543178 1.11191159
v 18.83922607 -1.79410945 1.11191159
v 18.84323730 -1.79543178 1.10883405
v 18.84323730 -1.79410945 1.10883405
v 18.83922607 -1.79410945 1.11191159
v 18.83922607 -1.79543178 1.11191159
v 18.84790771 -1.79543178 1.10689999
v 18.84790771 -1.79410945 1.10689999
v 18.85291748 -1.79543178 1.10623990
v 18.85291748 -1.79410945 1.10623990
v 18.85792969 -1.79543178 1.10689999
v 18.85792969 -1.79410945 1.10689999
v 18.86260010 -1.79543178 1.10883405
v 18.86260010 -1.79410945 1.10883405
v 18.86661133 -1.79543178 1.11191159
v 18.86661133 -1.79410945 1.11191159
v 18.86968750 -1.79543178 1.11592191
v 18.86968750 -1.79410945 1.11592191
v 18.86661133 -1.79410945 1.11191159
v 18.86661133 -1.79543178 1.11191159
v 18.86704346 -1.79545527 1.12560407
v 18.87228271 -1.79543178 1.12560407
v 18.87162354 -1.79543178 1.12059247
v 18.86656006 -1.79545527 1.12194852
v 18.86656006 -1.79545527 1.12925961
v 18.87162354 -1.79543178 1.13061612
v 18.86514893 -1.79545527 1.13266614
v 18.86968750 -1.79543178 1.13528653
v 18.86290527 -1.79545527 1.13559140
v 18.86661133 -1.79543178 1.13929654
v 18.85998047 -1.79545527 1.13783566
v 18.86260010 -1.79543178 1.14237409
v 18.85657471 -1.79545527 1.13924649
v 18.85792969 -1.79543178 1.14430859
v 18.85291748 -1.79545527 1.13972791
v 18.85291748 -1.79543178 1.14496823
v 18.84926270 -1.79545527 1.13924649
v 18.84790771 -1.79543178 1.14430859
v 18.84585693 -1.79545527 1.13783566
v 18.84323730 -1.79543178 1.14237409
v 18.84293213 -1.79545527 1.13559140
v 18.83922607 -1.79543178 1.13929654
v 18.84068604 -1.79545527 1.13266614
v 18.83614990 -1.79543178 1.13528653
v 18.83927734 -1.79545527 1.12925961
v 18.83421387 -1.79543178 1.13061612
v 18.83879395 -1.79545527 1.12560407
v 18.83355469 -1.79543178 1.12560407
v 18.83927734 -1.79545527 1.12194852
v 18.83421387 -1.79543178 1.12059247
v 18.84068604 -1.79545527 1.11854230
v 18.83614990 -1.79543178 1.11592191
v 18.84293213 -1.79545528 1.11561719
v 18.83922607 -1.79543178 1.11191159
v 18.84585693 -1.79545528 1.11337277
v 18.84323730 -1.79543178 1.10883405
v 18.84926270 -1.79545528 1.11196164
v 18.84790771 -1.79543178 1.10689999
v 18.85291748 -1.79545528 1.11148053
v 18.85291748 -1.79543178 1.10623990
v 18.85657471 -1.79545528 1.11196164
v 18.85792969 -1.79543178 1.10689999
v 18.85998047 -1.79545528 1.11337277
v 18.86260010 -1.79543178 1.10883405
v 18.86290527 -1.79545528 1.11561719
v 18.86661133 -1.79543178 1.11191159
v 18.86514893 -1.79545527 1.11854230
v 18.86968750 -1.79543178 1.11592191
v 18.86704346 -1.76853389 1.12560406
v 18.86704346 -1.79545527 1.12560407
v 18.86656006 -1.79545527 1.12194852
v 18.86656006 -1.76853389 1.12194852
v 18.86656006 -1.76853389 1.12925961
v 18.86656006 -1.79545527 1.12925961
v 18.86514893 -1.76853389 1.13266614
v 18.86514893 -1.79545527 1.13266614
v 18.86290527 -1.76853389 1.13559140
v 18.86290527 -1.79545527 1.13559140
v 18.85998047 -1.76853389 1.13783566
v 18.85998047 -1.79545527 1.13783566
v 18.86290527 -1.79545527 1.13559140
v 18.86290527 -1.76853389 1.13559140
v 18.85657471 -1.76853389 1.13924649
v 18.85657471 -1.79545527 1.13924649
v 18.85291748 -1.76853389 1.13972791
v 18.85291748 -1.79545527 1.13972791
v 18.84926270 -1.76853389 1.13924649
v 18.84926270 -1.79545527 1.13924649
v 18.84585693 -1.76853389 1.13783566
v 18.84585693 -1.79545527 1.13783566
v 18.84293213 -1.76853389 1.13559140
v 18.84293213 -1.79545527 1.13559140
v 18.84068604 -1.76853389 1.13266614
v 18.84068604 -1.79545527 1.13266614
v 18.84293213 -1.79545527 1.13559140
v 18.84293213 -1.76853389 1.13559140
v 18.83927734 -1.76853389 1.12925961
v 18.83927734 -1.79545527 1.12925961
v 18.83879395 -1.76853389 1.12560406
v 18.83879395 -1.79545527 1.12560407
v 18.83927734 -1.76853389 1.12194852
v 18.83927734 -1.79545527 1.12194852
v 18.84068604 -1.76853389 1.11854230
v 18.84068604 -1.79545527 1.11854230
v 18.84293213 -1.76853389 1.11561719
v 18.84293213 -1.79545528 1.11561719
v 18.84585693 -1.76853389 1.11337277
v 18.84585693 -1.79545528 1.11337277
v 18.84293213 -1.79545528 1.11561719
v 18.84293213 -1.76853389 1.11561719
v 18.84926270 -1.76853389 1.11196164
v 18.84926270 -1.79545528 1.11196164
v 18.85291748 -1.76853389 1.11148053
v 18.85291748 -1.79545528 1.11148053
v 18.85657471 -1.76853389 1.11196164
v 18.85657471 -1.79545528 1.11196164
v 18.85998047 -1.76853389 1.11337277
v 18.85998047 -1.79545528 1.11337277
v 18.86290527 -1.76853389 1.11561719
v 18.86290527 -1.79545528 1.11561719
v 18.86514893 -1.76853389 1.11854230
v 18.86514893 -1.79545527 1.11854230
v 18.86290527 -1.79545528 1.11561719
v 18.86290527 -1.76853389 1.11561719
v 18.85291748 -1.69789119 1.11668667
v 18.85171631 -1.69789119 1.11835736
v 18.85412109 -1.69789119 1.11835736
v 18.85291748 -1.69954341 1.11504818
v 18.85291748 -1.69877132 1.11504818
v 18.84544678 -1.69877132 1.11813977
v 18.84544678 -1.69954341 1.11813977
v 18.86039063 -1.69954341 1.11813977
v 18.86039063 -1.69877132 1.11813977
v 18.86348633 -1.69954494 1.12560437
v 18.86348633 -1.69877284 1.12560437
v 18.86039063 -1.69877132 1.11813977
v 18.86039063 -1.69954341 1.11813977
v 18.86039063 -1.69954493 1.13307034
v 18.86039063 -1.69877284 1.13307034
v 18.86348633 -1.69877284 1.12560437
v 18.86348633 -1.69954494 1.12560437
v 18.85291992 -1.69954493 1.13616299
v 18.85291992 -1.69877284 1.13616299
v 18.86039063 -1.69877284 1.13307034
v 18.86039063 -1.69954493 1.13307034
v 18.84544678 -1.69954493 1.13307034
v 18.84544678 -1.69877284 1.13307034
v 18.84235107 -1.69954341 1.12560437
v 18.84235107 -1.69877131 1.12560437
v 18.84544678 -1.69877284 1.13307034
v 18.84544678 -1.69954493 1.13307034
v 18.84544678 -1.69954341 1.11813977
v 18.84544678 -1.69877132 1.11813977
v 18.84235107 -1.69877131 1.12560437
v 18.84235107 -1.69954341 1.12560437
v 18.85291748 -1.69954341 1.11668667
v 18.85291748 -1.69954341 1.11504818
v 18.84544678 -1.69954341 1.11813977
v 18.84660645 -1.69954341 1.11929852
v 18.85923096 -1.69954341 1.11929852
v 18.86039063 -1.69954341 1.11813977
v 18.86184570 -1.69954494 1.12560437
v 18.86348633 -1.69954494 1.12560437
v 18.85923096 -1.69954494 1.13191159
v 18.86039063 -1.69954493 1.13307034
v 18.85291992 -1.69954493 1.13452328
v 18.85291992 -1.69954493 1.13616299
v 18.84660645 -1.69954494 1.13191159
v 18.84544678 -1.69954493 1.13307034
v 18.84399170 -1.69954341 1.12560437
v 18.84235107 -1.69954341 1.12560437
v 18.85291748 -1.69789119 1.11668667
v 18.85291748 -1.69954341 1.11668667
v 18.84660645 -1.69954341 1.11929852
v 18.84660645 -1.69789119 1.11929852
v 18.85923096 -1.69789119 1.11929852
v 18.85923096 -1.69954341 1.11929852
v 18.86184570 -1.69789271 1.12560437
v 18.86184570 -1.69954494 1.12560437
v 18.85923096 -1.69954341 1.11929852
v 18.85923096 -1.69789119 1.11929852
v 18.85923096 -1.69789271 1.13191159
v 18.85923096 -1.69954494 1.13191159
v 18.86184570 -1.69954494 1.12560437
v 18.86184570 -1.69789271 1.12560437
v 18.85291992 -1.69789271 1.13452328
v 18.85291992 -1.69954493 1.13452328
v 18.85923096 -1.69954494 1.13191159
v 18.85923096 -1.69789271 1.13191159
v 18.84660645 -1.69789271 1.13191159
v 18.84660645 -1.69954494 1.13191159
v 18.84399170 -1.69789119 1.12560437
v 18.84399170 -1.69954341 1.12560437
v 18.84660645 -1.69954494 1.13191159
v 18.84660645 -1.69789271 1.13191159
v 18.84660645 -1.69789119 1.11929852
v 18.84660645 -1.69954341 1.11929852
v 18.84399170 -1.69954341 1.12560437
v 18.84399170 -1.69789119 1.12560437
v 18.84660645 -1.69789119 1.11929852
v 18.85923096 -1.69789119 1.11929852
v 18.86184570 -1.69789271 1.12560437
v 18.85412109 -1.69789119 1.13285458
v 18.85923096 -1.69789271 1.13191159
v 18.85291992 -1.69789271 1.13452328
v 18.85171631 -1.69789119 1.13285458
v 18.84660645 -1.69789271 1.13191159
v 18.84399170 -1.69789119 1.12560437
v 18.85171631 -1.70315425 1.11835736
v 18.85171631 -1.70315608 1.13285458
v 18.85412109 -1.70315608 1.13285458
v 18.85412109 -1.70315425 1.11835736
v 18.85412109 -1.70315608 1.13285458
v 18.85412109 -1.69789119 1.13285458
v 18.85412109 -1.69789119 1.11835736
v 18.85412109 -1.70315425 1.11835736
v 18.85171631 -1.70315608 1.13285458
v 18.85171631 -1.69789119 1.13285458
v 18.85412109 -1.69789119 1.13285458
v 18.85412109 -1.70315608 1.13285458
v 18.85171631 -1.70315425 1.11835736
v 18.85171631 -1.69789119 1.11835736
v 18.85171631 -1.69789119 1.13285458
v 18.85171631 -1.70315608 1.13285458
v 18.85412109 -1.70315425 1.11835736
v 18.85412109 -1.69789119 1.11835736
v 18.85171631 -1.69789119 1.11835736
v 18.85171631 -1.70315425 1.11835736
v 18.82561523 -1.75911861 1.09816159
v 18.83672119 -1.76306880 1.09332822
v 18.83541992 -1.77033290 1.10801602
v 18.82080566 -1.76306880 1.10932568
v 18.83411621 -1.77278102 1.12560406
v 18.81843018 -1.76501979 1.12560406
v 18.85291748 -1.77538051 1.12560406
v 18.85291748 -1.77278102 1.10670651
v 18.85291748 -1.76501826 1.09094281
v 18.83541992 -1.77033290 1.14319196
v 18.82080566 -1.76306880 1.14188245
v 18.83672119 -1.76306880 1.15788022
v 18.82561523 -1.75911860 1.15304684
v 18.85291748 -1.76501979 1.16026562
v 18.85291748 -1.77278102 1.14450192
v 18.88022217 -1.75911860 1.15304684
v 18.86911621 -1.76306880 1.15788022
v 18.87041748 -1.77033290 1.14319196
v 18.88503174 -1.76306880 1.14188245
v 18.87172119 -1.77278102 1.12560406
v 18.88740479 -1.76501979 1.12560406
v 18.87041748 -1.77033290 1.10801602
v 18.88503174 -1.76306880 1.10932568
v 18.86911621 -1.76306880 1.09332822
v 18.88022217 -1.75911861 1.09816159
v 18.82561523 -1.71425777 1.09816205
v 18.82080566 -1.71030604 1.10932568
v 18.83541992 -1.70304195 1.10801602
v 18.83672119 -1.71030605 1.09332821
v 18.85291748 -1.70059535 1.10670651
v 18.85291748 -1.70835689 1.09094281
v 18.84544678 -1.69877132 1.11813977
v 18.85291748 -1.69877132 1.11504818
v 18.83411621 -1.70059535 1.12560406
v 18.81843018 -1.70835658 1.12560406
v 18.87041748 -1.70304195 1.10801602
v 18.86911621 -1.71030605 1.09332821
v 18.88503174 -1.71030604 1.10932568
v 18.88022217 -1.71425777 1.09816205
v 18.88740479 -1.70835658 1.12560406
v 18.87172119 -1.70059535 1.12560406
v 18.86039063 -1.69877132 1.11813977
v 18.86348633 -1.69877284 1.12560437
v 18.88022217 -1.71425776 1.15304684
v 18.88503174 -1.71030604 1.14188244
v 18.87041748 -1.70304194 1.14319195
v 18.86911621 -1.71030604 1.15788022
v 18.85291748 -1.70059535 1.14450192
v 18.85291748 -1.70835688 1.16026562
v 18.86039063 -1.69877284 1.13307034
v 18.85291992 -1.69877284 1.13616299
v 18.83541992 -1.70304194 1.14319195
v 18.83672119 -1.71030604 1.15788022
v 18.82080566 -1.71030604 1.14188244
v 18.82561523 -1.71425776 1.15304684
v 18.84544678 -1.69877284 1.13307034
v 18.84235107 -1.69877131 1.12560437
v 18.82561523 -1.75911861 1.09816159
v 18.82080566 -1.74999263 1.09332822
v 18.83541992 -1.75106349 1.08444058
v 18.83672119 -1.76306880 1.09332822
v 18.83672119 -1.76306880 1.09332822
v 18.83541992 -1.75106349 1.08444058
v 18.85291748 -1.75213435 1.08144711
v 18.85291748 -1.76501826 1.09094281
v 18.85291748 -1.73668819 1.07826596
v 18.83411621 -1.73668819 1.08144711
v 18.82080566 -1.74999263 1.09332822
v 18.81843018 -1.73668819 1.09094281
v 18.87041748 -1.75106349 1.08444058
v 18.86911621 -1.76306880 1.09332822
v 18.86911621 -1.76306880 1.09332822
v 18.87041748 -1.75106349 1.08444058
v 18.88503174 -1.74999263 1.09332822
v 18.88022217 -1.75911861 1.09816159
v 18.88740479 -1.73668819 1.09094281
v 18.88503174 -1.74999263 1.09332822
v 18.87172119 -1.73668819 1.08144711
v 18.88022217 -1.71425777 1.09816205
v 18.88503174 -1.72338222 1.09332821
v 18.87041748 -1.72231136 1.08444058
v 18.86911621 -1.71030605 1.09332821
v 18.86911621 -1.71030605 1.09332821
v 18.87041748 -1.72231136 1.08444058
v 18.85291748 -1.72124080 1.08144711
v 18.85291748 -1.70835689 1.09094281
v 18.88503174 -1.72338222 1.09332821
v 18.83541992 -1.72231136 1.08444058
v 18.83672119 -1.71030605 1.09332821
v 18.83672119 -1.71030605 1.09332821
v 18.83541992 -1.72231136 1.08444058
v 18.82080566 -1.72338222 1.09332821
v 18.82561523 -1.71425777 1.09816205
v 18.82080566 -1.72338222 1.09332821
v 18.89387451 -1.75106349 1.10801602
v 18.88503174 -1.76306880 1.10932568
v 18.88503174 -1.76306880 1.10932568
v 18.89387451 -1.75106349 1.10801602
v 18.89685303 -1.75213435 1.12560406
v 18.88740479 -1.76501979 1.12560406
v 18.90001953 -1.73668818 1.12560406
v 18.89685303 -1.73668819 1.10670651
v 18.88503174 -1.74999263 1.09332822
v 18.88740479 -1.73668819 1.09094281
v 18.89387451 -1.75106349 1.14319195
v 18.88503174 -1.76306880 1.14188245
v 18.88503174 -1.76306880 1.14188245
v 18.89387451 -1.75106349 1.14319195
v 18.88503174 -1.74999263 1.15788022
v 18.88022217 -1.75911860 1.15304684
v 18.88740479 -1.73668818 1.16026562
v 18.88503174 -1.74999263 1.15788022
v 18.89685303 -1.73668818 1.14450192
v 18.88022217 -1.71425776 1.15304684
v 18.88503174 -1.72338221 1.15788022
v 18.89387451 -1.72231135 1.14319195
v 18.88503174 -1.71030604 1.14188244
v 18.88503174 -1.71030604 1.14188244
v 18.89387451 -1.72231135 1.14319195
v 18.89685303 -1.72124080 1.12560406
v 18.88740479 -1.70835658 1.12560406
v 18.88503174 -1.72338221 1.15788022
v 18.89387451 -1.72231135 1.10801602
v 18.88503174 -1.71030604 1.10932568
v 18.88503174 -1.71030604 1.10932568
v 18.89387451 -1.72231135 1.10801602
v 18.88503174 -1.72338222 1.09332821
v 18.87041748 -1.75106349 1.16676785
v 18.86911621 -1.76306880 1.15788022
v 18.86911621 -1.76306880 1.15788022
v 18.87041748 -1.75106349 1.16676785
v 18.85291748 -1.75213435 1.16976178
v 18.85291748 -1.76501979 1.16026562
v 18.85291748 -1.73668818 1.17294201
v 18.87172119 -1.73668818 1.16976178
v 18.88503174 -1.74999263 1.15788022
v 18.88740479 -1.73668818 1.16026562
v 18.83541992 -1.75106349 1.16676785
v 18.83672119 -1.76306880 1.15788022
v 18.83672119 -1.76306880 1.15788022
v 18.83541992 -1.75106349 1.16676785
v 18.82080566 -1.74999263 1.15788022
v 18.82561523 -1.75911860 1.15304684
v 18.81843018 -1.73668818 1.16026562
v 18.82080566 -1.74999263 1.15788022
v 18.83411621 -1.73668818 1.16976178
v 18.82561523 -1.71425776 1.15304684
v 18.82080566 -1.72338221 1.15788022
v 18.83541992 -1.72231135 1.16676785
v 18.83672119 -1.71030604 1.15788022
v 18.83672119 -1.71030604 1.15788022
v 18.83541992 -1.72231135 1.16676785
v 18.85291748 -1.72124080 1.16976178
v 18.85291748 -1.70835688 1.16026562
v 18.82080566 -1.72338221 1.15788022
v 18.87041748 -1.72231135 1.16676785
v 18.86911621 -1.71030604 1.15788022
v 18.86911621 -1.71030604 1.15788022
v 18.87041748 -1.72231135 1.16676785
v 18.88503174 -1.72338221 1.15788022
v 18.81196289 -1.75106349 1.14319195
v 18.82080566 -1.76306880 1.14188245
v 18.82080566 -1.76306880 1.14188245
v 18.81196289 -1.75106349 1.14319195
v 18.80898438 -1.75213435 1.12560406
v 18.81843018 -1.76501979 1.12560406
v 18.80581787 -1.73668818 1.12560406
v 18.80898438 -1.73668818 1.14450192
v 18.82080566 -1.74999263 1.15788022
v 18.81843018 -1.73668818 1.16026562
v 18.81196289 -1.75106349 1.10801602
v 18.82080566 -1.76306880 1.10932568
v 18.82080566 -1.76306880 1.10932568
v 18.81196289 -1.75106349 1.10801602
v 18.81843018 -1.73668819 1.09094281
v 18.82080566 -1.74999263 1.09332822
v 18.80898438 -1.73668819 1.10670651
v 18.81196289 -1.72231135 1.10801602
v 18.82080566 -1.71030604 1.10932568
v 18.82080566 -1.71030604 1.10932568
v 18.81196289 -1.72231135 1.10801602
v 18.80898438 -1.72124049 1.12560406
v 18.81843018 -1.70835658 1.12560406
v 18.82080566 -1.72338222 1.09332821
v 18.81196289 -1.72231135 1.14319195
v 18.82080566 -1.71030604 1.14188244
v 18.82080566 -1.71030604 1.14188244
v 18.81196289 -1.72231135 1.14319195
v 18.82080566 -1.72338221 1.15788022
vt 0.75531900 0.68435931
vt 0.75531900 0.68382740
vt 0.75507706 0.68382740
vt 0.75507718 0.68435931
vt 0.75531900 0.68333185
vt 0.75507706 0.68333185
vt 0.75531900 0.68290627
vt 0.75507706 0.68290627
vt 0.75600100 0.68581223
vt 0.75600100 0.68538678
vt 0.75575912 0.68538678
vt 0.75575912 0.68581223
vt 0.75600100 0.68489110
vt 0.75575912 0.68489110
vt 0.75600100 0.68435931
vt 0.75575912 0.68435931
vt 0.75600100 0.68382740
vt 0.75575912 0.68382740
vt 0.75600100 0.68333185
vt 0.75575912 0.68333185
vt 0.75600100 0.68290627
vt 0.75575912 0.68290627
vt 0.75580013 0.68621147
vt 0.75580013 0.68663704
vt 0.75604200 0.68663704
vt 0.75604200 0.68621147
vt 0.75580013 0.68713272
vt 0.75604200 0.68713272
vt 0.75580013 0.68766463
vt 0.75604200 0.68766463
vt 0.75580013 0.68819642
vt 0.75604200 0.68819642
vt 0.75580013 0.68869197
vt 0.75604194 0.68869197
vt 0.75580013 0.68911767
vt 0.75604194 0.68911767
vt 0.75423777 0.68581223
vt 0.75423777 0.68538678
vt 0.75399590 0.68538678
vt 0.75399590 0.68581223
vt 0.75423777 0.68489110
vt 0.75399590 0.68489110
vt 0.75423777 0.68435919
vt 0.75399590 0.68435919
vt 0.75423777 0.68382740
vt 0.75399590 0.68382740
vt 0.75423777 0.68333185
vt 0.75399590 0.68333185
vt 0.75423777 0.68290627
vt 0.75399590 0.68290627
vt 0.75531900 0.68581223
vt 0.75531900 0.68538678
vt 0.75507718 0.68538678
vt 0.75507718 0.68581223
vt 0.75531900 0.68489110
vt 0.75507718 0.68489110
vt 0.96903092 0.80746329
vt 0.96918428 0.80731249
vt 0.96847302 0.80636859
vt 0.96809953 0.80673563
vt 0.96937156 0.80720663
vt 0.96892887 0.80611074
vt 0.96957982 0.80715263
vt 0.96943587 0.80597961
vt 0.96979493 0.80715454
vt 0.96995944 0.80598426
vt 0.97000223 0.80721211
vt 0.97046411 0.80612409
vt 0.97018760 0.80732131
vt 0.97091526 0.80638993
vt 0.97033840 0.80747461
vt 0.97128236 0.80676341
vt 0.97044438 0.80766189
vt 0.97154015 0.80721927
vt 0.97049820 0.80787027
vt 0.97167128 0.80772614
vt 0.97049636 0.80808532
vt 0.97166675 0.80824983
vt 0.97043890 0.80829263
vt 0.97152668 0.80875432
vt 0.97032970 0.80847800
vt 0.97126096 0.80920565
vt 0.97017616 0.80862880
vt 0.97088748 0.80957258
vt 0.96998900 0.80873466
vt 0.97043169 0.80983055
vt 0.96978074 0.80878854
vt 0.96992475 0.80996168
vt 0.96956557 0.80878675
vt 0.96940112 0.80995703
vt 0.96935827 0.80872917
vt 0.96889651 0.80981719
vt 0.96917295 0.80861998
vt 0.96844530 0.80955136
vt 0.96902210 0.80846655
vt 0.96807826 0.80917788
vt 0.96891624 0.80827940
vt 0.96782041 0.80872214
vt 0.96886235 0.80807102
vt 0.96768928 0.80821514
vt 0.96886420 0.80785596
vt 0.96769387 0.80769145
vt 0.96892166 0.80764854
vt 0.96783370 0.80718684
vt 0.75534183 0.68382823
vt 0.75534183 0.68435931
vt 0.75535995 0.68383050
vt 0.75535995 0.68435931
vt 0.75534183 0.68333340
vt 0.75535995 0.68333793
vt 0.75534183 0.68290842
vt 0.75535995 0.68291497
vt 0.75602382 0.68538523
vt 0.75602382 0.68581021
vt 0.75604200 0.68538058
vt 0.75604200 0.68580365
vt 0.75602382 0.68489027
vt 0.75604200 0.68488801
vt 0.75602382 0.68435931
vt 0.75604200 0.68435931
vt 0.75602382 0.68382823
vt 0.75604200 0.68383050
vt 0.75602382 0.68333340
vt 0.75604200 0.68333793
vt 0.75602382 0.68290842
vt 0.75604200 0.68291497
vt 0.75577724 0.68663859
vt 0.75577724 0.68621361
vt 0.75575912 0.68664312
vt 0.75575912 0.68622017
vt 0.75577724 0.68713355
vt 0.75575912 0.68713593
vt 0.75577724 0.68766463
vt 0.75575912 0.68766463
vt 0.75577724 0.68819559
vt 0.75575912 0.68819320
vt 0.75577724 0.68869042
vt 0.75575912 0.68868577
vt 0.75577724 0.68911541
vt 0.75575912 0.68910897
vt 0.75426060 0.68538523
vt 0.75426060 0.68581021
vt 0.75427878 0.68538058
vt 0.75427878 0.68580365
vt 0.75426060 0.68489027
vt 0.75427878 0.68488801
vt 0.75426060 0.68435919
vt 0.75427878 0.68435919
vt 0.75426060 0.68382823
vt 0.75427878 0.68383050
vt 0.75426060 0.68333340
vt 0.75427878 0.68333793
vt 0.75426060 0.68290842
vt 0.75427878 0.68291497
vt 0.75534183 0.68538523
vt 0.75534183 0.68581021
vt 0.75535995 0.68538058
vt 0.75535995 0.68580365
vt 0.75534183 0.68489027
vt 0.75535995 0.68488801
vt 0.96808261 0.80672240
vt 0.96846020 0.80635142
vt 0.96807063 0.80671310
vt 0.96845090 0.80633926
vt 0.96892077 0.80609083
vt 0.96891510 0.80607665
vt 0.96943313 0.80595827
vt 0.96943128 0.80594313
vt 0.96996236 0.80596304
vt 0.96996456 0.80594778
vt 0.97047246 0.80610442
vt 0.97047842 0.80609035
vt 0.97092849 0.80637312
vt 0.97093779 0.80636096
vt 0.97129941 0.80675054
vt 0.97131157 0.80674136
vt 0.97156006 0.80721116
vt 0.97157425 0.80720544
vt 0.97169256 0.80772352
vt 0.97170764 0.80772173
vt 0.97168791 0.80825281
vt 0.97170305 0.80825496
vt 0.97154647 0.80876279
vt 0.97156054 0.80876875
vt 0.97127789 0.80921888
vt 0.97128987 0.80922818
vt 0.97090042 0.80958974
vt 0.97090960 0.80960202
vt 0.97043967 0.80985045
vt 0.97044551 0.80986464
vt 0.96992731 0.80998278
vt 0.96992922 0.80999804
vt 0.96939814 0.80997825
vt 0.96939600 0.80999351
vt 0.96888810 0.80983686
vt 0.96888214 0.80985093
vt 0.96843207 0.80956829
vt 0.96842265 0.80958021
vt 0.96806115 0.80919075
vt 0.96804893 0.80919993
vt 0.96780050 0.80873013
vt 0.96778631 0.80873585
vt 0.96766800 0.80821776
vt 0.96765280 0.80821955
vt 0.96767265 0.80768847
vt 0.96765745 0.80768633
vt 0.96781409 0.80717850
vt 0.96779996 0.80717254
vt 0.92272288 0.78804862
vt 0.92266655 0.78804862
vt 0.92266655 0.78826189
vt 0.92272288 0.78826189
vt 0.92272288 0.78783536
vt 0.92266655 0.78783536
vt 0.92272288 0.78763664
vt 0.92266655 0.78763664
vt 0.92272288 0.78746593
vt 0.92266655 0.78746593
vt 0.75656521 0.68734658
vt 0.75662154 0.68734658
vt 0.75662154 0.68717599
vt 0.75656521 0.68717599
vt 0.75656521 0.68754542
vt 0.75662154 0.68754542
vt 0.75656521 0.68775868
vt 0.75662154 0.68775868
vt 0.75656521 0.68797195
vt 0.75662154 0.68797195
vt 0.75656521 0.68817067
vt 0.75662154 0.68817067
vt 0.75656521 0.68834138
vt 0.75662154 0.68834138
vt 0.89963979 0.81493700
vt 0.89969611 0.81493700
vt 0.89969611 0.81476641
vt 0.89963979 0.81476641
vt 0.89963979 0.81513584
vt 0.89969611 0.81513584
vt 0.89963979 0.81534910
vt 0.89969611 0.81534910
vt 0.89963979 0.81556237
vt 0.89969611 0.81556237
vt 0.89963979 0.81576121
vt 0.89969611 0.81576121
vt 0.89963979 0.81593180
vt 0.89969611 0.81593180
vt 0.75656521 0.68578207
vt 0.75662154 0.68578207
vt 0.75662154 0.68561137
vt 0.75656521 0.68561137
vt 0.75656521 0.68598080
vt 0.75662154 0.68598080
vt 0.75656521 0.68619418
vt 0.75662154 0.68619418
vt 0.75656521 0.68640733
vt 0.75662154 0.68640733
vt 0.75656521 0.68660617
vt 0.75662154 0.68660617
vt 0.75656521 0.68677676
vt 0.75662154 0.68677676
vt 0.92272288 0.78846073
vt 0.92266655 0.78846073
vt 0.92266655 0.78863132
vt 0.92272288 0.78863132
vt 0.90484798 0.57078457
vt 0.90498519 0.57060885
vt 0.90479982 0.57049978
vt 0.90471274 0.57070494
vt 0.90495795 0.57089663
vt 0.90513599 0.57076228
vt 0.90503508 0.57103312
vt 0.90524197 0.57094955
vt 0.90507448 0.57118499
vt 0.90529579 0.57115781
vt 0.90507305 0.57134199
vt 0.90529394 0.57137299
vt 0.90503114 0.57149315
vt 0.90523648 0.57158029
vt 0.90495151 0.57162833
vt 0.90512723 0.57176566
vt 0.90483963 0.57173836
vt 0.90497380 0.57191646
vt 0.90470302 0.57181561
vt 0.90478653 0.57202232
vt 0.90455115 0.57185483
vt 0.90457833 0.57207620
vt 0.90439421 0.57185352
vt 0.90436316 0.57207429
vt 0.90424299 0.57181156
vt 0.90415585 0.57201684
vt 0.90410781 0.57173193
vt 0.90397054 0.57190764
vt 0.90399784 0.57162011
vt 0.90381974 0.57175422
vt 0.90392059 0.57148337
vt 0.90371382 0.57156694
vt 0.90388125 0.57133150
vt 0.90365994 0.57135868
vt 0.90388268 0.57117462
vt 0.90366179 0.57114363
vt 0.90392458 0.57102334
vt 0.90371925 0.57093632
vt 0.90400422 0.57088828
vt 0.90382850 0.57075095
vt 0.90411621 0.57077825
vt 0.90398192 0.57060015
vt 0.90425271 0.57070100
vt 0.90416914 0.57049417
vt 0.90440458 0.57066166
vt 0.90437740 0.57044029
vt 0.90456152 0.57066309
vt 0.90459257 0.57044220
vt 0.90487075 0.57004118
vt 0.90487075 0.56889546
vt 0.90471524 0.56889546
vt 0.90471524 0.57004118
vt 0.90502644 0.57004118
vt 0.90502644 0.56889546
vt 0.90517133 0.57004118
vt 0.90517133 0.56889546
vt 0.90529579 0.57004118
vt 0.90529579 0.56889546
vt 0.77579755 0.50409734
vt 0.77579755 0.50295162
vt 0.77567303 0.50295162
vt 0.77567303 0.50409734
vt 0.77594244 0.50409734
vt 0.77594244 0.50295162
vt 0.77609807 0.50409734
vt 0.77609807 0.50295162
vt 0.77625364 0.50409734
vt 0.77625364 0.50295162
vt 0.77639854 0.50409734
vt 0.77639854 0.50295162
vt 0.77652299 0.50409734
vt 0.77652299 0.50295162
vt 0.90517133 0.57328165
vt 0.90517133 0.57442737
vt 0.90529579 0.57442737
vt 0.90529579 0.57328165
vt 0.90502644 0.57328165
vt 0.90502644 0.57442737
vt 0.90487075 0.57328165
vt 0.90487075 0.57442737
vt 0.90471524 0.57328165
vt 0.90471524 0.57442737
vt 0.90457028 0.57328165
vt 0.90457028 0.57442737
vt 0.90444577 0.57328165
vt 0.90444577 0.57442737
vt 0.77579755 0.49964118
vt 0.77579755 0.49849546
vt 0.77567303 0.49849546
vt 0.77567303 0.49964118
vt 0.77594244 0.49964118
vt 0.77594244 0.49849546
vt 0.77609807 0.49964118
vt 0.77609807 0.49849546
vt 0.77625364 0.49964118
vt 0.77625364 0.49849546
vt 0.77639854 0.49964118
vt 0.77639854 0.49849546
vt 0.77652299 0.49964118
vt 0.77652299 0.49849546
vt 0.90457028 0.57004118
vt 0.90457028 0.56889546
vt 0.90444577 0.56889546
vt 0.90444577 0.57004118
vt 0.83763105 0.68001163
vt 0.83755690 0.68005836
vt 0.83765191 0.68009675
vt 0.90206796 0.74187779
vt 0.90203512 0.74187779
vt 0.90203512 0.74219584
vt 0.90206796 0.74219584
vt 0.90206796 0.74155986
vt 0.90203512 0.74155986
vt 0.67185664 0.50763309
vt 0.67188954 0.50763309
vt 0.67188960 0.50731552
vt 0.67185670 0.50731552
vt 0.67185664 0.50795090
vt 0.67188954 0.50795090
vt 0.67188954 0.50763309
vt 0.67185664 0.50763309
vt 0.90206796 0.74370873
vt 0.90203512 0.74370873
vt 0.90203512 0.74402666
vt 0.90206796 0.74402666
vt 0.90206796 0.74339068
vt 0.90203512 0.74339068
vt 0.92261964 0.77005160
vt 0.92265248 0.77005160
vt 0.92265236 0.76973379
vt 0.92261952 0.76973379
vt 0.92261964 0.77036917
vt 0.92265248 0.77036917
vt 0.92265248 0.77005160
vt 0.92261964 0.77005160
vt 0.79333055 0.38533080
vt 0.79339522 0.38535690
vt 0.79339236 0.38501275
vt 0.79332817 0.38504016
vt 0.79312688 0.38553822
vt 0.79315418 0.38560247
vt 0.79283643 0.38554084
vt 0.79281020 0.38560557
vt 0.79262918 0.38533717
vt 0.79256499 0.38536441
vt 0.79262680 0.38504648
vt 0.79256207 0.38502026
vt 0.79283041 0.38483906
vt 0.79280323 0.38477480
vt 0.79312098 0.38483644
vt 0.79314715 0.38477165
vt 0.05806577 0.84169221
vt 0.05806577 0.84162176
vt 0.05779716 0.84162176
vt 0.05779716 0.84169221
vt 0.05833438 0.84169221
vt 0.05833438 0.84162176
vt 0.08374573 0.61555469
vt 0.08381606 0.61555469
vt 0.08381599 0.61528635
vt 0.08374567 0.61528635
vt 0.08374573 0.61582315
vt 0.08381606 0.61582315
vt 0.08381606 0.61555469
vt 0.08374573 0.61555469
vt 0.92272288 0.78679812
vt 0.92265254 0.78679812
vt 0.92265254 0.78706682
vt 0.92272288 0.78706682
vt 0.92272288 0.78652954
vt 0.92265254 0.78652954
vt 0.05806601 0.74906623
vt 0.05806601 0.74913657
vt 0.05833443 0.74913669
vt 0.05833443 0.74906623
vt 0.05779764 0.74906623
vt 0.05779764 0.74913657
vt 0.05806601 0.74913657
vt 0.05806601 0.74906623
vt 0.83734030 0.68001413
vt 0.83783853 0.68021536
vt 0.83784109 0.68050587
vt 0.83742076 0.68066883
vt 0.83763742 0.68071306
vt 0.83734667 0.68071544
vt 0.83732581 0.68063056
vt 0.83713925 0.68051183
vt 0.83713663 0.68022132
vt 0.90108842 0.63970685
vt 0.90108842 0.63908994
vt 0.90098608 0.63908994
vt 0.90098608 0.63970685
vt 0.05725180 0.74907100
vt 0.05702775 0.74907100
vt 0.05702775 0.74968803
vt 0.05725174 0.74968803
vt 0.32629377 0.42649019
vt 0.32606974 0.42649019
vt 0.32606974 0.42659259
vt 0.32629377 0.42659259
vt 0.08320720 0.61528635
vt 0.08298320 0.61528635
vt 0.08298320 0.61590338
vt 0.08320726 0.61590338
vt 0.23776245 0.37820041
vt 0.23753847 0.37820041
vt 0.23753847 0.37830281
vt 0.23776245 0.37830281
vt 0.96168965 0.80839872
vt 0.96212912 0.80866826
vt 0.96216118 0.80804157
vt 0.96155310 0.80789971
vt 0.96221042 0.80729258
vt 0.96154946 0.80719972
vt 0.96300286 0.80740392
vt 0.96289092 0.80820036
vt 0.96279758 0.80886471
vt 0.96236962 0.80655909
vt 0.96174586 0.80652773
vt 0.96251142 0.80594778
vt 0.96201468 0.80608571
vt 0.96320814 0.80594313
vt 0.96311480 0.80660748
vt 0.96431607 0.80640912
vt 0.96387666 0.80613959
vt 0.96384448 0.80676639
vt 0.96445262 0.80690813
vt 0.96379524 0.80751526
vt 0.96445626 0.80760813
vt 0.96363616 0.80824876
vt 0.96425980 0.80828011
vt 0.96349424 0.80886006
vt 0.96399099 0.80872214
vt 0.96844506 0.81317627
vt 0.96871388 0.81273425
vt 0.96809018 0.81270289
vt 0.96794826 0.81331420
vt 0.96734500 0.81265438
vt 0.96725166 0.81331873
vt 0.96772766 0.81221688
vt 0.96739441 0.81230295
vt 0.96824932 0.81196940
vt 0.96891034 0.81206226
vt 0.96661526 0.81249571
vt 0.96658319 0.81312227
vt 0.96600723 0.81235385
vt 0.96614367 0.81285286
vt 0.96600354 0.81165373
vt 0.96666449 0.81174660
vt 0.96709788 0.81212831
vt 0.96701151 0.81179547
vt 0.96646881 0.81053972
vt 0.96619993 0.81098175
vt 0.96682364 0.81101310
vt 0.96696550 0.81040180
vt 0.96756887 0.81106150
vt 0.96766216 0.81039727
vt 0.96718627 0.81149912
vt 0.96751946 0.81141305
vt 0.96829855 0.81122041
vt 0.96833068 0.81059372
vt 0.96890670 0.81136227
vt 0.96877015 0.81086314
vt 0.96781605 0.81158757
vt 0.96790230 0.81192052
vt 0.92353630 0.76965690
vt 0.92305166 0.76965177
vt 0.92318225 0.77036917
vt 0.92377847 0.77014196
vt 0.96932000 0.81575823
vt 0.96982235 0.81586671
vt 0.96985489 0.81512141
vt 0.96930957 0.81506407
vt 0.97050864 0.81519008
vt 0.97042489 0.81598592
vt 0.96980268 0.81649017
vt 0.97035515 0.81664979
vt 0.96997803 0.81438553
vt 0.96946412 0.81438720
vt 0.82867181 0.68027282
vt 0.82930213 0.68037105
vt 0.82928073 0.67964220
vt 0.82880783 0.67974806
vt 0.97066200 0.81373048
vt 0.97008836 0.81377172
vt 0.97059220 0.81439424
vt 0.90115130 0.74593377
vt 0.90163594 0.74593890
vt 0.90150535 0.74522150
vt 0.90090919 0.74544871
vt 0.97169727 0.81462193
vt 0.97119492 0.81451333
vt 0.97116244 0.81525886
vt 0.97170764 0.81531620
vt 0.97121465 0.81389010
vt 0.97103930 0.81599474
vt 0.97155315 0.81599295
vt 0.92358100 0.76726985
vt 0.92295063 0.76717150
vt 0.92297208 0.76790047
vt 0.92344499 0.76779473
vt 0.97092891 0.81660843
vt 0.82899714 0.67900431
vt 0.82846481 0.67934537
vt 0.96931970 0.81243598
vt 0.96982193 0.81254470
vt 0.96985489 0.81179559
vt 0.96930951 0.81173825
vt 0.97050864 0.81186426
vt 0.97042453 0.81266415
vt 0.96980196 0.81317115
vt 0.97035444 0.81333125
vt 0.96997845 0.81105590
vt 0.96946454 0.81105793
vt 0.90163589 0.74179578
vt 0.90104437 0.74155986
vt 0.90089953 0.74227631
vt 0.90138429 0.74227786
vt 0.97066277 0.81039727
vt 0.97008914 0.81043911
vt 0.97059262 0.81106448
vt 0.90269297 0.57500434
vt 0.90315342 0.57485318
vt 0.90279430 0.57421660
vt 0.90230453 0.57462370
vt 0.97169769 0.81129265
vt 0.97119528 0.81118381
vt 0.97116244 0.81193304
vt 0.97170764 0.81199038
vt 0.97121537 0.81055737
vt 0.97103888 0.81267262
vt 0.97155279 0.81267071
vt 0.90089953 0.74639893
vt 0.90149117 0.74662185
vt 0.97092825 0.81328952
vt 0.90103066 0.74296033
vt 0.90162665 0.74274600
vt 0.70588750 0.63902164
vt 0.70638978 0.63913023
vt 0.70642239 0.63838482
vt 0.70587701 0.63832748
vt 0.70707613 0.63845348
vt 0.70699251 0.63924932
vt 0.70637017 0.63975358
vt 0.70692271 0.63991320
vt 0.70654559 0.63764894
vt 0.70603162 0.63765073
vt 0.82909524 0.67727184
vt 0.82846481 0.67717350
vt 0.82848620 0.67790246
vt 0.82895917 0.67779648
vt 0.70722955 0.63699389
vt 0.70665592 0.63703513
vt 0.70715976 0.63765776
vt 0.90138412 0.74407887
vt 0.90089953 0.74407363
vt 0.90103018 0.74479103
vt 0.90162629 0.74456382
vt 0.70826477 0.63788545
vt 0.70776242 0.63777685
vt 0.70773000 0.63852227
vt 0.70827520 0.63857961
vt 0.70778215 0.63715351
vt 0.70760673 0.63925815
vt 0.70812070 0.63925636
vt 0.90260702 0.57552457
vt 0.90324003 0.57554424
vt 0.70749646 0.63987184
vt 0.82876980 0.67854035
vt 0.82930213 0.67819929
vt 0.96724349 0.80683863
vt 0.96674120 0.80672979
vt 0.96670830 0.80747890
vt 0.96725363 0.80753624
vt 0.96605450 0.80741024
vt 0.96613860 0.80661035
vt 0.96676129 0.80610335
vt 0.96620876 0.80594313
vt 0.96658468 0.80821860
vt 0.96709871 0.80821657
vt 0.92378801 0.76919174
vt 0.92319643 0.76896894
vt 0.96590030 0.80887723
vt 0.96647406 0.80883539
vt 0.96597040 0.80821002
vt 0.92325568 0.76853836
vt 0.92378801 0.76819730
vt 0.96486551 0.80798185
vt 0.96536779 0.80809069
vt 0.96540070 0.80734158
vt 0.96485543 0.80728424
vt 0.96534777 0.80871713
vt 0.96552426 0.80660188
vt 0.96501034 0.80660391
vt 0.90163594 0.74361360
vt 0.90104437 0.74339068
vt 0.96563494 0.80598497
vt 0.75531900 0.68435931
vt 0.75531900 0.68382740
vt 0.75507706 0.68382740
vt 0.75507718 0.68435931
vt 0.75531900 0.68333185
vt 0.75507706 0.68333185
vt 0.75531900 0.68290627
vt 0.75507706 0.68290627
vt 0.75600100 0.68581223
vt 0.75600100 0.68538678
vt 0.75575912 0.68538678
vt 0.75575912 0.68581223
vt 0.75600100 0.68489110
vt 0.75575912 0.68489110
vt 0.75600100 0.68435931
vt 0.75575912 0.68435931
vt 0.75600100 0.68382740
vt 0.75575912 0.68382740
vt 0.75600100 0.68333185
vt 0.75575912 0.68333185
vt 0.75600100 0.68290627
vt 0.75575912 0.68290627
vt 0.75580013 0.68621147
vt 0.75580013 0.68663704
vt 0.75604200 0.68663704
vt 0.75604200 0.68621147
vt 0.75580013 0.68713272
vt 0.75604200 0.68713272
vt 0.75580013 0.68766463
vt 0.75604200 0.68766463
vt 0.75580013 0.68819642
vt 0.75604200 0.68819642
vt 0.75580013 0.68869197
vt 0.75604194 0.68869197
vt 0.75580013 0.68911767
vt 0.75604194 0.68911767
vt 0.75423777 0.68581223
vt 0.75423777 0.68538678
vt 0.75399590 0.68538678
vt 0.75399590 0.68581223
vt 0.75423777 0.68489110
vt 0.75399590 0.68489110
vt 0.75423777 0.68435919
vt 0.75399590 0.68435919
vt 0.75423777 0.68382740
vt 0.75399590 0.68382740
vt 0.75423777 0.68333185
vt 0.75399590 0.68333185
vt 0.75423777 0.68290627
vt 0.75399590 0.68290627
vt 0.75531900 0.68581223
vt 0.75531900 0.68538678
vt 0.75507718 0.68538678
vt 0.75507718 0.68581223
vt 0.75531900 0.68489110
vt 0.75507718 0.68489110
vt 0.96903092 0.80746329
vt 0.96918428 0.80731249
vt 0.96847302 0.80636859
vt 0.96809953 0.80673563
vt 0.96937156 0.80720663
vt 0.96892887 0.80611074
vt 0.96957982 0.80715263
vt 0.96943587 0.80597961
vt 0.96979493 0.80715454
vt 0.96995944 0.80598426
vt 0.97000223 0.80721211
vt 0.97046411 0.80612409
vt 0.97018760 0.80732131
vt 0.97091526 0.80638993
vt 0.97033840 0.80747461
vt 0.97128236 0.80676341
vt 0.97044438 0.80766189
vt 0.97154015 0.80721927
vt 0.97049820 0.80787027
vt 0.97167128 0.80772614
vt 0.97049636 0.80808532
vt 0.97166675 0.80824983
vt 0.97043890 0.80829263
vt 0.97152668 0.80875432
vt 0.97032970 0.80847800
vt 0.97126096 0.80920565
vt 0.97017616 0.80862880
vt 0.97088748 0.80957258
vt 0.96998900 0.80873466
vt 0.97043169 0.80983055
vt 0.96978074 0.80878854
vt 0.96992475 0.80996168
vt 0.96956557 0.80878675
vt 0.96940112 0.80995703
vt 0.96935827 0.80872917
vt 0.96889651 0.80981719
vt 0.96917295 0.80861998
vt 0.96844530 0.80955136
vt 0.96902210 0.80846655
vt 0.96807826 0.80917788
vt 0.96891624 0.80827940
vt 0.96782041 0.80872214
vt 0.96886235 0.80807102
vt 0.96768928 0.80821514
vt 0.96886420 0.80785596
vt 0.96769387 0.80769145
vt 0.96892166 0.80764854
vt 0.96783370 0.80718684
vt 0.75534183 0.68382823
vt 0.75534183 0.68435931
vt 0.75535995 0.68383050
vt 0.75535995 0.68435931
vt 0.75534183 0.68333340
vt 0.75535995 0.68333793
vt 0.75534183 0.68290842
vt 0.75535995 0.68291497
vt 0.75602382 0.68538523
vt 0.75602382 0.68581021
vt 0.75604200 0.68538058
vt 0.75604200 0.68580365
vt 0.75602382 0.68489027
vt 0.75604200 0.68488801
vt 0.75602382 0.68435931
vt 0.75604200 0.68435931
vt 0.75602382 0.68382823
vt 0.75604200 0.68383050
vt 0.75602382 0.68333340
vt 0.75604200 0.68333793
vt 0.75602382 0.68290842
vt 0.75604200 0.68291497
vt 0.75577724 0.68663859
vt 0.75577724 0.68621361
vt 0.75575912 0.68664312
vt 0.75575912 0.68622017
vt 0.75577724 0.68713355
vt 0.75575912 0.68713593
vt 0.75577724 0.68766463
vt 0.75575912 0.68766463
vt 0.75577724 0.68819559
vt 0.75575912 0.68819320
vt 0.75577724 0.68869042
vt 0.75575912 0.68868577
vt 0.75577724 0.68911541
vt 0.75575912 0.68910897
vt 0.75426060 0.68538523
vt 0.75426060 0.68581021
vt 0.75427878 0.68538058
vt 0.75427878 0.68580365
vt 0.75426060 0.68489027
vt 0.75427878 0.68488801
vt 0.75426060 0.68435919
vt 0.75427878 0.68435919
vt 0.75426060 0.68382823
vt 0.75427878 0.68383050
vt 0.75426060 0.68333340
vt 0.75427878 0.68333793
vt 0.75426060 0.68290842
vt 0.75427878 0.68291497
vt 0.75534183 0.68538523
vt 0.75534183 0.68581021
vt 0.75535995 0.68538058
vt 0.75535995 0.68580365
vt 0.75534183 0.68489027
vt 0.75535995 0.68488801
vt 0.96808261 0.80672240
vt 0.96846020 0.80635142
vt 0.96807063 0.80671310
vt 0.96845090 0.80633926
vt 0.96892077 0.80609083
vt 0.96891510 0.80607665
vt 0.96943313 0.80595827
vt 0.96943128 0.80594313
vt 0.96996236 0.80596304
vt 0.96996456 0.80594778
vt 0.97047246 0.80610442
vt 0.97047842 0.80609035
vt 0.97092849 0.80637312
vt 0.97093779 0.80636096
vt 0.97129941 0.80675054
vt 0.97131157 0.80674136
vt 0.97156006 0.80721116
vt 0.97157425 0.80720544
vt 0.97169256 0.80772352
vt 0.97170764 0.80772173
vt 0.97168791 0.80825281
vt 0.97170305 0.80825496
vt 0.97154647 0.80876279
vt 0.97156054 0.80876875
vt 0.97127789 0.80921888
vt 0.97128987 0.80922818
vt 0.97090042 0.80958974
vt 0.97090960 0.80960202
vt 0.97043967 0.80985045
vt 0.97044551 0.80986464
vt 0.96992731 0.80998278
vt 0.96992922 0.80999804
vt 0.96939814 0.80997825
vt 0.96939600 0.80999351
vt 0.96888810 0.80983686
vt 0.96888214 0.80985093
vt 0.96843207 0.80956829
vt 0.96842265 0.80958021
vt 0.96806115 0.80919075
vt 0.96804893 0.80919993
vt 0.96780050 0.80873013
vt 0.96778631 0.80873585
vt 0.96766800 0.80821776
vt 0.96765280 0.80821955
vt 0.96767265 0.80768847
vt 0.96765745 0.80768633
vt 0.96781409 0.80717850
vt 0.96779996 0.80717254
vt 0.92272288 0.78804862
vt 0.92266655 0.78804862
vt 0.92266655 0.78826189
vt 0.92272288 0.78826189
vt 0.92272288 0.78783536
vt 0.92266655 0.78783536
vt 0.92272288 0.78763664
vt 0.92266655 0.78763664
vt 0.92272288 0.78746593
vt 0.92266655 0.78746593
vt 0.75656521 0.68734658
vt 0.75662154 0.68734658
vt 0.75662154 0.68717599
vt 0.75656521 0.68717599
vt 0.75656521 0.68754542
vt 0.75662154 0.68754542
vt 0.75656521 0.68775868
vt 0.75662154 0.68775868
vt 0.75656521 0.68797195
vt 0.75662154 0.68797195
vt 0.75656521 0.68817067
vt 0.75662154 0.68817067
vt 0.75656521 0.68834138
vt 0.75662154 0.68834138
vt 0.89963979 0.81493700
vt 0.89969611 0.81493700
vt 0.89969611 0.81476641
vt 0.89963979 0.81476641
vt 0.89963979 0.81513584
vt 0.89969611 0.81513584
vt 0.89963979 0.81534910
vt 0.89969611 0.81534910
vt 0.89963979 0.81556237
vt 0.89969611 0.81556237
vt 0.89963979 0.81576121
vt 0.89969611 0.81576121
vt 0.89963979 0.81593180
vt 0.89969611 0.81593180
vt 0.75656521 0.68578207
vt 0.75662154 0.68578207
vt 0.75662154 0.68561137
vt 0.75656521 0.68561137
vt 0.75656521 0.68598080
vt 0.75662154 0.68598080
vt 0.75656521 0.68619418
vt 0.75662154 0.68619418
vt 0.75656521 0.68640733
vt 0.75662154 0.68640733
vt 0.75656521 0.68660617
vt 0.75662154 0.68660617
vt 0.75656521 0.68677676
vt 0.75662154 0.68677676
vt 0.92272288 0.78846073
vt 0.92266655 0.78846073
vt 0.92266655 0.78863132
vt 0.92272288 0.78863132
vt 0.90484798 0.57078457
vt 0.90498519 0.57060885
vt 0.90479982 0.57049978
vt 0.90471274 0.57070494
vt 0.90495795 0.57089663
vt 0.90513599 0.57076228
vt 0.90503508 0.57103312
vt 0.90524197 0.57094955
vt 0.90507448 0.57118499
vt 0.90529579 0.57115781
vt 0.90507305 0.57134199
vt 0.90529394 0.57137299
vt 0.90503114 0.57149315
vt 0.90523648 0.57158029
vt 0.90495151 0.57162833
vt 0.90512723 0.57176566
vt 0.90483963 0.57173836
vt 0.90497380 0.57191646
vt 0.90470302 0.57181561
vt 0.90478653 0.57202232
vt 0.90455115 0.57185483
vt 0.90457833 0.57207620
vt 0.90439421 0.57185352
vt 0.90436316 0.57207429
vt 0.90424299 0.57181156
vt 0.90415585 0.57201684
vt 0.90410781 0.57173193
vt 0.90397054 0.57190764
vt 0.90399784 0.57162011
vt 0.90381974 0.57175422
vt 0.90392059 0.57148337
vt 0.90371382 0.57156694
vt 0.90388125 0.57133150
vt 0.90365994 0.57135868
vt 0.90388268 0.57117462
vt 0.90366179 0.57114363
vt 0.90392458 0.57102334
vt 0.90371925 0.57093632
vt 0.90400422 0.57088828
vt 0.90382850 0.57075095
vt 0.90411621 0.57077825
vt 0.90398192 0.57060015
vt 0.90425271 0.57070100
vt 0.90416914 0.57049417
vt 0.90440458 0.57066166
vt 0.90437740 0.57044029
vt 0.90456152 0.57066309
vt 0.90459257 0.57044220
vt 0.90487075 0.57004118
vt 0.90487075 0.56889546
vt 0.90471524 0.56889546
vt 0.90471524 0.57004118
vt 0.90502644 0.57004118
vt 0.90502644 0.56889546
vt 0.90517133 0.57004118
vt 0.90517133 0.56889546
vt 0.90529579 0.57004118
vt 0.90529579 0.56889546
vt 0.77579755 0.50409734
vt 0.77579755 0.50295162
vt 0.77567303 0.50295162
vt 0.77567303 0.50409734
vt 0.77594244 0.50409734
vt 0.77594244 0.50295162
vt 0.77609807 0.50409734
vt 0.77609807 0.50295162
vt 0.77625364 0.50409734
vt 0.77625364 0.50295162
vt 0.77639854 0.50409734
vt 0.77639854 0.50295162
vt 0.77652299 0.50409734
vt 0.77652299 0.50295162
vt 0.90517133 0.57328165
vt 0.90517133 0.57442737
vt 0.90529579 0.57442737
vt 0.90529579 0.57328165
vt 0.90502644 0.57328165
vt 0.90502644 0.57442737
vt 0.90487075 0.57328165
vt 0.90487075 0.57442737
vt 0.90471524 0.57328165
vt 0.90471524 0.57442737
vt 0.90457028 0.57328165
vt 0.90457028 0.57442737
vt 0.90444577 0.57328165
vt 0.90444577 0.57442737
vt 0.77579755 0.49964118
vt 0.77579755 0.49849546
vt 0.77567303 0.49849546
vt 0.77567303 0.49964118
vt 0.77594244 0.49964118
vt 0.77594244 0.49849546
vt 0.77609807 0.49964118
vt 0.77609807 0.49849546
vt 0.77625364 0.49964118
vt 0.77625364 0.49849546
vt 0.77639854 0.49964118
vt 0.77639854 0.49849546
vt 0.77652299 0.49964118
vt 0.77652299 0.49849546
vt 0.90457028 0.57004118
vt 0.90457028 0.56889546
vt 0.90444577 0.56889546
vt 0.90444577 0.57004118
vt 0.83763105 0.68001163
vt 0.83755690 0.68005836
vt 0.83765191 0.68009675
vt 0.90206796 0.74187779
vt 0.90203512 0.74187779
vt 0.90203512 0.74219584
vt 0.90206796 0.74219584
vt 0.90206796 0.74155986
vt 0.90203512 0.74155986
vt 0.67185664 0.50763309
vt 0.67188954 0.50763309
vt 0.67188960 0.50731552
vt 0.67185670 0.50731552
vt 0.67185664 0.50795090
vt 0.67188954 0.50795090
vt 0.67188954 0.50763309
vt 0.67185664 0.50763309
vt 0.90206796 0.74370873
vt 0.90203512 0.74370873
vt 0.90203512 0.74402666
vt 0.90206796 0.74402666
vt 0.90206796 0.74339068
vt 0.90203512 0.74339068
vt 0.92261964 0.77005160
vt 0.92265248 0.77005160
vt 0.92265236 0.76973379
vt 0.92261952 0.76973379
vt 0.92261964 0.77036917
vt 0.92265248 0.77036917
vt 0.92265248 0.77005160
vt 0.92261964 0.77005160
vt 0.79333055 0.38533080
vt 0.79339522 0.38535690
vt 0.79339236 0.38501275
vt 0.79332817 0.38504016
vt 0.79312688 0.38553822
vt 0.79315418 0.38560247
vt 0.79283643 0.38554084
vt 0.79281020 0.38560557
vt 0.79262918 0.38533717
vt 0.79256499 0.38536441
vt 0.79262680 0.38504648
vt 0.79256207 0.38502026
vt 0.79283041 0.38483906
vt 0.79280323 0.38477480
vt 0.79312098 0.38483644
vt 0.79314715 0.38477165
vt 0.05806577 0.84169221
vt 0.05806577 0.84162176
vt 0.05779716 0.84162176
vt 0.05779716 0.84169221
vt 0.05833438 0.84169221
vt 0.05833438 0.84162176
vt 0.08374573 0.61555469
vt 0.08381606 0.61555469
vt 0.08381599 0.61528635
vt 0.08374567 0.61528635
vt 0.08374573 0.61582315
vt 0.08381606 0.61582315
vt 0.08381606 0.61555469
vt 0.08374573 0.61555469
vt 0.92272288 0.78679812
vt 0.92265254 0.78679812
vt 0.92265254 0.78706682
vt 0.92272288 0.78706682
vt 0.92272288 0.78652954
vt 0.92265254 0.78652954
vt 0.05806601 0.74906623
vt 0.05806601 0.74913657
vt 0.05833443 0.74913669
vt 0.05833443 0.74906623
vt 0.05779764 0.74906623
vt 0.05779764 0.74913657
vt 0.05806601 0.74913657
vt 0.05806601 0.74906623
vt 0.83734030 0.68001413
vt 0.83783853 0.68021536
vt 0.83784109 0.68050587
vt 0.83742076 0.68066883
vt 0.83763742 0.68071306
vt 0.83734667 0.68071544
vt 0.83732581 0.68063056
vt 0.83713925 0.68051183
vt 0.83713663 0.68022132
vt 0.90108842 0.63970685
vt 0.90108842 0.63908994
vt 0.90098608 0.63908994
vt 0.90098608 0.63970685
vt 0.05725180 0.74907100
vt 0.05702775 0.74907100
vt 0.05702775 0.74968803
vt 0.05725174 0.74968803
vt 0.32629377 0.42649019
vt 0.32606974 0.42649019
vt 0.32606974 0.42659259
vt 0.32629377 0.42659259
vt 0.08320720 0.61528635
vt 0.08298320 0.61528635
vt 0.08298320 0.61590338
vt 0.08320726 0.61590338
vt 0.23776245 0.37820041
vt 0.23753847 0.37820041
vt 0.23753847 0.37830281
vt 0.23776245 0.37830281
vt 0.96168965 0.80839872
vt 0.96212912 0.80866826
vt 0.96216118 0.80804157
vt 0.96155310 0.80789971
vt 0.96221042 0.80729258
vt 0.96154946 0.80719972
vt 0.96300286 0.80740392
vt 0.96289092 0.80820036
vt 0.96279758 0.80886471
vt 0.96236962 0.80655909
vt 0.96174586 0.80652773
vt 0.96251142 0.80594778
vt 0.96201468 0.80608571
vt 0.96320814 0.80594313
vt 0.96311480 0.80660748
vt 0.96431607 0.80640912
vt 0.96387666 0.80613959
vt 0.96384448 0.80676639
vt 0.96445262 0.80690813
vt 0.96379524 0.80751526
vt 0.96445626 0.80760813
vt 0.96363616 0.80824876
vt 0.96425980 0.80828011
vt 0.96349424 0.80886006
vt 0.96399099 0.80872214
vt 0.96844506 0.81317627
vt 0.96871388 0.81273425
vt 0.96809018 0.81270289
vt 0.96794826 0.81331420
vt 0.96734500 0.81265438
vt 0.96725166 0.81331873
vt 0.96772766 0.81221688
vt 0.96739441 0.81230295
vt 0.96824932 0.81196940
vt 0.96891034 0.81206226
vt 0.96661526 0.81249571
vt 0.96658319 0.81312227
vt 0.96600723 0.81235385
vt 0.96614367 0.81285286
vt 0.96600354 0.81165373
vt 0.96666449 0.81174660
vt 0.96709788 0.81212831
vt 0.96701151 0.81179547
vt 0.96646881 0.81053972
vt 0.96619993 0.81098175
vt 0.96682364 0.81101310
vt 0.96696550 0.81040180
vt 0.96756887 0.81106150
vt 0.96766216 0.81039727
vt 0.96718627 0.81149912
vt 0.96751946 0.81141305
vt 0.96829855 0.81122041
vt 0.96833068 0.81059372
vt 0.96890670 0.81136227
vt 0.96877015 0.81086314
vt 0.96781605 0.81158757
vt 0.96790230 0.81192052
vt 0.92353630 0.76965690
vt 0.92305166 0.76965177
vt 0.92318225 0.77036917
vt 0.92377847 0.77014196
vt 0.96932000 0.81575823
vt 0.96982235 0.81586671
vt 0.96985489 0.81512141
vt 0.96930957 0.81506407
vt 0.97050864 0.81519008
vt 0.97042489 0.81598592
vt 0.96980268 0.81649017
vt 0.97035515 0.81664979
vt 0.96997803 0.81438553
vt 0.96946412 0.81438720
vt 0.82867181 0.68027282
vt 0.82930213 0.68037105
vt 0.82928073 0.67964220
vt 0.82880783 0.67974806
vt 0.97066200 0.81373048
vt 0.97008836 0.81377172
vt 0.97059220 0.81439424
vt 0.90115130 0.74593377
vt 0.90163594 0.74593890
vt 0.90150535 0.74522150
vt 0.90090919 0.74544871
vt 0.97169727 0.81462193
vt 0.97119492 0.81451333
vt 0.97116244 0.81525886
vt 0.97170764 0.81531620
vt 0.97121465 0.81389010
vt 0.97103930 0.81599474
vt 0.97155315 0.81599295
vt 0.92358100 0.76726985
vt 0.92295063 0.76717150
vt 0.92297208 0.76790047
vt 0.92344499 0.76779473
vt 0.97092891 0.81660843
vt 0.82899714 0.67900431
vt 0.82846481 0.67934537
vt 0.96931970 0.81243598
vt 0.96982193 0.81254470
vt 0.96985489 0.81179559
vt 0.96930951 0.81173825
vt 0.97050864 0.81186426
vt 0.97042453 0.81266415
vt 0.96980196 0.81317115
vt 0.97035444 0.81333125
vt 0.96997845 0.81105590
vt 0.96946454 0.81105793
vt 0.90163589 0.74179578
vt 0.90104437 0.74155986
vt 0.90089953 0.74227631
vt 0.90138429 0.74227786
vt 0.97066277 0.81039727
vt 0.97008914 0.81043911
vt 0.97059262 0.81106448
vt 0.90269297 0.57500434
vt 0.90315342 0.57485318
vt 0.90279430 0.57421660
vt 0.90230453 0.57462370
vt 0.97169769 0.81129265
vt 0.97119528 0.81118381
vt 0.97116244 0.81193304
vt 0.97170764 0.81199038
vt 0.97121537 0.81055737
vt 0.97103888 0.81267262
vt 0.97155279 0.81267071
vt 0.90089953 0.74639893
vt 0.90149117 0.74662185
vt 0.97092825 0.81328952
vt 0.90103066 0.74296033
vt 0.90162665 0.74274600
vt 0.70588750 0.63902164
vt 0.70638978 0.63913023
vt 0.70642239 0.63838482
vt 0.70587701 0.63832748
vt 0.70707613 0.63845348
vt 0.70699251 0.63924932
vt 0.70637017 0.63975358
vt 0.70692271 0.63991320
vt 0.70654559 0.63764894
vt 0.70603162 0.63765073
vt 0.82909524 0.67727184
vt 0.82846481 0.67717350
vt 0.82848620 0.67790246
vt 0.82895917 0.67779648
vt 0.70722955 0.63699389
vt 0.70665592 0.63703513
vt 0.70715976 0.63765776
vt 0.90138412 0.74407887
vt 0.90089953 0.74407363
vt 0.90103018 0.74479103
vt 0.90162629 0.74456382
vt 0.70826477 0.63788545
vt 0.70776242 0.63777685
vt 0.70773000 0.63852227
vt 0.70827520 0.63857961
vt 0.70778215 0.63715351
vt 0.70760673 0.63925815
vt 0.70812070 0.63925636
vt 0.90260702 0.57552457
vt 0.90324003 0.57554424
vt 0.70749646 0.63987184
vt 0.82876980 0.67854035
vt 0.82930213 0.67819929
vt 0.96724349 0.80683863
vt 0.96674120 0.80672979
vt 0.96670830 0.80747890
vt 0.96725363 0.80753624
vt 0.96605450 0.80741024
vt 0.96613860 0.80661035
vt 0.96676129 0.80610335
vt 0.96620876 0.80594313
vt 0.96658468 0.80821860
vt 0.96709871 0.80821657
vt 0.92378801 0.76919174
vt 0.92319643 0.76896894
vt 0.96590030 0.80887723
vt 0.96647406 0.80883539
vt 0.96597040 0.80821002
vt 0.92325568 0.76853836
vt 0.92378801 0.76819730
vt 0.96486551 0.80798185
vt 0.96536779 0.80809069
vt 0.96540070 0.80734158
vt 0.96485543 0.80728424
vt 0.96534777 0.80871713
vt 0.96552426 0.80660188
vt 0.96501034 0.80660391
vt 0.90163594 0.74361360
vt 0.90104437 0.74339068
vt 0.96563494 0.80598497
vt 0.75531900 0.68435931
vt 0.75531900 0.68382740
vt 0.75507706 0.68382740
vt 0.75507718 0.68435931
vt 0.75531900 0.68333185
vt 0.75507706 0.68333185
vt 0.75531900 0.68290627
vt 0.75507706 0.68290627
vt 0.75600100 0.68581223
vt 0.75600100 0.68538678
vt 0.75575912 0.68538678
vt 0.75575912 0.68581223
vt 0.75600100 0.68489110
vt 0.75575912 0.68489110
vt 0.75600100 0.68435931
vt 0.75575912 0.68435931
vt 0.75600100 0.68382740
vt 0.75575912 0.68382740
vt 0.75600100 0.68333185
vt 0.75575912 0.68333185
vt 0.75600100 0.68290627
vt 0.75575912 0.68290627
vt 0.75580013 0.68621147
vt 0.75580013 0.68663704
vt 0.75604200 0.68663704
vt 0.75604200 0.68621147
vt 0.75580013 0.68713272
vt 0.75604200 0.68713272
vt 0.75580013 0.68766463
vt 0.75604200 0.68766463
vt 0.75580013 0.68819642
vt 0.75604200 0.68819642
vt 0.75580013 0.68869197
vt 0.75604194 0.68869197
vt 0.75580013 0.68911767
vt 0.75604194 0.68911767
vt 0.75423777 0.68581223
vt 0.75423777 0.68538678
vt 0.75399590 0.68538678
vt 0.75399590 0.68581223
vt 0.75423777 0.68489110
vt 0.75399590 0.68489110
vt 0.75423777 0.68435919
vt 0.75399590 0.68435919
vt 0.75423777 0.68382740
vt 0.75399590 0.68382740
vt 0.75423777 0.68333185
vt 0.75399590 0.68333185
vt 0.75423777 0.68290627
vt 0.75399590 0.68290627
vt 0.75531900 0.68581223
vt 0.75531900 0.68538678
vt 0.75507718 0.68538678
vt 0.75507718 0.68581223
vt 0.75531900 0.68489110
vt 0.75507718 0.68489110
vt 0.96903092 0.80746329
vt 0.96918428 0.80731249
vt 0.96847302 0.80636859
vt 0.96809953 0.80673563
vt 0.96937156 0.80720663
vt 0.96892887 0.80611074
vt 0.96957982 0.80715263
vt 0.96943587 0.80597961
vt 0.96979493 0.80715454
vt 0.96995944 0.80598426
vt 0.97000223 0.80721211
vt 0.97046411 0.80612409
vt 0.97018760 0.80732131
vt 0.97091526 0.80638993
vt 0.97033840 0.80747461
vt 0.97128236 0.80676341
vt 0.97044438 0.80766189
vt 0.97154015 0.80721927
vt 0.97049820 0.80787027
vt 0.97167128 0.80772614
vt 0.97049636 0.80808532
vt 0.97166675 0.80824983
vt 0.97043890 0.80829263
vt 0.97152668 0.80875432
vt 0.97032970 0.80847800
vt 0.97126096 0.80920565
vt 0.97017616 0.80862880
vt 0.97088748 0.80957258
vt 0.96998900 0.80873466
vt 0.97043169 0.80983055
vt 0.96978074 0.80878854
vt 0.96992475 0.80996168
vt 0.96956557 0.80878675
vt 0.96940112 0.80995703
vt 0.96935827 0.80872917
vt 0.96889651 0.80981719
vt 0.96917295 0.80861998
vt 0.96844530 0.80955136
vt 0.96902210 0.80846655
vt 0.96807826 0.80917788
vt 0.96891624 0.80827940
vt 0.96782041 0.80872214
vt 0.96886235 0.80807102
vt 0.96768928 0.80821514
vt 0.96886420 0.80785596
vt 0.96769387 0.80769145
vt 0.96892166 0.80764854
vt 0.96783370 0.80718684
vt 0.75534183 0.68382823
vt 0.75534183 0.68435931
vt 0.75535995 0.68383050
vt 0.75535995 0.68435931
vt 0.75534183 0.68333340
vt 0.75535995 0.68333793
vt 0.75534183 0.68290842
vt 0.75535995 0.68291497
vt 0.75602382 0.68538523
vt 0.75602382 0.68581021
vt 0.75604200 0.68538058
vt 0.75604200 0.68580365
vt 0.75602382 0.68489027
vt 0.75604200 0.68488801
vt 0.75602382 0.68435931
vt 0.75604200 0.68435931
vt 0.75602382 0.68382823
vt 0.75604200 0.68383050
vt 0.75602382 0.68333340
vt 0.75604200 0.68333793
vt 0.75602382 0.68290842
vt 0.75604200 0.68291497
vt 0.75577724 0.68663859
vt 0.75577724 0.68621361
vt 0.75575912 0.68664312
vt 0.75575912 0.68622017
vt 0.75577724 0.68713355
vt 0.75575912 0.68713593
vt 0.75577724 0.68766463
vt 0.75575912 0.68766463
vt 0.75577724 0.68819559
vt 0.75575912 0.68819320
vt 0.75577724 0.68869042
vt 0.75575912 0.68868577
vt 0.75577724 0.68911541
vt 0.75575912 0.68910897
vt 0.75426060 0.68538523
vt 0.75426060 0.68581021
vt 0.75427878 0.68538058
vt 0.75427878 0.68580365
vt 0.75426060 0.68489027
vt 0.75427878 0.68488801
vt 0.75426060 0.68435919
vt 0.75427878 0.68435919
vt 0.75426060 0.68382823
vt 0.75427878 0.68383050
vt 0.75426060 0.68333340
vt 0.75427878 0.68333793
vt 0.75426060 0.68290842
vt 0.75427878 0.68291497
vt 0.75534183 0.68538523
vt 0.75534183 0.68581021
vt 0.75535995 0.68538058
vt 0.75535995 0.68580365
vt 0.75534183 0.68489027
vt 0.75535995 0.68488801
vt 0.96808261 0.80672240
vt 0.96846020 0.80635142
vt 0.96807063 0.80671310
vt 0.96845090 0.80633926
vt 0.96892077 0.80609083
vt 0.96891510 0.80607665
vt 0.96943313 0.80595827
vt 0.96943128 0.80594313
vt 0.96996236 0.80596304
vt 0.96996456 0.80594778
vt 0.97047246 0.80610442
vt 0.97047842 0.80609035
vt 0.97092849 0.80637312
vt 0.97093779 0.80636096
vt 0.97129941 0.80675054
vt 0.97131157 0.80674136
vt 0.97156006 0.80721116
vt 0.97157425 0.80720544
vt 0.97169256 0.80772352
vt 0.97170764 0.80772173
vt 0.97168791 0.80825281
vt 0.97170305 0.80825496
vt 0.97154647 0.80876279
vt 0.97156054 0.80876875
vt 0.97127789 0.80921888
vt 0.97128987 0.80922818
vt 0.97090042 0.80958974
vt 0.97090960 0.80960202
vt 0.97043967 0.80985045
vt 0.97044551 0.80986464
vt 0.96992731 0.80998278
vt 0.96992922 0.80999804
vt 0.96939814 0.80997825
vt 0.96939600 0.80999351
vt 0.96888810 0.80983686
vt 0.96888214 0.80985093
vt 0.96843207 0.80956829
vt 0.96842265 0.80958021
vt 0.96806115 0.80919075
vt 0.96804893 0.80919993
vt 0.96780050 0.80873013
vt 0.96778631 0.80873585
vt 0.96766800 0.80821776
vt 0.96765280 0.80821955
vt 0.96767265 0.80768847
vt 0.96765745 0.80768633
vt 0.96781409 0.80717850
vt 0.96779996 0.80717254
vt 0.92272288 0.78804862
vt 0.92266655 0.78804862
vt 0.92266655 0.78826189
vt 0.92272288 0.78826189
vt 0.92272288 0.78783536
vt 0.92266655 0.78783536
vt 0.92272288 0.78763664
vt 0.92266655 0.78763664
vt 0.92272288 0.78746593
vt 0.92266655 0.78746593
vt 0.75656521 0.68734658
vt 0.75662154 0.68734658
vt 0.75662154 0.68717599
vt 0.75656521 0.68717599
vt 0.75656521 0.68754542
vt 0.75662154 0.68754542
vt 0.75656521 0.68775868
vt 0.75662154 0.68775868
vt 0.75656521 0.68797195
vt 0.75662154 0.68797195
vt 0.75656521 0.68817067
vt 0.75662154 0.68817067
vt 0.75656521 0.68834138
vt 0.75662154 0.68834138
vt 0.89963979 0.81493700
vt 0.89969611 0.81493700
vt 0.89969611 0.81476641
vt 0.89963979 0.81476641
vt 0.89963979 0.81513584
vt 0.89969611 0.81513584
vt 0.89963979 0.81534910
vt 0.89969611 0.81534910
vt 0.89963979 0.81556237
vt 0.89969611 0.81556237
vt 0.89963979 0.81576121
vt 0.89969611 0.81576121
vt 0.89963979 0.81593180
vt 0.89969611 0.81593180
vt 0.75656521 0.68578207
vt 0.75662154 0.68578207
vt 0.75662154 0.68561137
vt 0.75656521 0.68561137
vt 0.75656521 0.68598080
vt 0.75662154 0.68598080
vt 0.75656521 0.68619418
vt 0.75662154 0.68619418
vt 0.75656521 0.68640733
vt 0.75662154 0.68640733
vt 0.75656521 0.68660617
vt 0.75662154 0.68660617
vt 0.75656521 0.68677676
vt 0.75662154 0.68677676
vt 0.92272288 0.78846073
vt 0.92266655 0.78846073
vt 0.92266655 0.78863132
vt 0.92272288 0.78863132
vt 0.90484798 0.57078457
vt 0.90498519 0.57060885
vt 0.90479982 0.57049978
vt 0.90471274 0.57070494
vt 0.90495795 0.57089663
vt 0.90513599 0.57076228
vt 0.90503508 0.57103312
vt 0.90524197 0.57094955
vt 0.90507448 0.57118499
vt 0.90529579 0.57115781
vt 0.90507305 0.57134199
vt 0.90529394 0.57137299
vt 0.90503114 0.57149315
vt 0.90523648 0.57158029
vt 0.90495151 0.57162833
vt 0.90512723 0.57176566
vt 0.90483963 0.57173836
vt 0.90497380 0.57191646
vt 0.90470302 0.57181561
vt 0.90478653 0.57202232
vt 0.90455115 0.57185483
vt 0.90457833 0.57207620
vt 0.90439421 0.57185352
vt 0.90436316 0.57207429
vt 0.90424299 0.57181156
vt 0.90415585 0.57201684
vt 0.90410781 0.57173193
vt 0.90397054 0.57190764
vt 0.90399784 0.57162011
vt 0.90381974 0.57175422
vt 0.90392059 0.57148337
vt 0.90371382 0.57156694
vt 0.90388125 0.57133150
vt 0.90365994 0.57135868
vt 0.90388268 0.57117462
vt 0.90366179 0.57114363
vt 0.90392458 0.57102334
vt 0.90371925 0.57093632
vt 0.90400422 0.57088828
vt 0.90382850 0.57075095
vt 0.90411621 0.57077825
vt 0.90398192 0.57060015
vt 0.90425271 0.57070100
vt 0.90416914 0.57049417
vt 0.90440458 0.57066166
vt 0.90437740 0.57044029
vt 0.90456152 0.57066309
vt 0.90459257 0.57044220
vt 0.90487075 0.57004118
vt 0.90487075 0.56889546
vt 0.90471524 0.56889546
vt 0.90471524 0.57004118
vt 0.90502644 0.57004118
vt 0.90502644 0.56889546
vt 0.90517133 0.57004118
vt 0.90517133 0.56889546
vt 0.90529579 0.57004118
vt 0.90529579 0.56889546
vt 0.77579755 0.50409734
vt 0.77579755 0.50295162
vt 0.77567303 0.50295162
vt 0.77567303 0.50409734
vt 0.77594244 0.50409734
vt 0.77594244 0.50295162
vt 0.77609807 0.50409734
vt 0.77609807 0.50295162
vt 0.77625364 0.50409734
vt 0.77625364 0.50295162
vt 0.77639854 0.50409734
vt 0.77639854 0.50295162
vt 0.77652299 0.50409734
vt 0.77652299 0.50295162
vt 0.90517133 0.57328165
vt 0.90517133 0.57442737
vt 0.90529579 0.57442737
vt 0.90529579 0.57328165
vt 0.90502644 0.57328165
vt 0.90502644 0.57442737
vt 0.90487075 0.57328165
vt 0.90487075 0.57442737
vt 0.90471524 0.57328165
vt 0.90471524 0.57442737
vt 0.90457028 0.57328165
vt 0.90457028 0.57442737
vt 0.90444577 0.57328165
vt 0.90444577 0.57442737
vt 0.77579755 0.49964118
vt 0.77579755 0.49849546
vt 0.77567303 0.49849546
vt 0.77567303 0.49964118
vt 0.77594244 0.49964118
vt 0.77594244 0.49849546
vt 0.77609807 0.49964118
vt 0.77609807 0.49849546
vt 0.77625364 0.49964118
vt 0.77625364 0.49849546
vt 0.77639854 0.49964118
vt 0.77639854 0.49849546
vt 0.77652299 0.49964118
vt 0.77652299 0.49849546
vt 0.90457028 0.57004118
vt 0.90457028 0.56889546
vt 0.90444577 0.56889546
vt 0.90444577 0.57004118
vt 0.83763105 0.68001163
vt 0.83755690 0.68005836
vt 0.83765191 0.68009675
vt 0.90206796 0.74187779
vt 0.90203512 0.74187779
vt 0.90203512 0.74219584
vt 0.90206796 0.74219584
vt 0.90206796 0.74155986
vt 0.90203512 0.74155986
vt 0.67185664 0.50763309
vt 0.67188954 0.50763309
vt 0.67188960 0.50731552
vt 0.67185670 0.50731552
vt 0.67185664 0.50795090
vt 0.67188954 0.50795090
vt 0.67188954 0.50763309
vt 0.67185664 0.50763309
vt 0.90206796 0.74370873
vt 0.90203512 0.74370873
vt 0.90203512 0.74402666
vt 0.90206796 0.74402666
vt 0.90206796 0.74339068
vt 0.90203512 0.74339068
vt 0.92261964 0.77005160
vt 0.92265248 0.77005160
vt 0.92265236 0.76973379
vt 0.92261952 0.76973379
vt 0.92261964 0.77036917
vt 0.92265248 0.77036917
vt 0.92265248 0.77005160
vt 0.92261964 0.77005160
vt 0.79333055 0.38533080
vt 0.79339522 0.38535690
vt 0.79339236 0.38501275
vt 0.79332817 0.38504016
vt 0.79312688 0.38553822
vt 0.79315418 0.38560247
vt 0.79283643 0.38554084
vt 0.79281020 0.38560557
vt 0.79262918 0.38533717
vt 0.79256499 0.38536441
vt 0.79262680 0.38504648
vt 0.79256207 0.38502026
vt 0.79283041 0.38483906
vt 0.79280323 0.38477480
vt 0.79312098 0.38483644
vt 0.79314715 0.38477165
vt 0.05806577 0.84169221
vt 0.05806577 0.84162176
vt 0.05779716 0.84162176
vt 0.05779716 0.84169221
vt 0.05833438 0.84169221
vt 0.05833438 0.84162176
vt 0.08374573 0.61555469
vt 0.08381606 0.61555469
vt 0.08381599 0.61528635
vt 0.08374567 0.61528635
vt 0.08374573 0.61582315
vt 0.08381606 0.61582315
vt 0.08381606 0.61555469
vt 0.08374573 0.61555469
vt 0.92272288 0.78679812
vt 0.92265254 0.78679812
vt 0.92265254 0.78706682
vt 0.92272288 0.78706682
vt 0.92272288 0.78652954
vt 0.92265254 0.78652954
vt 0.05806601 0.74906623
vt 0.05806601 0.74913657
vt 0.05833443 0.74913669
vt 0.05833443 0.74906623
vt 0.05779764 0.74906623
vt 0.05779764 0.74913657
vt 0.05806601 0.74913657
vt 0.05806601 0.74906623
vt 0.83734030 0.68001413
vt 0.83783853 0.68021536
vt 0.83784109 0.68050587
vt 0.83742076 0.68066883
vt 0.83763742 0.68071306
vt 0.83734667 0.68071544
vt 0.83732581 0.68063056
vt 0.83713925 0.68051183
vt 0.83713663 0.68022132
vt 0.90108842 0.63970685
vt 0.90108842 0.63908994
vt 0.90098608 0.63908994
vt 0.90098608 0.63970685
vt 0.05725180 0.74907100
vt 0.05702775 0.74907100
vt 0.05702775 0.74968803
vt 0.05725174 0.74968803
vt 0.32629377 0.42649019
vt 0.32606974 0.42649019
vt 0.32606974 0.42659259
vt 0.32629377 0.42659259
vt 0.08320720 0.61528635
vt 0.08298320 0.61528635
vt 0.08298320 0.61590338
vt 0.08320726 0.61590338
vt 0.23776245 0.37820041
vt 0.23753847 0.37820041
vt 0.23753847 0.37830281
vt 0.23776245 0.37830281
vt 0.96168965 0.80839872
vt 0.96212912 0.80866826
vt 0.96216118 0.80804157
vt 0.96155310 0.80789971
vt 0.96221042 0.80729258
vt 0.96154946 0.80719972
vt 0.96300286 0.80740392
vt 0.96289092 0.80820036
vt 0.96279758 0.80886471
vt 0.96236962 0.80655909
vt 0.96174586 0.80652773
vt 0.96251142 0.80594778
vt 0.96201468 0.80608571
vt 0.96320814 0.80594313
vt 0.96311480 0.80660748
vt 0.96431607 0.80640912
vt 0.96387666 0.80613959
vt 0.96384448 0.80676639
vt 0.96445262 0.80690813
vt 0.96379524 0.80751526
vt 0.96445626 0.80760813
vt 0.96363616 0.80824876
vt 0.96425980 0.80828011
vt 0.96349424 0.80886006
vt 0.96399099 0.80872214
vt 0.96844506 0.81317627
vt 0.96871388 0.81273425
vt 0.96809018 0.81270289
vt 0.96794826 0.81331420
vt 0.96734500 0.81265438
vt 0.96725166 0.81331873
vt 0.96772766 0.81221688
vt 0.96739441 0.81230295
vt 0.96824932 0.81196940
vt 0.96891034 0.81206226
vt 0.96661526 0.81249571
vt 0.96658319 0.81312227
vt 0.96600723 0.81235385
vt 0.96614367 0.81285286
vt 0.96600354 0.81165373
vt 0.96666449 0.81174660
vt 0.96709788 0.81212831
vt 0.96701151 0.81179547
vt 0.96646881 0.81053972
vt 0.96619993 0.81098175
vt 0.96682364 0.81101310
vt 0.96696550 0.81040180
vt 0.96756887 0.81106150
vt 0.96766216 0.81039727
vt 0.96718627 0.81149912
vt 0.96751946 0.81141305
vt 0.96829855 0.81122041
vt 0.96833068 0.81059372
vt 0.96890670 0.81136227
vt 0.96877015 0.81086314
vt 0.96781605 0.81158757
vt 0.96790230 0.81192052
vt 0.92353630 0.76965690
vt 0.92305166 0.76965177
vt 0.92318225 0.77036917
vt 0.92377847 0.77014196
vt 0.96932000 0.81575823
vt 0.96982235 0.81586671
vt 0.96985489 0.81512141
vt 0.96930957 0.81506407
vt 0.97050864 0.81519008
vt 0.97042489 0.81598592
vt 0.96980268 0.81649017
vt 0.97035515 0.81664979
vt 0.96997803 0.81438553
vt 0.96946412 0.81438720
vt 0.82867181 0.68027282
vt 0.82930213 0.68037105
vt 0.82928073 0.67964220
vt 0.82880783 0.67974806
vt 0.97066200 0.81373048
vt 0.97008836 0.81377172
vt 0.97059220 0.81439424
vt 0.90115130 0.74593377
vt 0.90163594 0.74593890
vt 0.90150535 0.74522150
vt 0.90090919 0.74544871
vt 0.97169727 0.81462193
vt 0.97119492 0.81451333
vt 0.97116244 0.81525886
vt 0.97170764 0.81531620
vt 0.97121465 0.81389010
vt 0.97103930 0.81599474
vt 0.97155315 0.81599295
vt 0.92358100 0.76726985
vt 0.92295063 0.76717150
vt 0.92297208 0.76790047
vt 0.92344499 0.76779473
vt 0.97092891 0.81660843
vt 0.82899714 0.67900431
vt 0.82846481 0.67934537
vt 0.96931970 0.81243598
vt 0.96982193 0.81254470
vt 0.96985489 0.81179559
vt 0.96930951 0.81173825
vt 0.97050864 0.81186426
vt 0.97042453 0.81266415
vt 0.96980196 0.81317115
vt 0.97035444 0.81333125
vt 0.96997845 0.81105590
vt 0.96946454 0.81105793
vt 0.90163589 0.74179578
vt 0.90104437 0.74155986
vt 0.90089953 0.74227631
vt 0.90138429 0.74227786
vt 0.97066277 0.81039727
vt 0.97008914 0.81043911
vt 0.97059262 0.81106448
vt 0.90269297 0.57500434
vt 0.90315342 0.57485318
vt 0.90279430 0.57421660
vt 0.90230453 0.57462370
vt 0.97169769 0.81129265
vt 0.97119528 0.81118381
vt 0.97116244 0.81193304
vt 0.97170764 0.81199038
vt 0.97121537 0.81055737
vt 0.97103888 0.81267262
vt 0.97155279 0.81267071
vt 0.90089953 0.74639893
vt 0.90149117 0.74662185
vt 0.97092825 0.81328952
vt 0.90103066 0.74296033
vt 0.90162665 0.74274600
vt 0.70588750 0.63902164
vt 0.70638978 0.63913023
vt 0.70642239 0.63838482
vt 0.70587701 0.63832748
vt 0.70707613 0.63845348
vt 0.70699251 0.63924932
vt 0.70637017 0.63975358
vt 0.70692271 0.63991320
vt 0.70654559 0.63764894
vt 0.70603162 0.63765073
vt 0.82909524 0.67727184
vt 0.82846481 0.67717350
vt 0.82848620 0.67790246
vt 0.82895917 0.67779648
vt 0.70722955 0.63699389
vt 0.70665592 0.63703513
vt 0.70715976 0.63765776
vt 0.90138412 0.74407887
vt 0.90089953 0.74407363
vt 0.90103018 0.74479103
vt 0.90162629 0.74456382
vt 0.70826477 0.63788545
vt 0.70776242 0.63777685
vt 0.70773000 0.63852227
vt 0.70827520 0.63857961
vt 0.70778215 0.63715351
vt 0.70760673 0.63925815
vt 0.70812070 0.63925636
vt 0.90260702 0.57552457
vt 0.90324003 0.57554424
vt 0.70749646 0.63987184
vt 0.82876980 0.67854035
vt 0.82930213 0.67819929
vt 0.96724349 0.80683863
vt 0.96674120 0.80672979
vt 0.96670830 0.80747890
vt 0.96725363 0.80753624
vt 0.96605450 0.80741024
vt 0.96613860 0.80661035
vt 0.96676129 0.80610335
vt 0.96620876 0.80594313
vt 0.96658468 0.80821860
vt 0.96709871 0.80821657
vt 0.92378801 0.76919174
vt 0.92319643 0.76896894
vt 0.96590030 0.80887723
vt 0.96647406 0.80883539
vt 0.96597040 0.80821002
vt 0.92325568 0.76853836
vt 0.92378801 0.76819730
vt 0.96486551 0.80798185
vt 0.96536779 0.80809069
vt 0.96540070 0.80734158
vt 0.96485543 0.80728424
vt 0.96534777 0.80871713
vt 0.96552426 0.80660188
vt 0.96501034 0.80660391
vt 0.90163594 0.74361360
vt 0.90104437 0.74339068
vt 0.96563494 0.80598497
f 175/175 176/176 177/177
f 175/175 177/177 178/178
f 176/176 179/179 180/180
f 176/176 180/180 177/177
f 179/179 181/181 182/182
f 179/179 182/182 180/180
f 183/183 184/184 185/185
f 183/183 185/185 186/186
f 184/184 187/187 188/188
f 184/184 188/188 185/185
f 187/187 189/189 190/190
f 187/187 190/190 188/188
f 189/189 191/191 192/192
f 189/189 192/192 190/190
f 191/191 193/193 194/194
f 191/191 194/194 192/192
f 193/193 195/195 196/196
f 193/193 196/196 194/194
f 197/197 198/198 199/199
f 197/197 199/199 200/200
f 198/198 201/201 202/202
f 198/198 202/202 199/199
f 201/201 203/203 204/204
f 201/201 204/204 202/202
f 203/203 205/205 206/206
f 203/203 206/206 204/204
f 205/205 207/207 208/208
f 205/205 208/208 206/206
f 207/207 209/209 210/210
f 207/207 210/210 208/208
f 211/211 212/212 213/213
f 211/211 213/213 214/214
f 212/212 215/215 216/216
f 212/212 216/216 213/213
f 215/215 217/217 218/218
f 215/215 218/218 216/216
f 217/217 219/219 220/220
f 217/217 220/220 218/218
f 219/219 221/221 222/222
f 219/219 222/222 220/220
f 221/221 223/223 224/224
f 221/221 224/224 222/222
f 225/225 226/226 227/227
f 225/225 227/227 228/228
f 226/226 229/229 230/230
f 226/226 230/230 227/227
f 229/229 175/175 178/178
f 229/229 178/178 230/230
f 231/231 232/232 233/233
f 231/231 233/233 234/234
f 232/232 235/235 236/236
f 232/232 236/236 233/233
f 235/235 237/237 238/238
f 235/235 238/238 236/236
f 237/237 239/239 240/240
f 237/237 240/240 238/238
f 239/239 241/241 242/242
f 239/239 242/242 240/240
f 241/241 243/243 244/244
f 241/241 244/244 242/242
f 243/243 245/245 246/246
f 243/243 246/246 244/244
f 245/245 247/247 248/248
f 245/245 248/248 246/246
f 247/247 249/249 250/250
f 247/247 250/250 248/248
f 249/249 251/251 252/252
f 249/249 252/252 250/250
f 251/251 253/253 254/254
f 251/251 254/254 252/252
f 253/253 255/255 256/256
f 253/253 256/256 254/254
f 255/255 257/257 258/258
f 255/255 258/258 256/256
f 257/257 259/259 260/260
f 257/257 260/260 258/258
f 259/259 261/261 262/262
f 259/259 262/262 260/260
f 261/261 263/263 264/264
f 261/261 264/264 262/262
f 263/263 265/265 266/266
f 263/263 266/266 264/264
f 265/265 267/267 268/268
f 265/265 268/268 266/266
f 267/267 269/269 270/270
f 267/267 270/270 268/268
f 269/269 271/271 272/272
f 269/269 272/272 270/270
f 271/271 273/273 274/274
f 271/271 274/274 272/272
f 273/273 275/275 276/276
f 273/273 276/276 274/274
f 275/275 277/277 278/278
f 275/275 278/278 276/276
f 277/277 231/231 234/234
f 277/277 234/234 278/278
f 279/279 176/176 175/175
f 279/279 175/175 280/280
f 281/281 279/279 280/280
f 281/281 280/280 282/282
f 283/283 179/179 176/176
f 283/283 176/176 279/279
f 284/284 283/283 279/279
f 284/284 279/279 281/281
f 285/285 181/181 179/179
f 285/285 179/179 283/283
f 286/286 285/285 283/283
f 286/286 283/283 284/284
f 287/287 184/184 183/183
f 287/287 183/183 288/288
f 289/289 287/287 288/288
f 289/289 288/288 290/290
f 291/291 187/187 184/184
f 291/291 184/184 287/287
f 292/292 291/291 287/287
f 292/292 287/287 289/289
f 293/293 189/189 187/187
f 293/293 187/187 291/291
f 294/294 293/293 291/291
f 294/294 291/291 292/292
f 295/295 191/191 189/189
f 295/295 189/189 293/293
f 296/296 295/295 293/293
f 296/296 293/293 294/294
f 297/297 193/193 191/191
f 297/297 191/191 295/295
f 298/298 297/297 295/295
f 298/298 295/295 296/296
f 299/299 195/195 193/193
f 299/299 193/193 297/297
f 300/300 299/299 297/297
f 300/300 297/297 298/298
f 301/301 198/198 197/197
f 301/301 197/197 302/302
f 303/303 301/301 302/302
f 303/303 302/302 304/304
f 305/305 201/201 198/198
f 305/305 198/198 301/301
f 306/306 305/305 301/301
f 306/306 301/301 303/303
f 307/307 203/203 201/201
f 307/307 201/201 305/305
f 308/308 307/307 305/305
f 308/308 305/305 306/306
f 309/309 205/205 203/203
f 309/309 203/203 307/307
f 310/310 309/309 307/307
f 310/310 307/307 308/308
f 311/311 207/207 205/205
f 311/311 205/205 309/309
f 312/312 311/311 309/309
f 312/312 309/309 310/310
f 313/313 209/209 207/207
f 313/313 207/207 311/311
f 314/314 313/313 311/311
f 314/314 311/311 312/312
f 315/315 212/212 211/211
f 315/315 211/211 316/316
f 317/317 315/315 316/316
f 317/317 316/316 318/318
f 319/319 215/215 212/212
f 319/319 212/212 315/315
f 320/320 319/319 315/315
f 320/320 315/315 317/317
f 321/321 217/217 215/215
f 321/321 215/215 319/319
f 322/322 321/321 319/319
f 322/322 319/319 320/320
f 323/323 219/219 217/217
f 323/323 217/217 321/321
f 324/324 323/323 321/321
f 324/324 321/321 322/322
f 325/325 221/221 219/219
f 325/325 219/219 323/323
f 326/326 325/325 323/323
f 326/326 323/323 324/324
f 327/327 223/223 221/221
f 327/327 221/221 325/325
f 328/328 327/327 325/325
f 328/328 325/325 326/326
f 329/329 226/226 225/225
f 329/329 225/225 330/330
f 331/331 329/329 330/330
f 331/331 330/330 332/332
f 333/333 229/229 226/226
f 333/333 226/226 329/329
f 334/334 333/333 329/329
f 334/334 329/329 331/331
f 280/280 175/175 229/229
f 280/280 229/229 333/333
f 282/282 280/280 333/333
f 282/282 333/333 334/334
f 335/335 234/234 233/233
f 335/335 233/233 336/336
f 337/337 335/335 336/336
f 337/337 336/336 338/338
f 336/336 233/233 236/236
f 336/336 236/236 339/339
f 338/338 336/336 339/339
f 338/338 339/339 340/340
f 339/339 236/236 238/238
f 339/339 238/238 341/341
f 340/340 339/339 341/341
f 340/340 341/341 342/342
f 341/341 238/238 240/240
f 341/341 240/240 343/343
f 342/342 341/341 343/343
f 342/342 343/343 344/344
f 343/343 240/240 242/242
f 343/343 242/242 345/345
f 344/344 343/343 345/345
f 344/344 345/345 346/346
f 345/345 242/242 244/244
f 345/345 244/244 347/347
f 346/346 345/345 347/347
f 346/346 347/347 348/348
f 347/347 244/244 246/246
f 347/347 246/246 349/349
f 348/348 347/347 349/349
f 348/348 349/349 350/350
f 349/349 246/246 248/248
f 349/349 248/248 351/351
f 350/350 349/349 351/351
f 350/350 351/351 352/352
f 351/351 248/248 250/250
f 351/351 250/250 353/353
f 352/352 351/351 353/353
f 352/352 353/353 354/354
f 353/353 250/250 252/252
f 353/353 252/252 355/355
f 354/354 353/353 355/355
f 354/354 355/355 356/356
f 355/355 252/252 254/254
f 355/355 254/254 357/357
f 356/356 355/355 357/357
f 356/356 357/357 358/358
f 357/357 254/254 256/256
f 357/357 256/256 359/359
f 358/358 357/357 359/359
f 358/358 359/359 360/360
f 359/359 256/256 258/258
f 359/359 258/258 361/361
f 360/360 359/359 361/361
f 360/360 361/361 362/362
f 361/361 258/258 260/260
f 361/361 260/260 363/363
f 362/362 361/361 363/363
f 362/362 363/363 364/364
f 363/363 260/260 262/262
f 363/363 262/262 365/365
f 364/364 363/363 365/365
f 364/364 365/365 366/366
f 365/365 262/262 264/264
f 365/365 264/264 367/367
f 366/366 365/365 367/367
f 366/366 367/367 368/368
f 367/367 264/264 266/266
f 367/367 266/266 369/369
f 368/368 367/367 369/369
f 368/368 369/369 370/370
f 369/369 266/266 268/268
f 369/369 268/268 371/371
f 370/370 369/369 371/371
f 370/370 371/371 372/372
f 371/371 268/268 270/270
f 371/371 270/270 373/373
f 372/372 371/371 373/373
f 372/372 373/373 374/374
f 373/373 270/270 272/272
f 373/373 272/272 375/375
f 374/374 373/373 375/375
f 374/374 375/375 376/376
f 375/375 272/272 274/274
f 375/375 274/274 377/377
f 376/376 375/375 377/377
f 376/376 377/377 378/378
f 377/377 274/274 276/276
f 377/377 276/276 379/379
f 378/378 377/377 379/379
f 378/378 379/379 380/380
f 379/379 276/276 278/278
f 379/379 278/278 381/381
f 380/380 379/379 381/381
f 380/380 381/381 382/382
f 381/381 278/278 234/234
f 381/381 234/234 335/335
f 382/382 381/381 335/335
f 382/382 335/335 337/337
f 383/383 384/384 385/385
f 383/383 385/385 386/386
f 387/387 388/388 384/384
f 387/387 384/384 383/383
f 389/389 390/390 388/388
f 389/389 388/388 387/387
f 391/391 392/392 390/390
f 391/391 390/390 389/389
f 393/393 394/394 395/395
f 393/393 395/395 396/396
f 397/397 398/398 394/394
f 397/397 394/394 393/393
f 399/399 400/400 398/398
f 399/399 398/398 397/397
f 401/401 402/402 400/400
f 401/401 400/400 399/399
f 403/403 404/404 402/402
f 403/403 402/402 401/401
f 405/405 406/406 404/404
f 405/405 404/404 403/403
f 407/407 408/408 409/409
f 407/407 409/409 410/410
f 411/411 412/412 408/408
f 411/411 408/408 407/407
f 413/413 414/414 412/412
f 413/413 412/412 411/411
f 415/415 416/416 414/414
f 415/415 414/414 413/413
f 417/417 418/418 416/416
f 417/417 416/416 415/415
f 419/419 420/420 418/418
f 419/419 418/418 417/417
f 421/421 422/422 423/423
f 421/421 423/423 424/424
f 425/425 426/426 422/422
f 425/425 422/422 421/421
f 427/427 428/428 426/426
f 427/427 426/426 425/425
f 429/429 430/430 428/428
f 429/429 428/428 427/427
f 431/431 432/432 430/430
f 431/431 430/430 429/429
f 433/433 434/434 432/432
f 433/433 432/432 431/431
f 435/435 436/436 437/437
f 435/435 437/437 438/438
f 386/386 385/385 436/436
f 386/386 436/436 435/435
f 439/439 440/440 441/441
f 439/439 441/441 442/442
f 443/443 444/444 440/440
f 443/443 440/440 439/439
f 445/445 446/446 444/444
f 445/445 444/444 443/443
f 447/447 448/448 446/446
f 447/447 446/446 445/445
f 449/449 450/450 448/448
f 449/449 448/448 447/447
f 451/451 452/452 450/450
f 451/451 450/450 449/449
f 453/453 454/454 452/452
f 453/453 452/452 451/451
f 455/455 456/456 454/454
f 455/455 454/454 453/453
f 457/457 458/458 456/456
f 457/457 456/456 455/455
f 459/459 460/460 458/458
f 459/459 458/458 457/457
f 461/461 462/462 460/460
f 461/461 460/460 459/459
f 463/463 464/464 462/462
f 463/463 462/462 461/461
f 465/465 466/466 464/464
f 465/465 464/464 463/463
f 467/467 468/468 466/466
f 467/467 466/466 465/465
f 469/469 470/470 468/468
f 469/469 468/468 467/467
f 471/471 472/472 470/470
f 471/471 470/470 469/469
f 473/473 474/474 472/472
f 473/473 472/472 471/471
f 475/475 476/476 474/474
f 475/475 474/474 473/473
f 477/477 478/478 476/476
f 477/477 476/476 475/475
f 479/479 480/480 478/478
f 479/479 478/478 477/477
f 481/481 482/482 480/480
f 481/481 480/480 479/479
f 483/483 484/484 482/482
f 483/483 482/482 481/481
f 485/485 486/486 484/484
f 485/485 484/484 483/483
f 442/442 441/441 486/486
f 442/442 486/486 485/485
f 487/487 488/488 489/489
f 487/487 489/489 490/490
f 491/491 492/492 488/488
f 491/491 488/488 487/487
f 493/493 494/494 492/492
f 493/493 492/492 491/491
f 495/495 496/496 494/494
f 495/495 494/494 493/493
f 497/497 498/498 499/499
f 497/497 499/499 500/500
f 501/501 502/502 498/498
f 501/501 498/498 497/497
f 503/503 504/504 502/502
f 503/503 502/502 501/501
f 505/505 506/506 504/504
f 505/505 504/504 503/503
f 507/507 508/508 506/506
f 507/507 506/506 505/505
f 509/509 510/510 508/508
f 509/509 508/508 507/507
f 511/511 512/512 513/513
f 511/511 513/513 514/514
f 515/515 516/516 512/512
f 515/515 512/512 511/511
f 517/517 518/518 516/516
f 517/517 516/516 515/515
f 519/519 520/520 518/518
f 519/519 518/518 517/517
f 521/521 522/522 520/520
f 521/521 520/520 519/519
f 523/523 524/524 522/522
f 523/523 522/522 521/521
f 525/525 526/526 527/527
f 525/525 527/527 528/528
f 529/529 530/530 526/526
f 529/529 526/526 525/525
f 531/531 532/532 530/530
f 531/531 530/530 529/529
f 533/533 534/534 532/532
f 533/533 532/532 531/531
f 535/535 536/536 534/534
f 535/535 534/534 533/533
f 537/537 538/538 536/536
f 537/537 536/536 535/535
f 539/539 540/540 541/541
f 539/539 541/541 542/542
f 490/490 489/489 540/540
f 490/490 540/540 539/539
f 543/543 544/544 545/545
f 546/546 547/547 548/548
f 546/546 548/548 549/549
f 550/550 551/551 547/547
f 550/550 547/547 546/546
f 552/552 553/553 554/554
f 552/552 554/554 555/555
f 556/556 557/557 558/558
f 556/556 558/558 559/559
f 560/560 561/561 562/562
f 560/560 562/562 563/563
f 564/564 565/565 561/561
f 564/564 561/561 560/560
f 566/566 567/567 568/568
f 566/566 568/568 569/569
f 570/570 571/571 572/572
f 570/570 572/572 573/573
f 574/574 575/575 576/576
f 574/574 576/576 577/577
f 578/578 579/579 575/575
f 578/578 575/575 574/574
f 580/580 581/581 579/579
f 580/580 579/579 578/578
f 582/582 583/583 581/581
f 582/582 581/581 580/580
f 584/584 585/585 583/583
f 584/584 583/583 582/582
f 586/586 587/587 585/585
f 586/586 585/585 584/584
f 588/588 589/589 587/587
f 588/588 587/587 586/586
f 577/577 576/576 589/589
f 577/577 589/589 588/588
f 590/590 591/591 592/592
f 590/590 592/592 593/593
f 594/594 595/595 591/591
f 594/594 591/591 590/590
f 596/596 597/597 598/598
f 596/596 598/598 599/599
f 600/600 601/601 602/602
f 600/600 602/602 603/603
f 604/604 605/605 606/606
f 604/604 606/606 607/607
f 608/608 609/609 605/605
f 608/608 605/605 604/604
f 610/610 611/611 612/612
f 610/610 612/612 613/613
f 614/614 615/615 616/616
f 614/614 616/616 617/617
f 618/618 544/544 543/543
f 543/543 545/545 619/619
f 619/619 545/545 620/620
f 620/620 545/545 621/621
f 622/622 621/621 623/623
f 623/623 624/624 625/625
f 625/625 624/624 626/626
f 626/626 544/544 618/618
f 620/620 621/621 622/622
f 626/626 624/624 544/544
f 621/621 624/624 623/623
f 627/627 628/628 629/629
f 627/627 629/629 630/630
f 631/631 632/632 633/633
f 631/631 633/633 634/634
f 635/635 636/636 637/637
f 635/635 637/637 638/638
f 639/639 640/640 641/641
f 639/639 641/641 642/642
f 643/643 644/644 645/645
f 643/643 645/645 646/646
f 647/647 648/648 649/649
f 647/647 649/649 650/650
f 650/650 649/649 651/651
f 650/650 651/651 652/652
f 653/653 651/651 649/649
f 653/653 649/649 654/654
f 654/654 649/649 648/648
f 654/654 648/648 655/655
f 652/652 651/651 656/656
f 652/652 656/656 657/657
f 657/657 656/656 658/658
f 657/657 658/658 659/659
f 660/660 658/658 656/656
f 660/660 656/656 661/661
f 661/661 656/656 651/651
f 661/661 651/651 653/653
f 662/662 663/663 664/664
f 662/662 664/664 665/665
f 665/665 664/664 666/666
f 665/665 666/666 667/667
f 653/653 666/666 664/664
f 653/653 664/664 661/661
f 661/661 664/664 663/663
f 661/661 663/663 660/660
f 667/667 666/666 668/668
f 667/667 668/668 669/669
f 669/669 668/668 670/670
f 669/669 670/670 671/671
f 655/655 670/670 668/668
f 655/655 668/668 654/654
f 654/654 668/668 666/666
f 654/654 666/666 653/653
f 672/672 673/673 674/674
f 672/672 674/674 675/675
f 675/675 674/674 676/676
f 675/675 676/676 677/677
f 676/676 674/674 678/678
f 676/676 678/678 679/679
f 680/680 674/674 673/673
f 680/680 673/673 681/681
f 677/677 676/676 682/682
f 677/677 682/682 683/683
f 683/683 682/682 684/684
f 683/683 684/684 685/685
f 686/686 684/684 682/682
f 686/686 682/682 687/687
f 687/687 682/682 688/688
f 687/687 688/688 689/689
f 690/690 691/691 692/692
f 690/690 692/692 693/693
f 693/693 692/692 694/694
f 693/693 694/694 695/695
f 694/694 692/692 696/696
f 694/694 696/696 697/697
f 687/687 692/692 691/691
f 687/687 691/691 686/686
f 695/695 694/694 698/698
f 695/695 698/698 699/699
f 699/699 698/698 700/700
f 699/699 700/700 701/701
f 681/681 700/700 698/698
f 681/681 698/698 680/680
f 680/680 698/698 702/702
f 680/680 702/702 703/703
f 704/704 705/705 706/706
f 704/704 706/706 707/707
f 708/708 709/709 710/710
f 708/708 710/710 711/711
f 712/712 710/710 709/709
f 712/712 709/709 713/713
f 713/713 709/709 714/714
f 713/713 714/714 715/715
f 711/711 710/710 716/716
f 711/711 716/716 717/717
f 718/718 719/719 720/720
f 718/718 720/720 721/721
f 722/722 723/723 716/716
f 722/722 716/716 724/724
f 724/724 716/716 710/710
f 724/724 710/710 712/712
f 725/725 726/726 727/727
f 725/725 727/727 728/728
f 729/729 730/730 731/731
f 729/729 731/731 732/732
f 712/712 731/731 730/730
f 712/712 730/730 724/724
f 724/724 730/730 733/733
f 724/724 733/733 722/722
f 732/732 731/731 734/734
f 732/732 734/734 735/735
f 736/736 737/737 738/738
f 736/736 738/738 739/739
f 715/715 740/740 734/734
f 715/715 734/734 713/713
f 713/713 734/734 731/731
f 713/713 731/731 712/712
f 721/721 720/720 741/741
f 721/721 741/741 742/742
f 743/743 744/744 745/745
f 743/743 745/745 746/746
f 747/747 745/745 744/744
f 747/747 744/744 748/748
f 748/748 744/744 749/749
f 748/748 749/749 750/750
f 746/746 745/745 751/751
f 746/746 751/751 752/752
f 753/753 754/754 755/755
f 753/753 755/755 756/756
f 757/757 758/758 751/751
f 757/757 751/751 759/759
f 759/759 751/751 745/745
f 759/759 745/745 747/747
f 760/760 761/761 762/762
f 760/760 762/762 763/763
f 764/764 765/765 766/766
f 764/764 766/766 767/767
f 747/747 766/766 765/765
f 747/747 765/765 759/759
f 759/759 765/765 768/768
f 759/759 768/768 757/757
f 767/767 766/766 769/769
f 767/767 769/769 770/770
f 771/771 772/772 726/726
f 771/771 726/726 725/725
f 750/750 773/773 769/769
f 750/750 769/769 748/748
f 748/748 769/769 766/766
f 748/748 766/766 747/747
f 756/756 755/755 774/774
f 756/756 774/774 775/775
f 776/776 777/777 778/778
f 776/776 778/778 779/779
f 780/780 778/778 777/777
f 780/780 777/777 781/781
f 781/781 777/777 782/782
f 781/781 782/782 783/783
f 779/779 778/778 784/784
f 779/779 784/784 785/785
f 786/786 787/787 788/788
f 786/786 788/788 789/789
f 790/790 791/791 784/784
f 790/790 784/784 792/792
f 792/792 784/784 778/778
f 792/792 778/778 780/780
f 793/793 794/794 795/795
f 793/793 795/795 796/796
f 797/797 798/798 799/799
f 797/797 799/799 800/800
f 780/780 799/799 798/798
f 780/780 798/798 792/792
f 792/792 798/798 801/801
f 792/792 801/801 790/790
f 800/800 799/799 802/802
f 800/800 802/802 803/803
f 804/804 805/805 761/761
f 804/804 761/761 760/760
f 783/783 806/806 802/802
f 783/783 802/802 781/781
f 781/781 802/802 799/799
f 781/781 799/799 780/780
f 789/789 788/788 807/807
f 789/789 807/807 808/808
f 809/809 810/810 811/811
f 809/809 811/811 812/812
f 813/813 811/811 810/810
f 813/813 810/810 814/814
f 814/814 810/810 815/815
f 814/814 815/815 816/816
f 812/812 811/811 817/817
f 812/812 817/817 818/818
f 819/819 820/820 705/705
f 819/819 705/705 704/704
f 821/821 822/822 817/817
f 821/821 817/817 823/823
f 823/823 817/817 811/811
f 823/823 811/811 813/813
f 739/739 738/738 824/824
f 739/739 824/824 825/825
f 826/826 827/827 828/828
f 826/826 828/828 829/829
f 813/813 828/828 827/827
f 813/813 827/827 823/823
f 823/823 827/827 830/830
f 823/823 830/830 821/821
f 829/829 828/828 831/831
f 829/829 831/831 832/832
f 833/833 834/834 794/794
f 833/833 794/794 793/793
f 816/816 835/835 831/831
f 816/816 831/831 814/814
f 814/814 831/831 828/828
f 814/814 828/828 813/813
f 694/694 697/697 702/702
f 694/694 702/702 698/698
f 680/680 703/703 678/678
f 680/680 678/678 674/674
f 676/676 679/679 688/688
f 676/676 688/688 682/682
f 687/687 689/689 696/696
f 687/687 696/696 692/692
f 836/836 837/837 838/838
f 836/836 838/838 839/839
f 837/837 840/840 841/841
f 837/837 841/841 838/838
f 840/840 842/842 843/843
f 840/840 843/843 841/841
f 844/844 845/845 846/846
f 844/844 846/846 847/847
f 845/845 848/848 849/849
f 845/845 849/849 846/846
f 848/848 850/850 851/851
f 848/848 851/851 849/849
f 850/850 852/852 853/853
f 850/850 853/853 851/851
f 852/852 854/854 855/855
f 852/852 855/855 853/853
f 854/854 856/856 857/857
f 854/854 857/857 855/855
f 858/858 859/859 860/860
f 858/858 860/860 861/861
f 859/859 862/862 863/863
f 859/859 863/863 860/860
f 862/862 864/864 865/865
f 862/862 865/865 863/863
f 864/864 866/866 867/867
f 864/864 867/867 865/865
f 866/866 868/868 869/869
f 866/866 869/869 867/867
f 868/868 870/870 871/871
f 868/868 871/871 869/869
f 872/872 873/873 874/874
f 872/872 874/874 875/875
f 873/873 876/876 877/877
f 873/873 877/877 874/874
f 876/876 878/878 879/879
f 876/876 879/879 877/877
f 878/878 880/880 881/881
f 878/878 881/881 879/879
f 880/880 882/882 883/883
f 880/880 883/883 881/881
f 882/882 884/884 885/885
f 882/882 885/885 883/883
f 886/886 887/887 888/888
f 886/886 888/888 889/889
f 887/887 890/890 891/891
f 887/887 891/891 888/888
f 890/890 836/836 839/839
f 890/890 839/839 891/891
f 892/892 893/893 894/894
f 892/892 894/894 895/895
f 893/893 896/896 897/897
f 893/893 897/897 894/894
f 896/896 898/898 899/899
f 896/896 899/899 897/897
f 898/898 900/900 901/901
f 898/898 901/901 899/899
f 900/900 902/902 903/903
f 900/900 903/903 901/901
f 902/902 904/904 905/905
f 902/902 905/905 903/903
f 904/904 906/906 907/907
f 904/904 907/907 905/905
f 906/906 908/908 909/909
f 906/906 909/909 907/907
f 908/908 910/910 911/911
f 908/908 911/911 909/909
f 910/910 912/912 913/913
f 910/910 913/913 911/911
f 912/912 914/914 915/915
f 912/912 915/915 913/913
f 914/914 916/916 917/917
f 914/914 917/917 915/915
f 916/916 918/918 919/919
f 916/916 919/919 917/917
f 918/918 920/920 921/921
f 918/918 921/921 919/919
f 920/920 922/922 923/923
f 920/920 923/923 921/921
f 922/922 924/924 925/925
f 922/922 925/925 923/923
f 924/924 926/926 927/927
f 924/924 927/927 925/925
f 926/926 928/928 929/929
f 926/926 929/929 927/927
f 928/928 930/930 931/931
f 928/928 931/931 929/929
f 930/930 932/932 933/933
f 930/930 933/933 931/931
f 932/932 934/934 935/935
f 932/932 935/935 933/933
f 934/934 936/936 937/937
f 934/934 937/937 935/935
f 936/936 938/938 939/939
f 936/936 939/939 937/937
f 938/938 892/892 895/895
f 938/938 895/895 939/939
f 940/940 837/837 836/836
f 940/940 836/836 941/941
f 942/942 940/940 941/941
f 942/942 941/941 943/943
f 944/944 840/840 837/837
f 944/944 837/837 940/940
f 945/945 944/944 940/940
f 945/945 940/940 942/942
f 946/946 842/842 840/840
f 946/946 840/840 944/944
f 947/947 946/946 944/944
f 947/947 944/944 945/945
f 948/948 845/845 844/844
f 948/948 844/844 949/949
f 950/950 948/948 949/949
f 950/950 949/949 951/951
f 952/952 848/848 845/845
f 952/952 845/845 948/948
f 953/953 952/952 948/948
f 953/953 948/948 950/950
f 954/954 850/850 848/848
f 954/954 848/848 952/952
f 955/955 954/954 952/952
f 955/955 952/952 953/953
f 956/956 852/852 850/850
f 956/956 850/850 954/954
f 957/957 956/956 954/954
f 957/957 954/954 955/955
f 958/958 854/854 852/852
f 958/958 852/852 956/956
f 959/959 958/958 956/956
f 959/959 956/956 957/957
f 960/960 856/856 854/854
f 960/960 854/854 958/958
f 961/961 960/960 958/958
f 961/961 958/958 959/959
f 962/962 859/859 858/858
f 962/962 858/858 963/963
f 964/964 962/962 963/963
f 964/964 963/963 965/965
f 966/966 862/862 859/859
f 966/966 859/859 962/962
f 967/967 966/966 962/962
f 967/967 962/962 964/964
f 968/968 864/864 862/862
f 968/968 862/862 966/966
f 969/969 968/968 966/966
f 969/969 966/966 967/967
f 970/970 866/866 864/864
f 970/970 864/864 968/968
f 971/971 970/970 968/968
f 971/971 968/968 969/969
f 972/972 868/868 866/866
f 972/972 866/866 970/970
f 973/973 972/972 970/970
f 973/973 970/970 971/971
f 974/974 870/870 868/868
f 974/974 868/868 972/972
f 975/975 974/974 972/972
f 975/975 972/972 973/973
f 976/976 873/873 872/872
f 976/976 872/872 977/977
f 978/978 976/976 977/977
f 978/978 977/977 979/979
f 980/980 876/876 873/873
f 980/980 873/873 976/976
f 981/981 980/980 976/976
f 981/981 976/976 978/978
f 982/982 878/878 876/876
f 982/982 876/876 980/980
f 983/983 982/982 980/980
f 983/983 980/980 981/981
f 984/984 880/880 878/878
f 984/984 878/878 982/982
f 985/985 984/984 982/982
f 985/985 982/982 983/983
f 986/986 882/882 880/880
f 986/986 880/880 984/984
f 987/987 986/986 984/984
f 987/987 984/984 985/985
f 988/988 884/884 882/882
f 988/988 882/882 986/986
f 989/989 988/988 986/986
f 989/989 986/986 987/987
f 990/990 887/887 886/886
f 990/990 886/886 991/991
f 992/992 990/990 991/991
f 992/992 991/991 993/993
f 994/994 890/890 887/887
f 994/994 887/887 990/990
f 995/995 994/994 990/990
f 995/995 990/990 992/992
f 941/941 836/836 890/890
f 941/941 890/890 994/994
f 943/943 941/941 994/994
f 943/943 994/994 995/995
f 996/996 895/895 894/894
f 996/996 894/894 997/997
f 998/998 996/996 997/997
f 998/998 997/997 999/999
f 997/997 894/894 897/897
f 997/997 897/897 1000/1000
f 999/999 997/997 1000/1000
f 999/999 1000/1000 1001/1001
f 1000/1000 897/897 899/899
f 1000/1000 899/899 1002/1002
f 1001/1001 1000/1000 1002/1002
f 1001/1001 1002/1002 1003/1003
f 1002/1002 899/899 901/901
f 1002/1002 901/901 1004/1004
f 1003/1003 1002/1002 1004/1004
f 1003/1003 1004/1004 1005/1005
f 1004/1004 901/901 903/903
f 1004/1004 903/903 1006/1006
f 1005/1005 1004/1004 1006/1006
f 1005/1005 1006/1006 1007/1007
f 1006/1006 903/903 905/905
f 1006/1006 905/905 1008/1008
f 1007/1007 1006/1006 1008/1008
f 1007/1007 1008/1008 1009/1009
f 1008/1008 905/905 907/907
f 1008/1008 907/907 1010/1010
f 1009/1009 1008/1008 1010/1010
f 1009/1009 1010/1010 1011/1011
f 1010/1010 907/907 909/909
f 1010/1010 909/909 1012/1012
f 1011/1011 1010/1010 1012/1012
f 1011/1011 1012/1012 1013/1013
f 1012/1012 909/909 911/911
f 1012/1012 911/911 1014/1014
f 1013/1013 1012/1012 1014/1014
f 1013/1013 1014/1014 1015/1015
f 1014/1014 911/911 913/913
f 1014/1014 913/913 1016/1016
f 1015/1015 1014/1014 1016/1016
f 1015/1015 1016/1016 1017/1017
f 1016/1016 913/913 915/915
f 1016/1016 915/915 1018/1018
f 1017/1017 1016/1016 1018/1018
f 1017/1017 1018/1018 1019/1019
f 1018/1018 915/915 917/917
f 1018/1018 917/917 1020/1020
f 1019/1019 1018/1018 1020/1020
f 1019/1019 1020/1020 1021/1021
f 1020/1020 917/917 919/919
f 1020/1020 919/919 1022/1022
f 1021/1021 1020/1020 1022/1022
f 1021/1021 1022/1022 1023/1023
f 1022/1022 919/919 921/921
f 1022/1022 921/921 1024/1024
f 1023/1023 1022/1022 1024/1024
f 1023/1023 1024/1024 1025/1025
f 1024/1024 921/921 923/923
f 1024/1024 923/923 1026/1026
f 1025/1025 1024/1024 1026/1026
f 1025/1025 1026/1026 1027/1027
f 1026/1026 923/923 925/925
f 1026/1026 925/925 1028/1028
f 1027/1027 1026/1026 1028/1028
f 1027/1027 1028/1028 1029/1029
f 1028/1028 925/925 927/927
f 1028/1028 927/927 1030/1030
f 1029/1029 1028/1028 1030/1030
f 1029/1029 1030/1030 1031/1031
f 1030/1030 927/927 929/929
f 1030/1030 929/929 1032/1032
f 1031/1031 1030/1030 1032/1032
f 1031/1031 1032/1032 1033/1033
f 1032/1032 929/929 931/931
f 1032/1032 931/931 1034/1034
f 1033/1033 1032/1032 1034/1034
f 1033/1033 1034/1034 1035/1035
f 1034/1034 931/931 933/933
f 1034/1034 933/933 1036/1036
f 1035/1035 1034/1034 1036/1036
f 1035/1035 1036/1036 1037/1037
f 1036/1036 933/933 935/935
f 1036/1036 935/935 1038/1038
f 1037/1037 1036/1036 1038/1038
f 1037/1037 1038/1038 1039/1039
f 1038/1038 935/935 937/937
f 1038/1038 937/937 1040/1040
f 1039/1039 1038/1038 1040/1040
f 1039/1039 1040/1040 1041/1041
f 1040/1040 937/937 939/939
f 1040/1040 939/939 1042/1042
f 1041/1041 1040/1040 1042/1042
f 1041/1041 1042/1042 1043/1043
f 1042/1042 939/939 895/895
f 1042/1042 895/895 996/996
f 1043/1043 1042/1042 996/996
f 1043/1043 996/996 998/998
f 1044/1044 1045/1045 1046/1046
f 1044/1044 1046/1046 1047/1047
f 1048/1048 1049/1049 1045/1045
f 1048/1048 1045/1045 1044/1044
f 1050/1050 1051/1051 1049/1049
f 1050/1050 1049/1049 1048/1048
f 1052/1052 1053/1053 1051/1051
f 1052/1052 1051/1051 1050/1050
f 1054/1054 1055/1055 1056/1056
f 1054/1054 1056/1056 1057/1057
f 1058/1058 1059/1059 1055/1055
f 1058/1058 1055/1055 1054/1054
f 1060/1060 1061/1061 1059/1059
f 1060/1060 1059/1059 1058/1058
f 1062/1062 1063/1063 1061/1061
f 1062/1062 1061/1061 1060/1060
f 1064/1064 1065/1065 1063/1063
f 1064/1064 1063/1063 1062/1062
f 1066/1066 1067/1067 1065/1065
f 1066/1066 1065/1065 1064/1064
f 1068/1068 1069/1069 1070/1070
f 1068/1068 1070/1070 1071/1071
f 1072/1072 1073/1073 1069/1069
f 1072/1072 1069/1069 1068/1068
f 1074/1074 1075/1075 1073/1073
f 1074/1074 1073/1073 1072/1072
f 1076/1076 1077/1077 1075/1075
f 1076/1076 1075/1075 1074/1074
f 1078/1078 1079/1079 1077/1077
f 1078/1078 1077/1077 1076/1076
f 1080/1080 1081/1081 1079/1079
f 1080/1080 1079/1079 1078/1078
f 1082/1082 1083/1083 1084/1084
f 1082/1082 1084/1084 1085/1085
f 1086/1086 1087/1087 1083/1083
f 1086/1086 1083/1083 1082/1082
f 1088/1088 1089/1089 1087/1087
f 1088/1088 1087/1087 1086/1086
f 1090/1090 1091/1091 1089/1089
f 1090/1090 1089/1089 1088/1088
f 1092/1092 1093/1093 1091/1091
f 1092/1092 1091/1091 1090/1090
f 1094/1094 1095/1095 1093/1093
f 1094/1094 1093/1093 1092/1092
f 1096/1096 1097/1097 1098/1098
f 1096/1096 1098/1098 1099/1099
f 1047/1047 1046/1046 1097/1097
f 1047/1047 1097/1097 1096/1096
f 1100/1100 1101/1101 1102/1102
f 1100/1100 1102/1102 1103/1103
f 1104/1104 1105/1105 1101/1101
f 1104/1104 1101/1101 1100/1100
f 1106/1106 1107/1107 1105/1105
f 1106/1106 1105/1105 1104/1104
f 1108/1108 1109/1109 1107/1107
f 1108/1108 1107/1107 1106/1106
f 1110/1110 1111/1111 1109/1109
f 1110/1110 1109/1109 1108/1108
f 1112/1112 1113/1113 1111/1111
f 1112/1112 1111/1111 1110/1110
f 1114/1114 1115/1115 1113/1113
f 1114/1114 1113/1113 1112/1112
f 1116/1116 1117/1117 1115/1115
f 1116/1116 1115/1115 1114/1114
f 1118/1118 1119/1119 1117/1117
f 1118/1118 1117/1117 1116/1116
f 1120/1120 1121/1121 1119/1119
f 1120/1120 1119/1119 1118/1118
f 1122/1122 1123/1123 1121/1121
f 1122/1122 1121/1121 1120/1120
f 1124/1124 1125/1125 1123/1123
f 1124/1124 1123/1123 1122/1122
f 1126/1126 1127/1127 1125/1125
f 1126/1126 1125/1125 1124/1124
f 1128/1128 1129/1129 1127/1127
f 1128/1128 1127/1127 1126/1126
f 1130/1130 1131/1131 1129/1129
f 1130/1130 1129/1129 1128/1128
f 1132/1132 1133/1133 1131/1131
f 1132/1132 1131/1131 1130/1130
f 1134/1134 1135/1135 1133/1133
f 1134/1134 1133/1133 1132/1132
f 1136/1136 1137/1137 1135/1135
f 1136/1136 1135/1135 1134/1134
f 1138/1138 1139/1139 1137/1137
f 1138/1138 1137/1137 1136/1136
f 1140/1140 1141/1141 1139/1139
f 1140/1140 1139/1139 1138/1138
f 1142/1142 1143/1143 1141/1141
f 1142/1142 1141/1141 1140/1140
f 1144/1144 1145/1145 1143/1143
f 1144/1144 1143/1143 1142/1142
f 1146/1146 1147/1147 1145/1145
f 1146/1146 1145/1145 1144/1144
f 1103/1103 1102/1102 1147/1147
f 1103/1103 1147/1147 1146/1146
f 1148/1148 1149/1149 1150/1150
f 1148/1148 1150/1150 1151/1151
f 1152/1152 1153/1153 1149/1149
f 1152/1152 1149/1149 1148/1148
f 1154/1154 1155/1155 1153/1153
f 1154/1154 1153/1153 1152/1152
f 1156/1156 1157/1157 1155/1155
f 1156/1156 1155/1155 1154/1154
f 1158/1158 1159/1159 1160/1160
f 1158/1158 1160/1160 1161/1161
f 1162/1162 1163/1163 1159/1159
f 1162/1162 1159/1159 1158/1158
f 1164/1164 1165/1165 1163/1163
f 1164/1164 1163/1163 1162/1162
f 1166/1166 1167/1167 1165/1165
f 1166/1166 1165/1165 1164/1164
f 1168/1168 1169/1169 1167/1167
f 1168/1168 1167/1167 1166/1166
f 1170/1170 1171/1171 1169/1169
f 1170/1170 1169/1169 1168/1168
f 1172/1172 1173/1173 1174/1174
f 1172/1172 1174/1174 1175/1175
f 1176/1176 1177/1177 1173/1173
f 1176/1176 1173/1173 1172/1172
f 1178/1178 1179/1179 1177/1177
f 1178/1178 1177/1177 1176/1176
f 1180/1180 1181/1181 1179/1179
f 1180/1180 1179/1179 1178/1178
f 1182/1182 1183/1183 1181/1181
f 1182/1182 1181/1181 1180/1180
f 1184/1184 1185/1185 1183/1183
f 1184/1184 1183/1183 1182/1182
f 1186/1186 1187/1187 1188/1188
f 1186/1186 1188/1188 1189/1189
f 1190/1190 1191/1191 1187/1187
f 1190/1190 1187/1187 1186/1186
f 1192/1192 1193/1193 1191/1191
f 1192/1192 1191/1191 1190/1190
f 1194/1194 1195/1195 1193/1193
f 1194/1194 1193/1193 1192/1192
f 1196/1196 1197/1197 1195/1195
f 1196/1196 1195/1195 1194/1194
f 1198/1198 1199/1199 1197/1197
f 1198/1198 1197/1197 1196/1196
f 1200/1200 1201/1201 1202/1202
f 1200/1200 1202/1202 1203/1203
f 1151/1151 1150/1150 1201/1201
f 1151/1151 1201/1201 1200/1200
f 1204/1204 1205/1205 1206/1206
f 1207/1207 1208/1208 1209/1209
f 1207/1207 1209/1209 1210/1210
f 1211/1211 1212/1212 1208/1208
f 1211/1211 1208/1208 1207/1207
f 1213/1213 1214/1214 1215/1215
f 1213/1213 1215/1215 1216/1216
f 1217/1217 1218/1218 1219/1219
f 1217/1217 1219/1219 1220/1220
f 1221/1221 1222/1222 1223/1223
f 1221/1221 1223/1223 1224/1224
f 1225/1225 1226/1226 1222/1222
f 1225/1225 1222/1222 1221/1221
f 1227/1227 1228/1228 1229/1229
f 1227/1227 1229/1229 1230/1230
f 1231/1231 1232/1232 1233/1233
f 1231/1231 1233/1233 1234/1234
f 1235/1235 1236/1236 1237/1237
f 1235/1235 1237/1237 1238/1238
f 1239/1239 1240/1240 1236/1236
f 1239/1239 1236/1236 1235/1235
f 1241/1241 1242/1242 1240/1240
f 1241/1241 1240/1240 1239/1239
f 1243/1243 1244/1244 1242/1242
f 1243/1243 1242/1242 1241/1241
f 1245/1245 1246/1246 1244/1244
f 1245/1245 1244/1244 1243/1243
f 1247/1247 1248/1248 1246/1246
f 1247/1247 1246/1246 1245/1245
f 1249/1249 1250/1250 1248/1248
f 1249/1249 1248/1248 1247/1247
f 1238/1238 1237/1237 1250/1250
f 1238/1238 1250/1250 1249/1249
f 1251/1251 1252/1252 1253/1253
f 1251/1251 1253/1253 1254/1254
f 1255/1255 1256/1256 1252/1252
f 1255/1255 1252/1252 1251/1251
f 1257/1257 1258/1258 1259/1259
f 1257/1257 1259/1259 1260/1260
f 1261/1261 1262/1262 1263/1263
f 1261/1261 1263/1263 1264/1264
f 1265/1265 1266/1266 1267/1267
f 1265/1265 1267/1267 1268/1268
f 1269/1269 1270/1270 1266/1266
f 1269/1269 1266/1266 1265/1265
f 1271/1271 1272/1272 1273/1273
f 1271/1271 1273/1273 1274/1274
f 1275/1275 1276/1276 1277/1277
f 1275/1275 1277/1277 1278/1278
f 1279/1279 1205/1205 1204/1204
f 1204/1204 1206/1206 1280/1280
f 1280/1280 1206/1206 1281/1281
f 1281/1281 1206/1206 1282/1282
f 1283/1283 1282/1282 1284/1284
f 1284/1284 1285/1285 1286/1286
f 1286/1286 1285/1285 1287/1287
f 1287/1287 1205/1205 1279/1279
f 1281/1281 1282/1282 1283/1283
f 1287/1287 1285/1285 1205/1205
f 1282/1282 1285/1285 1284/1284
f 1288/1288 1289/1289 1290/1290
f 1288/1288 1290/1290 1291/1291
f 1292/1292 1293/1293 1294/1294
f 1292/1292 1294/1294 1295/1295
f 1296/1296 1297/1297 1298/1298
f 1296/1296 1298/1298 1299/1299
f 1300/1300 1301/1301 1302/1302
f 1300/1300 1302/1302 1303/1303
f 1304/1304 1305/1305 1306/1306
f 1304/1304 1306/1306 1307/1307
f 1308/1308 1309/1309 1310/1310
f 1308/1308 1310/1310 1311/1311
f 1311/1311 1310/1310 1312/1312
f 1311/1311 1312/1312 1313/1313
f 1314/1314 1312/1312 1310/1310
f 1314/1314 1310/1310 1315/1315
f 1315/1315 1310/1310 1309/1309
f 1315/1315 1309/1309 1316/1316
f 1313/1313 1312/1312 1317/1317
f 1313/1313 1317/1317 1318/1318
f 1318/1318 1317/1317 1319/1319
f 1318/1318 1319/1319 1320/1320
f 1321/1321 1319/1319 1317/1317
f 1321/1321 1317/1317 1322/1322
f 1322/1322 1317/1317 1312/1312
f 1322/1322 1312/1312 1314/1314
f 1323/1323 1324/1324 1325/1325
f 1323/1323 1325/1325 1326/1326
f 1326/1326 1325/1325 1327/1327
f 1326/1326 1327/1327 1328/1328
f 1314/1314 1327/1327 1325/1325
f 1314/1314 1325/1325 1322/1322
f 1322/1322 1325/1325 1324/1324
f 1322/1322 1324/1324 1321/1321
f 1328/1328 1327/1327 1329/1329
f 1328/1328 1329/1329 1330/1330
f 1330/1330 1329/1329 1331/1331
f 1330/1330 1331/1331 1332/1332
f 1316/1316 1331/1331 1329/1329
f 1316/1316 1329/1329 1315/1315
f 1315/1315 1329/1329 1327/1327
f 1315/1315 1327/1327 1314/1314
f 1333/1333 1334/1334 1335/1335
f 1333/1333 1335/1335 1336/1336
f 1336/1336 1335/1335 1337/1337
f 1336/1336 1337/1337 1338/1338
f 1337/1337 1335/1335 1339/1339
f 1337/1337 1339/1339 1340/1340
f 1341/1341 1335/1335 1334/1334
f 1341/1341 1334/1334 1342/1342
f 1338/1338 1337/1337 1343/1343
f 1338/1338 1343/1343 1344/1344
f 1344/1344 1343/1343 1345/1345
f 1344/1344 1345/1345 1346/1346
f 1347/1347 1345/1345 1343/1343
f 1347/1347 1343/1343 1348/1348
f 1348/1348 1343/1343 1349/1349
f 1348/1348 1349/1349 1350/1350
f 1351/1351 1352/1352 1353/1353
f 1351/1351 1353/1353 1354/1354
f 1354/1354 1353/1353 1355/1355
f 1354/1354 1355/1355 1356/1356
f 1355/1355 1353/1353 1357/1357
f 1355/1355 1357/1357 1358/1358
f 1348/1348 1353/1353 1352/1352
f 1348/1348 1352/1352 1347/1347
f 1356/1356 1355/1355 1359/1359
f 1356/1356 1359/1359 1360/1360
f 1360/1360 1359/1359 1361/1361
f 1360/1360 1361/1361 1362/1362
f 1342/1342 1361/1361 1359/1359
f 1342/1342 1359/1359 1341/1341
f 1341/1341 1359/1359 1363/1363
f 1341/1341 1363/1363 1364/1364
f 1365/1365 1366/1366 1367/1367
f 1365/1365 1367/1367 1368/1368
f 1369/1369 1370/1370 1371/1371
f 1369/1369 1371/1371 1372/1372
f 1373/1373 1371/1371 1370/1370
f 1373/1373 1370/1370 1374/1374
f 1374/1374 1370/1370 1375/1375
f 1374/1374 1375/1375 1376/1376
f 1372/1372 1371/1371 1377/1377
f 1372/1372 1377/1377 1378/1378
f 1379/1379 1380/1380 1381/1381
f 1379/1379 1381/1381 1382/1382
f 1383/1383 1384/1384 1377/1377
f 1383/1383 1377/1377 1385/1385
f 1385/1385 1377/1377 1371/1371
f 1385/1385 1371/1371 1373/1373
f 1386/1386 1387/1387 1388/1388
f 1386/1386 1388/1388 1389/1389
f 1390/1390 1391/1391 1392/1392
f 1390/1390 1392/1392 1393/1393
f 1373/1373 1392/1392 1391/1391
f 1373/1373 1391/1391 1385/1385
f 1385/1385 1391/1391 1394/1394
f 1385/1385 1394/1394 1383/1383
f 1393/1393 1392/1392 1395/1395
f 1393/1393 1395/1395 1396/1396
f 1397/1397 1398/1398 1399/1399
f 1397/1397 1399/1399 1400/1400
f 1376/1376 1401/1401 1395/1395
f 1376/1376 1395/1395 1374/1374
f 1374/1374 1395/1395 1392/1392
f 1374/1374 1392/1392 1373/1373
f 1382/1382 1381/1381 1402/1402
f 1382/1382 1402/1402 1403/1403
f 1404/1404 1405/1405 1406/1406
f 1404/1404 1406/1406 1407/1407
f 1408/1408 1406/1406 1405/1405
f 1408/1408 1405/1405 1409/1409
f 1409/1409 1405/1405 1410/1410
f 1409/1409 1410/1410 1411/1411
f 1407/1407 1406/1406 1412/1412
f 1407/1407 1412/1412 1413/1413
f 1414/1414 1415/1415 1416/1416
f 1414/1414 1416/1416 1417/1417
f 1418/1418 1419/1419 1412/1412
f 1418/1418 1412/1412 1420/1420
f 1420/1420 1412/1412 1406/1406
f 1420/1420 1406/1406 1408/1408
f 1421/1421 1422/1422 1423/1423
f 1421/1421 1423/1423 1424/1424
f 1425/1425 1426/1426 1427/1427
f 1425/1425 1427/1427 1428/1428
f 1408/1408 1427/1427 1426/1426
f 1408/1408 1426/1426 1420/1420
f 1420/1420 1426/1426 1429/1429
f 1420/1420 1429/1429 1418/1418
f 1428/1428 1427/1427 1430/1430
f 1428/1428 1430/1430 1431/1431
f 1432/1432 1433/1433 1387/1387
f 1432/1432 1387/1387 1386/1386
f 1411/1411 1434/1434 1430/1430
f 1411/1411 1430/1430 1409/1409
f 1409/1409 1430/1430 1427/1427
f 1409/1409 1427/1427 1408/1408
f 1417/1417 1416/1416 1435/1435
f 1417/1417 1435/1435 1436/1436
f 1437/1437 1438/1438 1439/1439
f 1437/1437 1439/1439 1440/1440
f 1441/1441 1439/1439 1438/1438
f 1441/1441 1438/1438 1442/1442
f 1442/1442 1438/1438 1443/1443
f 1442/1442 1443/1443 1444/1444
f 1440/1440 1439/1439 1445/1445
f 1440/1440 1445/1445 1446/1446
f 1447/1447 1448/1448 1449/1449
f 1447/1447 1449/1449 1450/1450
f 1451/1451 1452/1452 1445/1445
f 1451/1451 1445/1445 1453/1453
f 1453/1453 1445/1445 1439/1439
f 1453/1453 1439/1439 1441/1441
f 1454/1454 1455/1455 1456/1456
f 1454/1454 1456/1456 1457/1457
f 1458/1458 1459/1459 1460/1460
f 1458/1458 1460/1460 1461/1461
f 1441/1441 1460/1460 1459/1459
f 1441/1441 1459/1459 1453/1453
f 1453/1453 1459/1459 1462/1462
f 1453/1453 1462/1462 1451/1451
f 1461/1461 1460/1460 1463/1463
f 1461/1461 1463/1463 1464/1464
f 1465/1465 1466/1466 1422/1422
f 1465/1465 1422/1422 1421/1421
f 1444/1444 1467/1467 1463/1463
f 1444/1444 1463/1463 1442/1442
f 1442/1442 1463/1463 1460/1460
f 1442/1442 1460/1460 1441/1441
f 1450/1450 1449/1449 1468/1468
f 1450/1450 1468/1468 1469/1469
f 1470/1470 1471/1471 1472/1472
f 1470/1470 1472/1472 1473/1473
f 1474/1474 1472/1472 1471/1471
f 1474/1474 1471/1471 1475/1475
f 1475/1475 1471/1471 1476/1476
f 1475/1475 1476/1476 1477/1477
f 1473/1473 1472/1472 1478/1478
f 1473/1473 1478/1478 1479/1479
f 1480/1480 1481/1481 1366/1366
f 1480/1480 1366/1366 1365/1365
f 1482/1482 1483/1483 1478/1478
f 1482/1482 1478/1478 1484/1484
f 1484/1484 1478/1478 1472/1472
f 1484/1484 1472/1472 1474/1474
f 1400/1400 1399/1399 1485/1485
f 1400/1400 1485/1485 1486/1486
f 1487/1487 1488/1488 1489/1489
f 1487/1487 1489/1489 1490/1490
f 1474/1474 1489/1489 1488/1488
f 1474/1474 1488/1488 1484/1484
f 1484/1484 1488/1488 1491/1491
f 1484/1484 1491/1491 1482/1482
f 1490/1490 1489/1489 1492/1492
f 1490/1490 1492/1492 1493/1493
f 1494/1494 1495/1495 1455/1455
f 1494/1494 1455/1455 1454/1454
f 1477/1477 1496/1496 1492/1492
f 1477/1477 1492/1492 1475/1475
f 1475/1475 1492/1492 1489/1489
f 1475/1475 1489/1489 1474/1474
f 1355/1355 1358/1358 1363/1363
f 1355/1355 1363/1363 1359/1359
f 1341/1341 1364/1364 1339/1339
f 1341/1341 1339/1339 1335/1335
f 1337/1337 1340/1340 1349/1349
f 1337/1337 1349/1349 1343/1343
f 1348/1348 1350/1350 1357/1357
f 1348/1348 1357/1357 1353/1353
f 1497/1497 1498/1498 1499/1499
f 1497/1497 1499/1499 1500/1500
f 1498/1498 1501/1501 1502/1502
f 1498/1498 1502/1502 1499/1499
f 1501/1501 1503/1503 1504/1504
f 1501/1501 1504/1504 1502/1502
f 1505/1505 1506/1506 1507/1507
f 1505/1505 1507/1507 1508/1508
f 1506/1506 1509/1509 1510/1510
f 1506/1506 1510/1510 1507/1507
f 1509/1509 1511/1511 1512/1512
f 1509/1509 1512/1512 1510/1510
f 1511/1511 1513/1513 1514/1514
f 1511/1511 1514/1514 1512/1512
f 1513/1513 1515/1515 1516/1516
f 1513/1513 1516/1516 1514/1514
f 1515/1515 1517/1517 1518/1518
f 1515/1515 1518/1518 1516/1516
f 1519/1519 1520/1520 1521/1521
f 1519/1519 1521/1521 1522/1522
f 1520/1520 1523/1523 1524/1524
f 1520/1520 1524/1524 1521/1521
f 1523/1523 1525/1525 1526/1526
f 1523/1523 1526/1526 1524/1524
f 1525/1525 1527/1527 1528/1528
f 1525/1525 1528/1528 1526/1526
f 1527/1527 1529/1529 1530/1530
f 1527/1527 1530/1530 1528/1528
f 1529/1529 1531/1531 1532/1532
f 1529/1529 1532/1532 1530/1530
f 1533/1533 1534/1534 1535/1535
f 1533/1533 1535/1535 1536/1536
f 1534/1534 1537/1537 1538/1538
f 1534/1534 1538/1538 1535/1535
f 1537/1537 1539/1539 1540/1540
f 1537/1537 1540/1540 1538/1538
f 1539/1539 1541/1541 1542/1542
f 1539/1539 1542/1542 1540/1540
f 1541/1541 1543/1543 1544/1544
f 1541/1541 1544/1544 1542/1542
f 1543/1543 1545/1545 1546/1546
f 1543/1543 1546/1546 1544/1544
f 1547/1547 1548/1548 1549/1549
f 1547/1547 1549/1549 1550/1550
f 1548/1548 1551/1551 1552/1552
f 1548/1548 1552/1552 1549/1549
f 1551/1551 1497/1497 1500/1500
f 1551/1551 1500/1500 1552/1552
f 1553/1553 1554/1554 1555/1555
f 1553/1553 1555/1555 1556/1556
f 1554/1554 1557/1557 1558/1558
f 1554/1554 1558/1558 1555/1555
f 1557/1557 1559/1559 1560/1560
f 1557/1557 1560/1560 1558/1558
f 1559/1559 1561/1561 1562/1562
f 1559/1559 1562/1562 1560/1560
f 1561/1561 1563/1563 1564/1564
f 1561/1561 1564/1564 1562/1562
f 1563/1563 1565/1565 1566/1566
f 1563/1563 1566/1566 1564/1564
f 1565/1565 1567/1567 1568/1568
f 1565/1565 1568/1568 1566/1566
f 1567/1567 1569/1569 1570/1570
f 1567/1567 1570/1570 1568/1568
f 1569/1569 1571/1571 1572/1572
f 1569/1569 1572/1572 1570/1570
f 1571/1571 1573/1573 1574/1574
f 1571/1571 1574/1574 1572/1572
f 1573/1573 1575/1575 1576/1576
f 1573/1573 1576/1576 1574/1574
f 1575/1575 1577/1577 1578/1578
f 1575/1575 1578/1578 1576/1576
f 1577/1577 1579/1579 1580/1580
f 1577/1577 1580/1580 1578/1578
f 1579/1579 1581/1581 1582/1582
f 1579/1579 1582/1582 1580/1580
f 1581/1581 1583/1583 1584/1584
f 1581/1581 1584/1584 1582/1582
f 1583/1583 1585/1585 1586/1586
f 1583/1583 1586/1586 1584/1584
f 1585/1585 1587/1587 1588/1588
f 1585/1585 1588/1588 1586/1586
f 1587/1587 1589/1589 1590/1590
f 1587/1587 1590/1590 1588/1588
f 1589/1589 1591/1591 1592/1592
f 1589/1589 1592/1592 1590/1590
f 1591/1591 1593/1593 1594/1594
f 1591/1591 1594/1594 1592/1592
f 1593/1593 1595/1595 1596/1596
f 1593/1593 1596/1596 1594/1594
f 1595/1595 1597/1597 1598/1598
f 1595/1595 1598/1598 1596/1596
f 1597/1597 1599/1599 1600/1600
f 1597/1597 1600/1600 1598/1598
f 1599/1599 1553/1553 1556/1556
f 1599/1599 1556/1556 1600/1600
f 1601/1601 1498/1498 1497/1497
f 1601/1601 1497/1497 1602/1602
f 1603/1603 1601/1601 1602/1602
f 1603/1603 1602/1602 1604/1604
f 1605/1605 1501/1501 1498/1498
f 1605/1605 1498/1498 1601/1601
f 1606/1606 1605/1605 1601/1601
f 1606/1606 1601/1601 1603/1603
f 1607/1607 1503/1503 1501/1501
f 1607/1607 1501/1501 1605/1605
f 1608/1608 1607/1607 1605/1605
f 1608/1608 1605/1605 1606/1606
f 1609/1609 1506/1506 1505/1505
f 1609/1609 1505/1505 1610/1610
f 1611/1611 1609/1609 1610/1610
f 1611/1611 1610/1610 1612/1612
f 1613/1613 1509/1509 1506/1506
f 1613/1613 1506/1506 1609/1609
f 1614/1614 1613/1613 1609/1609
f 1614/1614 1609/1609 1611/1611
f 1615/1615 1511/1511 1509/1509
f 1615/1615 1509/1509 1613/1613
f 1616/1616 1615/1615 1613/1613
f 1616/1616 1613/1613 1614/1614
f 1617/1617 1513/1513 1511/1511
f 1617/1617 1511/1511 1615/1615
f 1618/1618 1617/1617 1615/1615
f 1618/1618 1615/1615 1616/1616
f 1619/1619 1515/1515 1513/1513
f 1619/1619 1513/1513 1617/1617
f 1620/1620 1619/1619 1617/1617
f 1620/1620 1617/1617 1618/1618
f 1621/1621 1517/1517 1515/1515
f 1621/1621 1515/1515 1619/1619
f 1622/1622 1621/1621 1619/1619
f 1622/1622 1619/1619 1620/1620
f 1623/1623 1520/1520 1519/1519
f 1623/1623 1519/1519 1624/1624
f 1625/1625 1623/1623 1624/1624
f 1625/1625 1624/1624 1626/1626
f 1627/1627 1523/1523 1520/1520
f 1627/1627 1520/1520 1623/1623
f 1628/1628 1627/1627 1623/1623
f 1628/1628 1623/1623 1625/1625
f 1629/1629 1525/1525 1523/1523
f 1629/1629 1523/1523 1627/1627
f 1630/1630 1629/1629 1627/1627
f 1630/1630 1627/1627 1628/1628
f 1631/1631 1527/1527 1525/1525
f 1631/1631 1525/1525 1629/1629
f 1632/1632 1631/1631 1629/1629
f 1632/1632 1629/1629 1630/1630
f 1633/1633 1529/1529 1527/1527
f 1633/1633 1527/1527 1631/1631
f 1634/1634 1633/1633 1631/1631
f 1634/1634 1631/1631 1632/1632
f 1635/1635 1531/1531 1529/1529
f 1635/1635 1529/1529 1633/1633
f 1636/1636 1635/1635 1633/1633
f 1636/1636 1633/1633 1634/1634
f 1637/1637 1534/1534 1533/1533
f 1637/1637 1533/1533 1638/1638
f 1639/1639 1637/1637 1638/1638
f 1639/1639 1638/1638 1640/1640
f 1641/1641 1537/1537 1534/1534
f 1641/1641 1534/1534 1637/1637
f 1642/1642 1641/1641 1637/1637
f 1642/1642 1637/1637 1639/1639
f 1643/1643 1539/1539 1537/1537
f 1643/1643 1537/1537 1641/1641
f 1644/1644 1643/1643 1641/1641
f 1644/1644 1641/1641 1642/1642
f 1645/1645 1541/1541 1539/1539
f 1645/1645 1539/1539 1643/1643
f 1646/1646 1645/1645 1643/1643
f 1646/1646 1643/1643 1644/1644
f 1647/1647 1543/1543 1541/1541
f 1647/1647 1541/1541 1645/1645
f 1648/1648 1647/1647 1645/1645
f 1648/1648 1645/1645 1646/1646
f 1649/1649 1545/1545 1543/1543
f 1649/1649 1543/1543 1647/1647
f 1650/1650 1649/1649 1647/1647
f 1650/1650 1647/1647 1648/1648
f 1651/1651 1548/1548 1547/1547
f 1651/1651 1547/1547 1652/1652
f 1653/1653 1651/1651 1652/1652
f 1653/1653 1652/1652 1654/1654
f 1655/1655 1551/1551 1548/1548
f 1655/1655 1548/1548 1651/1651
f 1656/1656 1655/1655 1651/1651
f 1656/1656 1651/1651 1653/1653
f 1602/1602 1497/1497 1551/1551
f 1602/1602 1551/1551 1655/1655
f 1604/1604 1602/1602 1655/1655
f 1604/1604 1655/1655 1656/1656
f 1657/1657 1556/1556 1555/1555
f 1657/1657 1555/1555 1658/1658
f 1659/1659 1657/1657 1658/1658
f 1659/1659 1658/1658 1660/1660
f 1658/1658 1555/1555 1558/1558
f 1658/1658 1558/1558 1661/1661
f 1660/1660 1658/1658 1661/1661
f 1660/1660 1661/1661 1662/1662
f 1661/1661 1558/1558 1560/1560
f 1661/1661 1560/1560 1663/1663
f 1662/1662 1661/1661 1663/1663
f 1662/1662 1663/1663 1664/1664
f 1663/1663 1560/1560 1562/1562
f 1663/1663 1562/1562 1665/1665
f 1664/1664 1663/1663 1665/1665
f 1664/1664 1665/1665 1666/1666
f 1665/1665 1562/1562 1564/1564
f 1665/1665 1564/1564 1667/1667
f 1666/1666 1665/1665 1667/1667
f 1666/1666 1667/1667 1668/1668
f 1667/1667 1564/1564 1566/1566
f 1667/1667 1566/1566 1669/1669
f 1668/1668 1667/1667 1669/1669
f 1668/1668 1669/1669 1670/1670
f 1669/1669 1566/1566 1568/1568
f 1669/1669 1568/1568 1671/1671
f 1670/1670 1669/1669 1671/1671
f 1670/1670 1671/1671 1672/1672
f 1671/1671 1568/1568 1570/1570
f 1671/1671 1570/1570 1673/1673
f 1672/1672 1671/1671 1673/1673
f 1672/1672 1673/1673 1674/1674
f 1673/1673 1570/1570 1572/1572
f 1673/1673 1572/1572 1675/1675
f 1674/1674 1673/1673 1675/1675
f 1674/1674 1675/1675 1676/1676
f 1675/1675 1572/1572 1574/1574
f 1675/1675 1574/1574 1677/1677
f 1676/1676 1675/1675 1677/1677
f 1676/1676 1677/1677 1678/1678
f 1677/1677 1574/1574 1576/1576
f 1677/1677 1576/1576 1679/1679
f 1678/1678 1677/1677 1679/1679
f 1678/1678 1679/1679 1680/1680
f 1679/1679 1576/1576 1578/1578
f 1679/1679 1578/1578 1681/1681
f 1680/1680 1679/1679 1681/1681
f 1680/1680 1681/1681 1682/1682
f 1681/1681 1578/1578 1580/1580
f 1681/1681 1580/1580 1683/1683
f 1682/1682 1681/1681 1683/1683
f 1682/1682 1683/1683 1684/1684
f 1683/1683 1580/1580 1582/1582
f 1683/1683 1582/1582 1685/1685
f 1684/1684 1683/1683 1685/1685
f 1684/1684 1685/1685 1686/1686
f 1685/1685 1582/1582 1584/1584
f 1685/1685 1584/1584 1687/1687
f 1686/1686 1685/1685 1687/1687
f 1686/1686 1687/1687 1688/1688
f 1687/1687 1584/1584 1586/1586
f 1687/1687 1586/1586 1689/1689
f 1688/1688 1687/1687 1689/1689
f 1688/1688 1689/1689 1690/1690
f 1689/1689 1586/1586 1588/1588
f 1689/1689 1588/1588 1691/1691
f 1690/1690 1689/1689 1691/1691
f 1690/1690 1691/1691 1692/1692
f 1691/1691 1588/1588 1590/1590
f 1691/1691 1590/1590 1693/1693
f 1692/1692 1691/1691 1693/1693
f 1692/1692 1693/1693 1694/1694
f 1693/1693 1590/1590 1592/1592
f 1693/1693 1592/1592 1695/1695
f 1694/1694 1693/1693 1695/1695
f 1694/1694 1695/1695 1696/1696
f 1695/1695 1592/1592 1594/1594
f 1695/1695 1594/1594 1697/1697
f 1696/1696 1695/1695 1697/1697
f 1696/1696 1697/1697 1698/1698
f 1697/1697 1594/1594 1596/1596
f 1697/1697 1596/1596 1699/1699
f 1698/1698 1697/1697 1699/1699
f 1698/1698 1699/1699 1700/1700
f 1699/1699 1596/1596 1598/1598
f 1699/1699 1598/1598 1701/1701
f 1700/1700 1699/1699 1701/1701
f 1700/1700 1701/1701 1702/1702
f 1701/1701 1598/1598 1600/1600
f 1701/1701 1600/1600 1703/1703
f 1702/1702 1701/1701 1703/1703
f 1702/1702 1703/1703 1704/1704
f 1703/1703 1600/1600 1556/1556
f 1703/1703 1556/1556 1657/1657
f 1704/1704 1703/1703 1657/1657
f 1704/1704 1657/1657 1659/1659
f 1705/1705 1706/1706 1707/1707
f 1705/1705 1707/1707 1708/1708
f 1709/1709 1710/1710 1706/1706
f 1709/1709 1706/1706 1705/1705
f 1711/1711 1712/1712 1710/1710
f 1711/1711 1710/1710 1709/1709
f 1713/1713 1714/1714 1712/1712
f 1713/1713 1712/1712 1711/1711
f 1715/1715 1716/1716 1717/1717
f 1715/1715 1717/1717 1718/1718
f 1719/1719 1720/1720 1716/1716
f 1719/1719 1716/1716 1715/1715
f 1721/1721 1722/1722 1720/1720
f 1721/1721 1720/1720 1719/1719
f 1723/1723 1724/1724 1722/1722
f 1723/1723 1722/1722 1721/1721
f 1725/1725 1726/1726 1724/1724
f 1725/1725 1724/1724 1723/1723
f 1727/1727 1728/1728 1726/1726
f 1727/1727 1726/1726 1725/1725
f 1729/1729 1730/1730 1731/1731
f 1729/1729 1731/1731 1732/1732
f 1733/1733 1734/1734 1730/1730
f 1733/1733 1730/1730 1729/1729
f 1735/1735 1736/1736 1734/1734
f 1735/1735 1734/1734 1733/1733
f 1737/1737 1738/1738 1736/1736
f 1737/1737 1736/1736 1735/1735
f 1739/1739 1740/1740 1738/1738
f 1739/1739 1738/1738 1737/1737
f 1741/1741 1742/1742 1740/1740
f 1741/1741 1740/1740 1739/1739
f 1743/1743 1744/1744 1745/1745
f 1743/1743 1745/1745 1746/1746
f 1747/1747 1748/1748 1744/1744
f 1747/1747 1744/1744 1743/1743
f 1749/1749 1750/1750 1748/1748
f 1749/1749 1748/1748 1747/1747
f 1751/1751 1752/1752 1750/1750
f 1751/1751 1750/1750 1749/1749
f 1753/1753 1754/1754 1752/1752
f 1753/1753 1752/1752 1751/1751
f 1755/1755 1756/1756 1754/1754
f 1755/1755 1754/1754 1753/1753
f 1757/1757 1758/1758 1759/1759
f 1757/1757 1759/1759 1760/1760
f 1708/1708 1707/1707 1758/1758
f 1708/1708 1758/1758 1757/1757
f 1761/1761 1762/1762 1763/1763
f 1761/1761 1763/1763 1764/1764
f 1765/1765 1766/1766 1762/1762
f 1765/1765 1762/1762 1761/1761
f 1767/1767 1768/1768 1766/1766
f 1767/1767 1766/1766 1765/1765
f 1769/1769 1770/1770 1768/1768
f 1769/1769 1768/1768 1767/1767
f 1771/1771 1772/1772 1770/1770
f 1771/1771 1770/1770 1769/1769
f 1773/1773 1774/1774 1772/1772
f 1773/1773 1772/1772 1771/1771
f 1775/1775 1776/1776 1774/1774
f 1775/1775 1774/1774 1773/1773
f 1777/1777 1778/1778 1776/1776
f 1777/1777 1776/1776 1775/1775
f 1779/1779 1780/1780 1778/1778
f 1779/1779 1778/1778 1777/1777
f 1781/1781 1782/1782 1780/1780
f 1781/1781 1780/1780 1779/1779
f 1783/1783 1784/1784 1782/1782
f 1783/1783 1782/1782 1781/1781
f 1785/1785 1786/1786 1784/1784
f 1785/1785 1784/1784 1783/1783
f 1787/1787 1788/1788 1786/1786
f 1787/1787 1786/1786 1785/1785
f 1789/1789 1790/1790 1788/1788
f 1789/1789 1788/1788 1787/1787
f 1791/1791 1792/1792 1790/1790
f 1791/1791 1790/1790 1789/1789
f 1793/1793 1794/1794 1792/1792
f 1793/1793 1792/1792 1791/1791
f 1795/1795 1796/1796 1794/1794
f 1795/1795 1794/1794 1793/1793
f 1797/1797 1798/1798 1796/1796
f 1797/1797 1796/1796 1795/1795
f 1799/1799 1800/1800 1798/1798
f 1799/1799 1798/1798 1797/1797
f 1801/1801 1802/1802 1800/1800
f 1801/1801 1800/1800 1799/1799
f 1803/1803 1804/1804 1802/1802
f 1803/1803 1802/1802 1801/1801
f 1805/1805 1806/1806 1804/1804
f 1805/1805 1804/1804 1803/1803
f 1807/1807 1808/1808 1806/1806
f 1807/1807 1806/1806 1805/1805
f 1764/1764 1763/1763 1808/1808
f 1764/1764 1808/1808 1807/1807
f 1809/1809 1810/1810 1811/1811
f 1809/1809 1811/1811 1812/1812
f 1813/1813 1814/1814 1810/1810
f 1813/1813 1810/1810 1809/1809
f 1815/1815 1816/1816 1814/1814
f 1815/1815 1814/1814 1813/1813
f 1817/1817 1818/1818 1816/1816
f 1817/1817 1816/1816 1815/1815
f 1819/1819 1820/1820 1821/1821
f 1819/1819 1821/1821 1822/1822
f 1823/1823 1824/1824 1820/1820
f 1823/1823 1820/1820 1819/1819
f 1825/1825 1826/1826 1824/1824
f 1825/1825 1824/1824 1823/1823
f 1827/1827 1828/1828 1826/1826
f 1827/1827 1826/1826 1825/1825
f 1829/1829 1830/1830 1828/1828
f 1829/1829 1828/1828 1827/1827
f 1831/1831 1832/1832 1830/1830
f 1831/1831 1830/1830 1829/1829
f 1833/1833 1834/1834 1835/1835
f 1833/1833 1835/1835 1836/1836
f 1837/1837 1838/1838 1834/1834
f 1837/1837 1834/1834 1833/1833
f 1839/1839 1840/1840 1838/1838
f 1839/1839 1838/1838 1837/1837
f 1841/1841 1842/1842 1840/1840
f 1841/1841 1840/1840 1839/1839
f 1843/1843 1844/1844 1842/1842
f 1843/1843 1842/1842 1841/1841
f 1845/1845 1846/1846 1844/1844
f 1845/1845 1844/1844 1843/1843
f 1847/1847 1848/1848 1849/1849
f 1847/1847 1849/1849 1850/1850
f 1851/1851 1852/1852 1848/1848
f 1851/1851 1848/1848 1847/1847
f 1853/1853 1854/1854 1852/1852
f 1853/1853 1852/1852 1851/1851
f 1855/1855 1856/1856 1854/1854
f 1855/1855 1854/1854 1853/1853
f 1857/1857 1858/1858 1856/1856
f 1857/1857 1856/1856 1855/1855
f 1859/1859 1860/1860 1858/1858
f 1859/1859 1858/1858 1857/1857
f 1861/1861 1862/1862 1863/1863
f 1861/1861 1863/1863 1864/1864
f 1812/1812 1811/1811 1862/1862
f 1812/1812 1862/1862 1861/1861
f 1865/1865 1866/1866 1867/1867
f 1868/1868 1869/1869 1870/1870
f 1868/1868 1870/1870 1871/1871
f 1872/1872 1873/1873 1869/1869
f 1872/1872 1869/1869 1868/1868
f 1874/1874 1875/1875 1876/1876
f 1874/1874 1876/1876 1877/1877
f 1878/1878 1879/1879 1880/1880
f 1878/1878 1880/1880 1881/1881
f 1882/1882 1883/1883 1884/1884
f 1882/1882 1884/1884 1885/1885
f 1886/1886 1887/1887 1883/1883
f 1886/1886 1883/1883 1882/1882
f 1888/1888 1889/1889 1890/1890
f 1888/1888 1890/1890 1891/1891
f 1892/1892 1893/1893 1894/1894
f 1892/1892 1894/1894 1895/1895
f 1896/1896 1897/1897 1898/1898
f 1896/1896 1898/1898 1899/1899
f 1900/1900 1901/1901 1897/1897
f 1900/1900 1897/1897 1896/1896
f 1902/1902 1903/1903 1901/1901
f 1902/1902 1901/1901 1900/1900
f 1904/1904 1905/1905 1903/1903
f 1904/1904 1903/1903 1902/1902
f 1906/1906 1907/1907 1905/1905
f 1906/1906 1905/1905 1904/1904
f 1908/1908 1909/1909 1907/1907
f 1908/1908 1907/1907 1906/1906
f 1910/1910 1911/1911 1909/1909
f 1910/1910 1909/1909 1908/1908
f 1899/1899 1898/1898 1911/1911
f 1899/1899 1911/1911 1910/1910
f 1912/1912 1913/1913 1914/1914
f 1912/1912 1914/1914 1915/1915
f 1916/1916 1917/1917 1913/1913
f 1916/1916 1913/1913 1912/1912
f 1918/1918 1919/1919 1920/1920
f 1918/1918 1920/1920 1921/1921
f 1922/1922 1923/1923 1924/1924
f 1922/1922 1924/1924 1925/1925
f 1926/1926 1927/1927 1928/1928
f 1926/1926 1928/1928 1929/1929
f 1930/1930 1931/1931 1927/1927
f 1930/1930 1927/1927 1926/1926
f 1932/1932 1933/1933 1934/1934
f 1932/1932 1934/1934 1935/1935
f 1936/1936 1937/1937 1938/1938
f 1936/1936 1938/1938 1939/1939
f 1940/1940 1866/1866 1865/1865
f 1865/1865 1867/1867 1941/1941
f 1941/1941 1867/1867 1942/1942
f 1942/1942 1867/1867 1943/1943
f 1944/1944 1943/1943 1945/1945
f 1945/1945 1946/1946 1947/1947
f 1947/1947 1946/1946 1948/1948
f 1948/1948 1866/1866 1940/1940
f 1942/1942 1943/1943 1944/1944
f 1948/1948 1946/1946 1866/1866
f 1943/1943 1946/1946 1945/1945
f 1949/1949 1950/1950 1951/1951
f 1949/1949 1951/1951 1952/1952
f 1953/1953 1954/1954 1955/1955
f 1953/1953 1955/1955 1956/1956
f 1957/1957 1958/1958 1959/1959
f 1957/1957 1959/1959 1960/1960
f 1961/1961 1962/1962 1963/1963
f 1961/1961 1963/1963 1964/1964
f 1965/1965 1966/1966 1967/1967
f 1965/1965 1967/1967 1968/1968
f 1969/1969 1970/1970 1971/1971
f 1969/1969 1971/1971 1972/1972
f 1972/1972 1971/1971 1973/1973
f 1972/1972 1973/1973 1974/1974
f 1975/1975 1973/1973 1971/1971
f 1975/1975 1971/1971 1976/1976
f 1976/1976 1971/1971 1970/1970
f 1976/1976 1970/1970 1977/1977
f 1974/1974 1973/1973 1978/1978
f 1974/1974 1978/1978 1979/1979
f 1979/1979 1978/1978 1980/1980
f 1979/1979 1980/1980 1981/1981
f 1982/1982 1980/1980 1978/1978
f 1982/1982 1978/1978 1983/1983
f 1983/1983 1978/1978 1973/1973
f 1983/1983 1973/1973 1975/1975
f 1984/1984 1985/1985 1986/1986
f 1984/1984 1986/1986 1987/1987
f 1987/1987 1986/1986 1988/1988
f 1987/1987 1988/1988 1989/1989
f 1975/1975 1988/1988 1986/1986
f 1975/1975 1986/1986 1983/1983
f 1983/1983 1986/1986 1985/1985
f 1983/1983 1985/1985 1982/1982
f 1989/1989 1988/1988 1990/1990
f 1989/1989 1990/1990 1991/1991
f 1991/1991 1990/1990 1992/1992
f 1991/1991 1992/1992 1993/1993
f 1977/1977 1992/1992 1990/1990
f 1977/1977 1990/1990 1976/1976
f 1976/1976 1990/1990 1988/1988
f 1976/1976 1988/1988 1975/1975
f 1994/1994 1995/1995 1996/1996
f 1994/1994 1996/1996 1997/1997
f 1997/1997 1996/1996 1998/1998
f 1997/1997 1998/1998 1999/1999
f 1998/1998 1996/1996 2000/2000
f 1998/1998 2000/2000 2001/2001
f 2002/2002 1996/1996 1995/1995
f 2002/2002 1995/1995 2003/2003
f 1999/1999 1998/1998 2004/2004
f 1999/1999 2004/2004 2005/2005
f 2005/2005 2004/2004 2006/2006
f 2005/2005 2006/2006 2007/2007
f 2008/2008 2006/2006 2004/2004
f 2008/2008 2004/2004 2009/2009
f 2009/2009 2004/2004 2010/2010
f 2009/2009 2010/2010 2011/2011
f 2012/2012 2013/2013 2014/2014
f 2012/2012 2014/2014 2015/2015
f 2015/2015 2014/2014 2016/2016
f 2015/2015 2016/2016 2017/2017
f 2016/2016 2014/2014 2018/2018
f 2016/2016 2018/2018 2019/2019
f 2009/2009 2014/2014 2013/2013
f 2009/2009 2013/2013 2008/2008
f 2017/2017 2016/2016 2020/2020
f 2017/2017 2020/2020 2021/2021
f 2021/2021 2020/2020 2022/2022
f 2021/2021 2022/2022 2023/2023
f 2003/2003 2022/2022 2020/2020
f 2003/2003 2020/2020 2002/2002
f 2002/2002 2020/2020 2024/2024
f 2002/2002 2024/2024 2025/2025
f 2026/2026 2027/2027 2028/2028
f 2026/2026 2028/2028 2029/2029
f 2030/2030 2031/2031 2032/2032
f 2030/2030 2032/2032 2033/2033
f 2034/2034 2032/2032 2031/2031
f 2034/2034 2031/2031 2035/2035
f 2035/2035 2031/2031 2036/2036
f 2035/2035 2036/2036 2037/2037
f 2033/2033 2032/2032 2038/2038
f 2033/2033 2038/2038 2039/2039
f 2040/2040 2041/2041 2042/2042
f 2040/2040 2042/2042 2043/2043
f 2044/2044 2045/2045 2038/2038
f 2044/2044 2038/2038 2046/2046
f 2046/2046 2038/2038 2032/2032
f 2046/2046 2032/2032 2034/2034
f 2047/2047 2048/2048 2049/2049
f 2047/2047 2049/2049 2050/2050
f 2051/2051 2052/2052 2053/2053
f 2051/2051 2053/2053 2054/2054
f 2034/2034 2053/2053 2052/2052
f 2034/2034 2052/2052 2046/2046
f 2046/2046 2052/2052 2055/2055
f 2046/2046 2055/2055 2044/2044
f 2054/2054 2053/2053 2056/2056
f 2054/2054 2056/2056 2057/2057
f 2058/2058 2059/2059 2060/2060
f 2058/2058 2060/2060 2061/2061
f 2037/2037 2062/2062 2056/2056
f 2037/2037 2056/2056 2035/2035
f 2035/2035 2056/2056 2053/2053
f 2035/2035 2053/2053 2034/2034
f 2043/2043 2042/2042 2063/2063
f 2043/2043 2063/2063 2064/2064
f 2065/2065 2066/2066 2067/2067
f 2065/2065 2067/2067 2068/2068
f 2069/2069 2067/2067 2066/2066
f 2069/2069 2066/2066 2070/2070
f 2070/2070 2066/2066 2071/2071
f 2070/2070 2071/2071 2072/2072
f 2068/2068 2067/2067 2073/2073
f 2068/2068 2073/2073 2074/2074
f 2075/2075 2076/2076 2077/2077
f 2075/2075 2077/2077 2078/2078
f 2079/2079 2080/2080 2073/2073
f 2079/2079 2073/2073 2081/2081
f 2081/2081 2073/2073 2067/2067
f 2081/2081 2067/2067 2069/2069
f 2082/2082 2083/2083 2084/2084
f 2082/2082 2084/2084 2085/2085
f 2086/2086 2087/2087 2088/2088
f 2086/2086 2088/2088 2089/2089
f 2069/2069 2088/2088 2087/2087
f 2069/2069 2087/2087 2081/2081
f 2081/2081 2087/2087 2090/2090
f 2081/2081 2090/2090 2079/2079
f 2089/2089 2088/2088 2091/2091
f 2089/2089 2091/2091 2092/2092
f 2093/2093 2094/2094 2048/2048
f 2093/2093 2048/2048 2047/2047
f 2072/2072 2095/2095 2091/2091
f 2072/2072 2091/2091 2070/2070
f 2070/2070 2091/2091 2088/2088
f 2070/2070 2088/2088 2069/2069
f 2078/2078 2077/2077 2096/2096
f 2078/2078 2096/2096 2097/2097
f 2098/2098 2099/2099 2100/2100
f 2098/2098 2100/2100 2101/2101
f 2102/2102 2100/2100 2099/2099
f 2102/2102 2099/2099 2103/2103
f 2103/2103 2099/2099 2104/2104
f 2103/2103 2104/2104 2105/2105
f 2101/2101 2100/2100 2106/2106
f 2101/2101 2106/2106 2107/2107
f 2108/2108 2109/2109 2110/2110
f 2108/2108 2110/2110 2111/2111
f 2112/2112 2113/2113 2106/2106
f 2112/2112 2106/2106 2114/2114
f 2114/2114 2106/2106 2100/2100
f 2114/2114 2100/2100 2102/2102
f 2115/2115 2116/2116 2117/2117
f 2115/2115 2117/2117 2118/2118
f 2119/2119 2120/2120 2121/2121
f 2119/2119 2121/2121 2122/2122
f 2102/2102 2121/2121 2120/2120
f 2102/2102 2120/2120 2114/2114
f 2114/2114 2120/2120 2123/2123
f 2114/2114 2123/2123 2112/2112
f 2122/2122 2121/2121 2124/2124
f 2122/2122 2124/2124 2125/2125
f 2126/2126 2127/2127 2083/2083
f 2126/2126 2083/2083 2082/2082
f 2105/2105 2128/2128 2124/2124
f 2105/2105 2124/2124 2103/2103
f 2103/2103 2124/2124 2121/2121
f 2103/2103 2121/2121 2102/2102
f 2111/2111 2110/2110 2129/2129
f 2111/2111 2129/2129 2130/2130
f 2131/2131 2132/2132 2133/2133
f 2131/2131 2133/2133 2134/2134
f 2135/2135 2133/2133 2132/2132
f 2135/2135 2132/2132 2136/2136
f 2136/2136 2132/2132 2137/2137
f 2136/2136 2137/2137 2138/2138
f 2134/2134 2133/2133 2139/2139
f 2134/2134 2139/2139 2140/2140
f 2141/2141 2142/2142 2027/2027
f 2141/2141 2027/2027 2026/2026
f 2143/2143 2144/2144 2139/2139
f 2143/2143 2139/2139 2145/2145
f 2145/2145 2139/2139 2133/2133
f 2145/2145 2133/2133 2135/2135
f 2061/2061 2060/2060 2146/2146
f 2061/2061 2146/2146 2147/2147
f 2148/2148 2149/2149 2150/2150
f 2148/2148 2150/2150 2151/2151
f 2135/2135 2150/2150 2149/2149
f 2135/2135 2149/2149 2145/2145
f 2145/2145 2149/2149 2152/2152
f 2145/2145 2152/2152 2143/2143
f 2151/2151 2150/2150 2153/2153
f 2151/2151 2153/2153 2154/2154
f 2155/2155 2156/2156 2116/2116
f 2155/2155 2116/2116 2115/2115
f 2138/2138 2157/2157 2153/2153
f 2138/2138 2153/2153 2136/2136
f 2136/2136 2153/2153 2150/2150
f 2136/2136 2150/2150 2135/2135
f 2016/2016 2019/2019 2024/2024
f 2016/2016 2024/2024 2020/2020
f 2002/2002 2025/2025 2000/2000
f 2002/2002 2000/2000 1996/1996
f 1998/1998 2001/2001 2010/2010
f 1998/1998 2010/2010 2004/2004
f 2009/2009 2011/2011 2018/2018
f 2009/2009 2018/2018 2014/2014

o Corridor_Wall_01_4
usemtl Corridor_Wall_02
v 36.84675781 -1.80683064 2.56366101
v 36.84675781 -1.80683929 0.03679794
v 35.60168701 -1.80683685 0.03679794
v 35.60168701 -1.80683186 2.56366132
v 28.67803711 -1.80683064 2.56366086
v 28.67803711 -1.80683929 0.03679793
v 27.43296631 -1.80683685 0.03679793
v 27.43296631 -1.80683186 2.56366116
v 18.98178955 -1.80683064 2.56366086
v 18.98178955 -1.80683929 0.03679793
v 17.73671875 -1.80683685 0.03679793
v 17.73671875 -1.80683186 2.56366116
vt 0.15319686 0.52306986
vt 0.00816198 0.52306986
vt 0.00816198 0.58908403
vt 0.15319687 0.58908403
vt 0.15319686 0.52306986
vt 0.00816198 0.52306986
vt 0.00816198 0.58908403
vt 0.15319687 0.58908403
vt 0.15319686 0.52306986
vt 0.00816198 0.52306986
vt 0.00816198 0.58908403
vt 0.15319687 0.58908403
f 2158/2158 2159/2159 2160/2160
f 2158/2158 2160/2160 2161/2161
f 2162/2162 2163/2163 2164/2164
f 2162/2162 2164/2164 2165/2165
f 2166/2166 2167/2167 2168/2168
f 2166/2166 2168/2168 2169/2169

o Corridor_Wall_01_5
usemtl Corridor_Wall_02
v 9.85162546 -1.69722850 4.51793835
v 9.85162545 -1.79359539 4.42157147
v 58.32080566 -1.79360180 4.42157147
v 58.32080566 -1.69723339 4.51793835
v 9.85162601 1.66967698 4.51793820
v 9.85162602 1.76604385 4.42157132
v 58.32080566 1.76603897 4.42157132
v 58.32080566 1.66967209 4.51793820
v 9.85162354 -1.79359650 0.03679824
v 9.85162354 -1.79359661 4.51793836
v 17.71211670 -1.79359639 2.58826291
v 17.71211670 -1.79359650 0.03679763
v 19.00638916 -1.79359639 2.58826291
v 41.70844727 1.76604309 0.03679810
v 58.32080566 1.76604279 0.03679825
v 58.32080566 1.76604279 4.51793820
v 41.70844727 -1.79359650 0.03679824
v 58.32080566 -1.79359661 4.51793836
v 58.32080566 -1.79359650 0.03679824
v 36.87136963 -1.79359650 0.03679763
v 36.87136963 -1.79359639 2.58826230
v 35.57709717 -1.79359639 2.58826291
v 35.57709717 -1.79359650 0.03679824
v 28.70256104 -1.79359650 0.03679793
v 28.70256104 -1.79359639 2.58826291
v 27.40828979 -1.79359639 2.58826291
v 27.40828979 -1.79359650 0.03679824
v 19.00638916 -1.79359650 0.03679824
v 58.32080566 1.76604279 0.03679825
v 58.32080566 -1.79359650 0.03679824
v 58.32080566 -1.79359661 4.51793836
v 58.32080566 1.76604279 4.51793820
v 41.70844727 1.76604328 0.03679807
v 9.85162598 1.76604279 4.51793881
v 9.85162354 1.76604279 0.03679810
vt 7.87304688 -293.38644409
vt 7.87304688 -303.02313232
vt 4854.79101562 -303.02291870
vt 4854.79101562 -293.38607788
vt 291.56689453 43.30413055
vt 301.18164062 52.94081879
vt 4854.79101562 52.94116974
vt 4854.79101562 43.30447769
vt 6.91439915 2.58177757
vt 6.91439915 3.29764128
vt 5.65753937 2.97452450
vt 5.65753937 2.58177757
vt 5.45073700 2.97452450
vt 1.82296455 2.58177757
vt -0.83106399 2.58177757
vt -0.83106399 3.29764128
vt 1.82296455 2.58177757
vt -0.83106399 3.29764128
vt -0.83106399 2.58177757
vt 2.59622192 2.58177757
vt 2.59622192 2.97452521
vt 2.80303144 2.97452521
vt 2.80303144 2.58177757
vt 3.90145612 2.58177757
vt 3.90145612 2.97452521
vt 4.10826683 2.97452521
vt 4.10826683 2.58177757
vt 5.45073700 2.58177757
vt -1.39969468 2.58177757
vt -0.83106399 2.58177757
vt -0.83106399 3.29764128
vt -1.39969468 3.29764128
vt 4.09139442 2.58177757
vt 6.91439819 3.29840565
vt 6.91439915 2.58177757
f 2170/2170 2171/2171 2172/2172
f 2170/2170 2172/2172 2173/2173
f 2174/2174 2175/2175 2176/2176
f 2174/2174 2176/2176 2177/2177
f 2178/2178 2179/2179 2180/2180
f 2178/2178 2180/2180 2181/2181
f 2179/2179 2182/2182 2180/2180
f 2183/2183 2184/2184 2185/2185
f 2186/2186 2187/2187 2188/2188
f 2189/2189 2190/2190 2186/2186
f 2191/2191 2192/2192 2193/2193
f 2191/2191 2193/2193 2194/2194
f 2190/2190 2187/2187 2186/2186
f 2195/2195 2196/2196 2197/2197
f 2195/2195 2197/2197 2182/2182
f 2179/2179 2195/2195 2182/2182
f 2179/2179 2194/2194 2195/2195
f 2187/2187 2190/2190 2191/2191
f 2187/2187 2191/2191 2194/2194
f 2187/2187 2194/2194 2179/2179
f 2198/2198 2199/2199 2200/2200
f 2198/2198 2200/2200 2201/2201
f 2204/2204 2202/2202 2183/2183
f 2185/2185 2204/2204 2183/2183
f 2204/2204 2185/2185 2203/2203

o Corridor_Wall_01_6
usemtl Corridor_Wall_02
v 9.85162354 -1.79359650 0.03679837
v 41.70844727 -1.79359650 0.03679837
v 41.70844727 1.76604328 0.03679807
v 9.85162598 1.76604328 0.03679807
v 41.70844727 1.76604324 -0.83781040
v 41.70844727 -1.79359653 -0.83781039
v 58.32080566 -1.79359653 -0.83781039
v 58.32080566 1.76604324 -0.83781040
v 41.70844727 -1.79359653 -0.83781039
v 41.70844727 1.76604324 -0.83781040
v 41.70844727 1.76604328 0.03679807
v 41.70844727 -1.79359650 0.03679837
v 41.70844482 -0.16478184 -0.86011851
v 42.94241455 -0.16478183 -0.71265742
v 43.25091553 -0.16478183 -0.71265742
v 43.25091553 -0.16478184 -0.86011836
v 42.63392334 -0.16478182 -0.53454829
v 42.94242432 -0.16478182 -0.53454829
v 42.32542725 -0.16478182 -0.35643916
v 42.63392822 -0.16478182 -0.35643916
v 42.01693604 -0.16478181 -0.17833003
v 42.32543701 -0.16478181 -0.17833003
v 41.70844482 -0.16478180 0.00615011
v 42.01694580 -0.16478180 0.00615011
v 43.25091553 -0.16478184 -0.86011836
v 43.25091553 -0.16478183 -0.71265742
v 43.25091553 -1.79480197 -0.71265735
v 43.25091553 -1.79480198 -0.86011829
v 43.21657471 -0.16766757 -0.68200923
v 42.94241943 -0.16478183 -0.68200923
v 42.94241943 -1.79480258 -0.68200915
v 43.21657471 -1.79480258 -0.68200915
v 43.21657471 -0.16766757 -0.67912715
v 43.26409912 -0.16766757 -0.67912715
v 43.26409912 -0.16766757 -0.68200923
v 43.21657471 -0.16766757 -0.68200923
v 42.94241943 -0.16478183 -0.68200923
v 43.26664307 -0.16478183 -0.68200923
v 43.26664307 -0.16478183 -0.71265742
v 42.94241455 -0.16478183 -0.71265742
v 43.26409912 -1.79480258 -0.68200915
v 43.26409912 -0.16766757 -0.68200923
v 43.26409912 -0.16766757 -0.67912715
v 43.26409912 -1.79480258 -0.67912707
v 43.21657471 -1.79480258 -0.67912707
v 43.21657471 -0.16766757 -0.67912715
v 43.21657471 -0.16766757 -0.68200923
v 43.21657471 -1.79480258 -0.68200915
v 43.26409912 -1.79480258 -0.67912707
v 43.26409912 -0.16766757 -0.67912715
v 43.21657471 -0.16766757 -0.67912715
v 43.21657471 -1.79480258 -0.67912707
v 43.26664307 -1.79480258 -0.68200915
v 43.26664307 -1.79480258 -0.71265735
v 43.26664307 -0.16478183 -0.71265742
v 43.26664307 -0.16478183 -0.68200923
v 43.26409912 -1.79480258 -0.68200915
v 43.26664307 -1.79480258 -0.68200915
v 43.26664307 -0.16478183 -0.68200923
v 43.26409912 -0.16766757 -0.68200923
v 42.90808350 -0.16766757 -0.50101801
v 42.95560791 -0.16766757 -0.50101801
v 42.95560791 -0.16766757 -0.50390009
v 42.90808350 -0.16766757 -0.50390009
v 42.63392578 -0.16478182 -0.50390009
v 42.95815186 -0.16478182 -0.50390009
v 42.95815186 -0.16478182 -0.53454829
v 42.63392334 -0.16478182 -0.53454829
v 42.95815186 -1.79480257 -0.50390002
v 42.95815186 -1.79480258 -0.53454822
v 42.95815186 -0.16478182 -0.53454829
v 42.95815186 -0.16478182 -0.50390009
v 42.95815186 -1.79480257 -0.50390002
v 42.95815186 -0.16478182 -0.50390009
v 42.95560791 -0.16766757 -0.50390009
v 42.95560791 -1.79480257 -0.50390002
v 42.90808350 -0.16766757 -0.50390009
v 42.63392578 -0.16478182 -0.50390009
v 42.63392578 -1.79480257 -0.50390002
v 42.90808350 -1.79480257 -0.50390002
v 42.95560791 -1.79480257 -0.50101794
v 42.95560791 -1.79480257 -0.50390002
v 42.95560791 -0.16766757 -0.50390009
v 42.95560791 -0.16766757 -0.50101801
v 42.90808350 -1.79480257 -0.50390002
v 42.90808350 -1.79480257 -0.50101794
v 42.90808350 -0.16766757 -0.50101801
v 42.90808350 -0.16766757 -0.50390009
v 42.90808350 -1.79480257 -0.50101794
v 42.95560791 -1.79480257 -0.50101794
v 42.95560791 -0.16766757 -0.50101801
v 42.90808350 -0.16766757 -0.50101801
v 42.59958740 -0.16766756 -0.32290888
v 42.64711182 -0.16766756 -0.32290888
v 42.64711182 -0.16766756 -0.32579096
v 42.59958740 -0.16766756 -0.32579096
v 42.32543213 -0.16478182 -0.32579096
v 42.64965576 -0.16478182 -0.32579096
v 42.64965576 -0.16478182 -0.35643916
v 42.32542725 -0.16478182 -0.35643916
v 42.64711182 -1.79480257 -0.32579089
v 42.64711182 -0.16766756 -0.32579096
v 42.64711182 -0.16766756 -0.32290888
v 42.64711182 -1.79480257 -0.32290881
v 42.64711182 -1.79480257 -0.32290881
v 42.64711182 -0.16766756 -0.32290888
v 42.59958740 -0.16766756 -0.32290888
v 42.59958740 -1.79480257 -0.32290881
v 42.64965576 -1.79480257 -0.32579089
v 42.64965576 -1.79480257 -0.35643909
v 42.64965576 -0.16478182 -0.35643916
v 42.64965576 -0.16478182 -0.32579096
v 42.64711182 -1.79480257 -0.32579089
v 42.64965576 -1.79480257 -0.32579089
v 42.64965576 -0.16478182 -0.32579096
v 42.64711182 -0.16766756 -0.32579096
v 42.59958740 -0.16766756 -0.32579096
v 42.32543213 -0.16478182 -0.32579096
v 42.32543213 -1.79480257 -0.32579089
v 42.59958740 -1.79480257 -0.32579089
v 42.59958740 -1.79480257 -0.32579089
v 42.59958740 -1.79480257 -0.32290881
v 42.59958740 -0.16766756 -0.32290888
v 42.59958740 -0.16766756 -0.32579096
v 42.29109619 -0.16766755 -0.14479975
v 42.33862061 -0.16766755 -0.14479975
v 42.33862061 -0.16766755 -0.14768183
v 42.29109619 -0.16766755 -0.14768183
v 42.01694092 -0.16478181 -0.14768183
v 42.34116455 -0.16478181 -0.14768183
v 42.34116455 -0.16478181 -0.17833003
v 42.01693604 -0.16478181 -0.17833003
v 42.33862061 -1.79480256 -0.14768176
v 42.33862061 -0.16766755 -0.14768183
v 42.33862061 -0.16766755 -0.14479975
v 42.33862061 -1.79480256 -0.14479968
v 42.33862061 -1.79480256 -0.14479968
v 42.33862061 -0.16766755 -0.14479975
v 42.29109619 -0.16766755 -0.14479975
v 42.29109619 -1.79480256 -0.14479968
v 42.29109619 -0.16766755 -0.14768183
v 42.01694092 -0.16478181 -0.14768183
v 42.01694092 -1.79480256 -0.14768176
v 42.29109619 -1.79480256 -0.14768176
v 42.29109619 -1.79480256 -0.14768176
v 42.29109619 -1.79480256 -0.14479968
v 42.29109619 -0.16766755 -0.14479975
v 42.29109619 -0.16766755 -0.14768183
v 42.34116455 -1.79480256 -0.17832996
v 42.34116455 -0.16478181 -0.17833003
v 42.34116455 -0.16478181 -0.14768183
v 42.34116455 -1.79480256 -0.14768176
v 42.33862061 -1.79480256 -0.14768176
v 42.34116455 -1.79480256 -0.14768176
v 42.34116455 -0.16478181 -0.14768183
v 42.33862061 -0.16766755 -0.14768183
v 41.98260498 -0.16766754 0.03968038
v 42.03012939 -0.16766754 0.03968038
v 42.03012939 -0.16766754 0.03679830
v 41.98260498 -0.16766754 0.03679830
v 41.70844482 -0.16478180 0.03679830
v 42.03267334 -0.16478180 0.03679830
v 42.03267334 -0.16478180 0.00615011
v 41.70844482 -0.16478180 0.00615011
v 42.03012939 -1.79480255 0.03679837
v 42.03012939 -0.16766754 0.03679830
v 42.03012939 -0.16766754 0.03968038
v 42.03012939 -1.79480255 0.03968045
v 42.03012939 -1.79480255 0.03968045
v 42.03012939 -0.16766754 0.03968038
v 41.98260498 -0.16766754 0.03968038
v 41.98260498 -1.79480255 0.03968045
v 41.98260498 -0.16766754 0.03679830
v 41.70844482 -0.16478180 0.03679830
v 41.70844482 -1.79480255 0.03679837
v 41.98260498 -1.79480255 0.03679837
v 41.98260498 -1.79480255 0.03679837
v 41.98260498 -1.79480255 0.03968045
v 41.98260498 -0.16766754 0.03968038
v 41.98260498 -0.16766754 0.03679830
v 42.03267334 -1.79480255 0.00615018
v 42.03267334 -0.16478180 0.00615011
v 42.03267334 -0.16478180 0.03679830
v 42.03267334 -1.79480255 0.03679837
v 42.03012939 -1.79480255 0.03679837
v 42.03267334 -1.79480255 0.03679837
v 42.03267334 -0.16478180 0.03679830
v 42.03012939 -0.16766754 0.03679830
v 43.26664307 -0.16478183 -0.71265742
v 43.26664307 -1.79480258 -0.71265735
v 42.94241455 -1.79480258 -0.71265735
v 42.94241455 -0.16478183 -0.71265742
v 42.95815186 -0.16478182 -0.53454829
v 42.95815186 -1.79480258 -0.53454822
v 42.63392334 -1.79480258 -0.53454822
v 42.63392334 -0.16478182 -0.53454829
v 42.64965576 -0.16478182 -0.35643916
v 42.64965576 -1.79480257 -0.35643909
v 42.32542725 -1.79480257 -0.35643909
v 42.32542725 -0.16478182 -0.35643916
v 42.34116455 -0.16478181 -0.17833003
v 42.34116455 -1.79480256 -0.17832996
v 42.01693604 -1.79480256 -0.17832996
v 42.01693604 -0.16478181 -0.17833003
v 42.03267334 -0.16478180 0.00615011
v 42.03267334 -1.79480255 0.00615018
v 41.70844482 -1.79480255 0.00615018
v 41.70844482 -0.16478180 0.00615011
v 42.94242432 -1.79480258 -0.53454822
v 42.94241943 -1.79480258 -0.68200915
v 42.94241943 -0.16478183 -0.68200923
v 42.94242432 -0.16478182 -0.53454829
v 42.63392578 -1.79480257 -0.50390002
v 42.63392578 -0.16478182 -0.50390009
v 42.63392822 -0.16478182 -0.35643916
v 42.63392822 -1.79480257 -0.35643909
v 42.32543213 -1.79480257 -0.32579089
v 42.32543213 -0.16478182 -0.32579096
v 42.32543701 -0.16478181 -0.17833003
v 42.32543701 -1.79480256 -0.17832996
v 42.01694092 -1.79480256 -0.14768176
v 42.01694092 -0.16478181 -0.14768183
v 42.01694580 -0.16478180 0.00615011
v 42.01694580 -1.79480255 0.00615018
vt -1.40191126 1.65036631
vt -1.40191126 -2.86424232
vt -0.89745450 -2.86424232
vt -0.89745450 1.65036631
vt -0.89745450 -2.98818755
vt -1.40191126 -2.98818755
vt -1.40191126 -5.34241819
vt -0.89745450 -5.34241819
vt -1.40191126 -2.98818755
vt -0.89745450 -2.98818755
vt -0.89745450 -2.86424232
vt -1.40191126 -2.86424232
vt 0.44597191 -1.08063602
vt -0.90972477 -0.91726875
vt -1.24891448 -0.91726875
vt -1.24891448 -1.08063602
vt -0.57050347 -0.72236419
vt -0.90972477 -0.72236419
vt -0.23128647 -0.52745914
vt -0.57050347 -0.52745914
vt 0.10793740 -0.33255136
vt -0.23128647 -0.33255136
vt 0.44597191 -0.13064694
vt 0.10793740 -0.13064694
vt 2.33609247 0.33471197
vt 2.33609247 0.49666494
vt 0.54587740 0.49666494
vt 0.54587740 0.33471197
vt 2.23913431 -0.77517164
vt 2.24230337 -0.47407305
vt 0.45208782 -0.47407341
vt 0.45208782 -0.77517200
vt 2.30760121 -1.06240940
vt 2.25540614 -1.06240940
vt 2.25540614 -1.06557465
vt 2.30760121 -1.06557465
vt -1.24890924 -0.56589627
vt -0.89282167 -0.56589627
vt -0.89282167 -0.53223610
vt -1.24891448 -0.53223610
vt 0.54587740 0.97358841
vt 2.33284545 0.97358841
vt 2.33284545 0.97675389
vt 0.54587740 0.97675389
vt 0.54587740 0.95852703
vt 2.33299613 0.95852703
vt 2.33299613 0.96169204
vt 0.54587740 0.96169204
vt 2.33292341 0.72290641
vt 0.54587740 0.72290641
vt 0.54587740 0.67071146
vt 2.33292341 0.67071146
vt 0.54587740 0.93156952
vt 0.54587740 0.89790922
vt 2.33608699 0.89790922
vt 2.33608699 0.93156952
vt 0.54132384 2.49828768
vt 0.54132384 2.50108147
vt -1.24891448 2.50108147
vt -1.24574506 2.49828768
vt 2.30760121 -1.07747078
vt 2.25540614 -1.07747078
vt 2.25540614 -1.08063602
vt 2.30760121 -1.08063602
vt -1.24891186 -0.64194751
vt -0.89282185 -0.64194751
vt -0.89282185 -0.60828733
vt -1.24891448 -0.60828733
vt 2.33609271 0.82185775
vt 2.33609271 0.85551792
vt 0.54587740 0.85551792
vt 0.54587740 0.82185775
vt 2.33604693 1.02119565
vt 0.54587740 1.02119565
vt 0.54904681 1.01840186
vt 2.33604693 1.01840186
vt 0.53813094 1.98147941
vt 0.54130024 2.28258085
vt -1.24891448 2.28258061
vt -1.24891448 1.98147917
vt 0.54587740 0.96922296
vt 0.54587740 0.96605772
vt 2.33290625 0.96605772
vt 2.33290625 0.96922296
vt 2.33293509 0.94346565
vt 2.33293509 0.94663090
vt 0.54587740 0.94663090
vt 0.54587740 0.94346565
vt 2.33292866 0.50103039
vt 2.33292866 0.55322510
vt 0.54587740 0.55322510
vt 0.54587740 0.50103039
vt 2.24687982 -1.02844095
vt 2.24687982 -1.08063602
vt 2.25004506 -1.08063602
vt 2.25004506 -1.02844095
vt -0.89282727 -0.64631295
vt -1.24891448 -0.64631295
vt -1.24891448 -0.67997313
vt -0.89282173 -0.67997313
vt 0.54587740 0.98865002
vt 2.33293509 0.98865002
vt 2.33293509 0.99181527
vt 0.54587740 0.99181527
vt 2.33292341 0.66634601
vt 0.54587740 0.66634601
vt 0.54587740 0.61415094
vt 2.33292341 0.61415094
vt -1.24891448 2.49392223
vt -1.24891448 2.46026206
vt 0.54130334 2.46026206
vt 0.54130334 2.49392223
vt 2.33604693 1.02556109
vt 2.33604693 1.02835512
vt 0.54587740 1.02835512
vt 0.54904681 1.02556109
vt 2.23913383 -1.08063555
vt 2.24230289 -0.77953696
vt 0.45208782 -0.77953744
vt 0.45208782 -1.08063602
vt 2.33293509 0.95099634
vt 2.33293509 0.95416158
vt 0.54587740 0.95416158
vt 0.54587740 0.95099634
vt 2.30760121 -1.06994009
vt 2.25540614 -1.06994009
vt 2.25540614 -1.07310534
vt 2.30760121 -1.07310534
vt -0.89282697 -0.57026172
vt -1.24891448 -0.57026172
vt -1.24891448 -0.60392189
vt -0.89282167 -0.60392189
vt 0.54587740 0.93593496
vt 2.33293509 0.93593496
vt 2.33293509 0.93910021
vt 0.54587740 0.93910021
vt 2.33292341 0.60978562
vt 0.54587740 0.60978562
vt 0.54587740 0.55759054
vt 2.33292341 0.55759054
vt 0.45525688 -0.16860914
vt 0.45208782 -0.46970773
vt 2.24230337 -0.46970773
vt 2.24230337 -0.16860914
vt 2.33293509 0.99618071
vt 2.33293509 0.99934620
vt 0.54587740 0.99934620
vt 0.54587740 0.99618071
vt 2.33608699 0.89354366
vt 0.54587740 0.89354366
vt 0.54587740 0.85988349
vt 2.33608699 0.85988349
vt 2.33604693 1.01124239
vt 2.33604693 1.01403618
vt 0.54587740 1.01403618
vt 0.54904681 1.01124239
vt 2.30760121 -1.05487847
vt 2.25540614 -1.05487847
vt 2.25540614 -1.05804396
vt 2.30760121 -1.05804396
vt -1.24891448 -0.71799898
vt -0.89282179 -0.71799874
vt -0.89282179 -0.68433857
vt -1.24891448 -0.68433881
vt 0.54587740 1.00371146
vt 2.33293509 1.00371146
vt 2.33293509 1.00687671
vt 0.54587740 1.00687671
vt 2.33292341 0.77946681
vt 0.54587740 0.77946681
vt 0.54587740 0.72727174
vt 2.33292341 0.72727174
vt 0.53813177 1.67601037
vt 0.54130107 1.97711420
vt -1.24891448 1.97711396
vt -1.24891448 1.67601013
vt 0.54587740 0.98428458
vt 0.54587740 0.98111933
vt 2.33287764 0.98111933
vt 2.33287764 0.98428458
vt 0.54587740 0.78383213
vt 2.33609319 0.78383213
vt 2.33609319 0.81749243
vt 0.54587740 0.81749243
vt 2.33604693 1.03272057
vt 2.33604693 1.03551459
vt 0.54587740 1.03551459
vt 0.54904681 1.03272057
vt 0.54130107 0.22981149
vt -1.24891448 0.22981125
vt -1.24891448 -0.12628162
vt 0.54130107 -0.12628150
vt 0.54130119 0.95072812
vt -1.24891448 0.95072812
vt -1.24891448 0.59463519
vt 0.54130119 0.59463519
vt 0.54130059 1.67164469
vt -1.24891448 1.67164469
vt -1.24891448 1.31555176
vt 0.54130059 1.31555176
vt 0.54130059 0.59026974
vt -1.24891448 0.59026974
vt -1.24891448 0.23417681
vt 0.54130059 0.23417681
vt 0.54130155 1.31118631
vt -1.24891448 1.31118631
vt -1.24891448 0.95509332
vt 0.54130155 0.95509332
vt 0.54587740 0.16402811
vt 0.54587740 0.00207502
vt 2.33609295 0.00207502
vt 2.33609295 0.16402811
vt 0.54587740 0.16839355
vt 2.33609295 0.16839355
vt 2.33609295 0.33034652
vt 0.54587740 0.33034652
vt 0.54587740 -0.16424370
vt 2.33609247 -0.16424334
vt 2.33609247 -0.00229025
vt 0.54587740 -0.00229049
vt 0.54130179 2.45589685
vt -1.24891448 2.45589638
vt -1.24891448 2.28694654
vt 0.54130179 2.28694654
f 2205/2205 2206/2206 2207/2207
f 2205/2205 2207/2207 2208/2208
f 2209/2209 2210/2210 2211/2211
f 2209/2209 2211/2211 2212/2212
f 2213/2213 2214/2214 2215/2215
f 2213/2213 2215/2215 2216/2216
f 2217/2217 2218/2218 2219/2219
f 2217/2217 2219/2219 2220/2220
f 2217/2217 2221/2221 2222/2222
f 2217/2217 2222/2222 2218/2218
f 2217/2217 2223/2223 2224/2224
f 2217/2217 2224/2224 2221/2221
f 2217/2217 2225/2225 2226/2226
f 2217/2217 2226/2226 2223/2223
f 2217/2217 2227/2227 2228/2228
f 2217/2217 2228/2228 2225/2225
f 2229/2229 2230/2230 2231/2231
f 2229/2229 2231/2231 2232/2232
f 2233/2233 2234/2234 2235/2235
f 2233/2233 2235/2235 2236/2236
f 2237/2237 2238/2238 2239/2239
f 2237/2237 2239/2239 2240/2240
f 2241/2241 2242/2242 2243/2243
f 2241/2241 2243/2243 2244/2244
f 2245/2245 2246/2246 2247/2247
f 2245/2245 2247/2247 2248/2248
f 2249/2249 2250/2250 2251/2251
f 2249/2249 2251/2251 2252/2252
f 2253/2253 2254/2254 2255/2255
f 2253/2253 2255/2255 2256/2256
f 2257/2257 2258/2258 2259/2259
f 2257/2257 2259/2259 2260/2260
f 2261/2261 2262/2262 2263/2263
f 2261/2261 2263/2263 2264/2264
f 2265/2265 2266/2266 2267/2267
f 2265/2265 2267/2267 2268/2268
f 2269/2269 2270/2270 2271/2271
f 2269/2269 2271/2271 2272/2272
f 2273/2273 2274/2274 2275/2275
f 2273/2273 2275/2275 2276/2276
f 2277/2277 2278/2278 2279/2279
f 2277/2277 2279/2279 2280/2280
f 2281/2281 2282/2282 2283/2283
f 2281/2281 2283/2283 2284/2284
f 2285/2285 2286/2286 2287/2287
f 2285/2285 2287/2287 2288/2288
f 2289/2289 2290/2290 2291/2291
f 2289/2289 2291/2291 2292/2292
f 2293/2293 2294/2294 2295/2295
f 2293/2293 2295/2295 2296/2296
f 2297/2297 2298/2298 2299/2299
f 2297/2297 2299/2299 2300/2300
f 2301/2301 2302/2302 2303/2303
f 2301/2301 2303/2303 2304/2304
f 2305/2305 2306/2306 2307/2307
f 2305/2305 2307/2307 2308/2308
f 2309/2309 2310/2310 2311/2311
f 2309/2309 2311/2311 2312/2312
f 2313/2313 2314/2314 2315/2315
f 2313/2313 2315/2315 2316/2316
f 2317/2317 2318/2318 2319/2319
f 2317/2317 2319/2319 2320/2320
f 2321/2321 2322/2322 2323/2323
f 2321/2321 2323/2323 2324/2324
f 2325/2325 2326/2326 2327/2327
f 2325/2325 2327/2327 2328/2328
f 2329/2329 2330/2330 2331/2331
f 2329/2329 2331/2331 2332/2332
f 2333/2333 2334/2334 2335/2335
f 2333/2333 2335/2335 2336/2336
f 2337/2337 2338/2338 2339/2339
f 2337/2337 2339/2339 2340/2340
f 2341/2341 2342/2342 2343/2343
f 2341/2341 2343/2343 2344/2344
f 2345/2345 2346/2346 2347/2347
f 2345/2345 2347/2347 2348/2348
f 2349/2349 2350/2350 2351/2351
f 2349/2349 2351/2351 2352/2352
f 2353/2353 2354/2354 2355/2355
f 2353/2353 2355/2355 2356/2356
f 2357/2357 2358/2358 2359/2359
f 2357/2357 2359/2359 2360/2360
f 2361/2361 2362/2362 2363/2363
f 2361/2361 2363/2363 2364/2364
f 2365/2365 2366/2366 2367/2367
f 2365/2365 2367/2367 2368/2368
f 2369/2369 2370/2370 2371/2371
f 2369/2369 2371/2371 2372/2372
f 2373/2373 2374/2374 2375/2375
f 2373/2373 2375/2375 2376/2376
f 2377/2377 2378/2378 2379/2379
f 2377/2377 2379/2379 2380/2380
f 2381/2381 2382/2382 2383/2383
f 2381/2381 2383/2383 2384/2384
f 2385/2385 2386/2386 2387/2387
f 2385/2385 2387/2387 2388/2388
f 2389/2389 2390/2390 2391/2391
f 2389/2389 2391/2391 2392/2392
f 2393/2393 2394/2394 2395/2395
f 2393/2393 2395/2395 2396/2396
f 2397/2397 2398/2398 2399/2399
f 2397/2397 2399/2399 2400/2400
f 2401/2401 2402/2402 2403/2403
f 2401/2401 2403/2403 2404/2404
f 2405/2405 2406/2406 2407/2407
f 2405/2405 2407/2407 2408/2408
f 2409/2409 2410/2410 2411/2411
f 2409/2409 2411/2411 2412/2412
f 2413/2413 2414/2414 2415/2415
f 2413/2413 2415/2415 2416/2416
f 2417/2417 2418/2418 2419/2419
f 2417/2417 2419/2419 2420/2420
f 2421/2421 2422/2422 2423/2423
f 2421/2421 2423/2423 2424/2424
f 2425/2425 2426/2426 2427/2427
f 2425/2425 2427/2427 2428/2428

o Corridor_Wall_01_7
usemtl Corridor_Pipe_01
v 10.11867188 1.20109080 4.07162688
v 58.35964355 1.20109080 4.07162627
v 58.35964355 1.22078128 4.14511260
v 10.11867188 1.22078128 4.14511260
v 58.35964355 1.27457675 4.19890776
v 10.11867188 1.27457675 4.19890838
v 58.35964355 1.34806277 4.21859831
v 10.11867188 1.34806277 4.21859892
v 10.11867188 1.34806277 4.21859892
v 58.35964355 1.34806277 4.21859831
v 58.35964355 1.42154880 4.19890776
v 10.11867188 1.42154880 4.19890837
v 58.35964355 1.47534427 4.14511259
v 10.11867188 1.47534427 4.14511259
v 58.35964355 1.49503474 4.07162626
v 10.11867188 1.49503474 4.07162687
v 58.35964355 1.47534422 3.99814054
v 10.11867188 1.47534422 3.99814054
v 58.35964355 1.42154871 3.94434477
v 10.11867188 1.42154871 3.94434538
v 58.35964355 1.34806276 3.92465422
v 10.11867188 1.34806276 3.92465483
v 58.35964355 1.27457682 3.94434478
v 10.11867188 1.27457682 3.94434539
v 58.35964355 1.22078127 3.99814056
v 10.11867188 1.22078127 3.99814056
v 10.11867188 0.64785998 4.07162691
v 58.35964355 0.64785998 4.07162630
v 58.35964355 0.66755038 4.14511263
v 10.11867188 0.66755038 4.14511263
v 58.35964355 0.72134585 4.19890779
v 10.11867188 0.72134585 4.19890840
v 58.35964355 0.79483188 4.21859834
v 10.11867188 0.79483188 4.21859864
v 10.11867188 0.79483188 4.21859864
v 58.35964355 0.79483188 4.21859834
v 58.35964355 0.86831790 4.19890778
v 10.11867188 0.86831790 4.19890839
v 58.35964355 0.92211337 4.14511261
v 10.11867188 0.92211337 4.14511261
v 58.35964355 0.94180384 4.07162629
v 10.11867188 0.94180384 4.07162690
v 58.35964355 0.92211336 3.99814057
v 10.11867188 0.92211336 3.99814057
v 58.35964355 0.86831789 3.94434479
v 10.11867188 0.86831789 3.94434540
v 58.35964355 0.79483187 3.92465425
v 10.11867188 0.79483187 3.92465486
v 58.35964355 0.72134584 3.94434480
v 10.11867188 0.72134584 3.94434541
v 58.35964355 0.66755037 3.99814058
v 10.11867188 0.66755037 3.99814058
v 10.11867188 0.60075580 4.25379091
v 58.35964355 0.60075580 4.25379061
v 58.35964355 0.60323184 4.26303133
v 10.11867188 0.60323184 4.26303163
v 58.35964355 0.60999652 4.26979586
v 10.11867188 0.60999652 4.26979647
v 58.35964355 0.61923725 4.27227205
v 10.11867188 0.61923725 4.27227236
v 10.11867188 0.61923725 4.27227236
v 58.35964355 0.61923725 4.27227205
v 58.35964355 0.62847797 4.26979585
v 10.11867188 0.62847797 4.26979646
v 58.35964355 0.63524265 4.26303133
v 10.11867188 0.63524265 4.26303163
v 58.35964355 0.63771869 4.25379061
v 10.11867188 0.63771869 4.25379091
v 58.35964355 0.63524265 4.24454988
v 10.11867188 0.63524265 4.24455019
v 58.35964355 0.62847797 4.23778505
v 10.11867188 0.62847797 4.23778536
v 58.35964355 0.61923724 4.23530916
v 10.11867188 0.61923724 4.23530947
v 58.35964355 0.60999652 4.23778505
v 10.11867188 0.60999652 4.23778536
v 58.35964355 0.60323184 4.24454988
v 10.11867188 0.60323184 4.24455019
v 10.11867188 0.52693790 4.25379092
v 58.35964355 0.52693790 4.25379061
v 58.35964355 0.52941394 4.26303133
v 10.11867188 0.52941394 4.26303164
v 58.35964355 0.53617862 4.26979586
v 10.11867188 0.53617862 4.26979616
v 58.35964355 0.54541934 4.27227205
v 10.11867188 0.54541934 4.27227236
v 10.11867188 0.54541934 4.27227236
v 58.35964355 0.54541934 4.27227205
v 58.35964355 0.55466007 4.26979586
v 10.11867188 0.55466007 4.26979616
v 58.35964355 0.56142475 4.26303133
v 10.11867188 0.56142475 4.26303164
v 58.35964355 0.56390079 4.25379061
v 10.11867188 0.56390079 4.25379091
v 58.35964355 0.56142474 4.24454989
v 10.11867188 0.56142474 4.24455019
v 58.35964355 0.55466007 4.23778505
v 10.11867188 0.55466007 4.23778536
v 58.35964355 0.54541934 4.23530916
v 10.11867188 0.54541934 4.23530947
v 58.35964355 0.53617862 4.23778506
v 10.11867188 0.53617862 4.23778536
v 58.35964355 0.52941394 4.24454989
v 10.11867188 0.52941394 4.24455019
v 10.11867188 0.31199115 4.27541660
v 58.35964355 0.31199115 4.27541660
v 58.35964355 0.31736454 4.29547000
v 10.11867188 0.31736454 4.29547031
v 58.35964355 0.33204486 4.31015048
v 10.11867188 0.33204486 4.31015048
v 58.35964355 0.35209858 4.31552371
v 10.11867188 0.35209858 4.31552402
v 10.11867188 0.35209858 4.31552402
v 58.35964355 0.35209858 4.31552371
v 58.35964355 0.37215213 4.31015048
v 10.11867188 0.37215213 4.31015048
v 58.35964355 0.38683246 4.29547000
v 10.11867188 0.38683246 4.29547030
v 58.35964355 0.39220584 4.27541659
v 10.11867188 0.39220584 4.27541659
v 58.35964355 0.38683246 4.25536288
v 10.11867188 0.38683246 4.25536288
v 58.35964355 0.37215213 4.24068240
v 10.11867188 0.37215213 4.24068271
v 58.35964355 0.35209857 4.23530917
v 10.11867188 0.35209857 4.23530948
v 58.35964355 0.33204486 4.24068240
v 10.11867188 0.33204486 4.24068271
v 58.35964355 0.31736453 4.25536288
v 10.11867188 0.31736453 4.25536288
v 10.11867188 -0.04028287 4.27541661
v 58.35964355 -0.04028287 4.27541661
v 58.35964355 -0.03490948 4.29547032
v 10.11867188 -0.03490948 4.29547032
v 58.35964355 -0.02022915 4.31015050
v 10.11867188 -0.02022915 4.31015080
v 58.35964355 -0.00017559 4.31552373
v 10.11867188 -0.00017559 4.31552403
v 10.11867188 -0.00017559 4.31552403
v 58.35964355 -0.00017559 4.31552373
v 58.35964355 0.01987812 4.31015050
v 10.11867188 0.01987812 4.31015080
v 58.35964355 0.03455844 4.29547032
v 10.11867188 0.03455844 4.29547032
v 58.35964355 0.03993167 4.27541661
v 10.11867188 0.03993167 4.27541661
v 58.35964355 0.03455844 4.25536290
v 10.11867188 0.03455844 4.25536320
v 58.35964355 0.01987811 4.24068272
v 10.11867188 0.01987811 4.24068272
v 58.35964355 -0.00017560 4.23530919
v 10.11867188 -0.00017560 4.23530949
v 58.35964355 -0.02022916 4.24068272
v 10.11867188 -0.02022916 4.24068272
v 58.35964355 -0.03490948 4.25536290
v 10.11867188 -0.03490948 4.25536290
v 10.11867188 -0.37764142 4.27541663
v 58.35964355 -0.37764142 4.27541663
v 58.35964355 -0.37226803 4.29547003
v 10.11867188 -0.37226803 4.29547034
v 58.35964355 -0.35758786 4.31015051
v 10.11867188 -0.35758786 4.31015051
v 58.35964355 -0.33753415 4.31552374
v 10.11867188 -0.33753415 4.31552405
v 10.11867188 -0.33753415 4.31552405
v 58.35964355 -0.33753415 4.31552374
v 58.35964355 -0.31748043 4.31015051
v 10.11867188 -0.31748043 4.31015051
v 58.35964355 -0.30280011 4.29547003
v 10.11867188 -0.30280011 4.29547033
v 58.35964355 -0.29742673 4.27541662
v 10.11867188 -0.29742673 4.27541662
v 58.35964355 -0.30280011 4.25536291
v 10.11867188 -0.30280011 4.25536291
v 58.35964355 -0.31748044 4.24068243
v 10.11867188 -0.31748044 4.24068274
v 58.35964355 -0.33753415 4.23530920
v 10.11867188 -0.33753415 4.23530951
v 58.35964355 -0.35758786 4.24068243
v 10.11867188 -0.35758786 4.24068274
v 58.35964355 -0.37226803 4.25536291
v 10.11867188 -0.37226803 4.25536291
v 36.54494385 1.72439364 2.26885831
v 36.54494385 1.72439366 2.86660123
v 36.54150879 1.71156865 2.86673306
v 36.54150635 1.71156862 2.26885831
v 36.53211914 1.70218011 2.86709195
v 36.53211914 1.70218008 2.26885831
v 36.51929443 1.69874368 2.86758298
v 36.51929443 1.69874365 2.26885831
v 36.50646973 1.70218011 2.86807370
v 36.50646973 1.70218008 2.26885831
v 36.49708008 1.71156865 2.86843289
v 36.49708008 1.71156862 2.26885831
v 36.49364502 1.72439366 2.86856442
v 36.49364502 1.72439364 2.26885831
v 36.49708008 1.73721868 2.86843289
v 36.49708008 1.73721865 2.26885831
v 36.49708008 1.73721865 2.26885831
v 36.49708008 1.73721868 2.86843289
v 36.50646973 1.74660722 2.86807370
v 36.50646973 1.74660719 2.26885831
v 36.51929443 1.75004365 2.86758298
v 36.51929443 1.75004362 2.26885831
v 36.53211914 1.74660722 2.86709195
v 36.53211914 1.74660719 2.26885831
v 36.54150879 1.73721868 2.86673306
v 36.54150635 1.73721865 2.26885831
v 36.54571289 1.72439363 2.87656247
v 36.54230957 1.71156861 2.87711942
v 36.53301025 1.70218007 2.87864072
v 36.52030762 1.69874364 2.88071927
v 36.50760498 1.70218007 2.88279752
v 36.49830566 1.71156861 2.88431882
v 36.49490234 1.72439363 2.88487576
v 36.49830566 1.73721864 2.88431882
v 36.49830566 1.73721864 2.88431882
v 36.50760498 1.74660718 2.88279751
v 36.52030762 1.75004361 2.88071927
v 36.53301025 1.74660718 2.87864072
v 36.54230957 1.73721864 2.87711941
v 36.54767578 1.72439363 2.88434323
v 36.54442871 1.71156861 2.88552152
v 36.53555908 1.70218007 2.88874051
v 36.52344238 1.69874364 2.89313809
v 36.51132568 1.70218007 2.89753568
v 36.50245605 1.71156861 2.90075497
v 36.49920898 1.72439363 2.90193326
v 36.50245605 1.73721864 2.90075497
v 36.50245605 1.73721864 2.90075497
v 36.51132568 1.74660718 2.89753567
v 36.52344238 1.75004361 2.89313809
v 36.53555908 1.74660718 2.88874051
v 36.54442871 1.73721864 2.88552151
v 36.55063721 1.72439370 2.89051694
v 36.54771729 1.71156869 2.89237210
v 36.53973633 1.70218015 2.89744107
v 36.52883545 1.69874372 2.90436490
v 36.51793213 1.70218015 2.91128903
v 36.50995117 1.71156873 2.91635770
v 36.50703125 1.72439370 2.91821316
v 36.50995117 1.73721872 2.91635770
v 36.50995117 1.73721872 2.91635770
v 36.51793213 1.74660726 2.91128903
v 36.52883545 1.75004369 2.90436490
v 36.53973633 1.74660726 2.89744107
v 36.54771729 1.73721868 2.89237210
v 36.55436279 1.72439363 2.89508755
v 36.55198730 1.71156861 2.89761105
v 36.54549316 1.70218007 2.90450589
v 36.53662354 1.69874364 2.91392392
v 36.52775391 1.70218007 2.92334226
v 36.52125977 1.71156862 2.93023679
v 36.51888428 1.72439363 2.93276028
v 36.52125977 1.73721864 2.93023678
v 36.52125977 1.73721864 2.93023678
v 36.52775391 1.74660718 2.92334225
v 36.53662354 1.75004361 2.91392392
v 36.54549316 1.74660718 2.90450589
v 36.55198730 1.73721864 2.89761105
v 36.55909424 1.72439366 2.89848294
v 36.55746582 1.71156865 2.90154538
v 36.55302002 1.70218011 2.90991177
v 36.54694580 1.69874368 2.92134030
v 36.54087402 1.70218011 2.93276883
v 36.53642822 1.71156865 2.94113522
v 36.53479980 1.72439367 2.94419766
v 36.53642822 1.73721868 2.94113522
v 36.53642822 1.73721868 2.94113522
v 36.54087402 1.74660722 2.93276883
v 36.54694580 1.75004365 2.92134030
v 36.55302002 1.74660722 2.90991177
v 36.55746582 1.73721868 2.90154538
v 36.56584961 1.72439370 2.90097684
v 36.56505859 1.71156869 2.90434781
v 36.56289795 1.70218015 2.91355740
v 36.55994385 1.69874372 2.92613858
v 36.55699219 1.70218015 2.93871945
v 36.55482910 1.71156869 2.94792935
v 36.55403809 1.72439370 2.95130032
v 36.55482910 1.73721872 2.94792935
v 36.55482910 1.73721872 2.94792935
v 36.55699219 1.74660726 2.93871945
v 36.55994385 1.75004369 2.92613858
v 36.56289795 1.74660726 2.91355740
v 36.56505859 1.73721868 2.90434781
v 36.57728516 1.72439366 2.90221036
v 36.57708008 1.71156865 2.90564450
v 36.57651855 1.70218011 2.91502683
v 36.57575195 1.69874368 2.92784360
v 36.57498535 1.70218011 2.94066007
v 36.57442383 1.71156865 2.95004269
v 36.57421875 1.72439367 2.95347684
v 36.57442383 1.73721868 2.95004269
v 36.57442383 1.73721868 2.95004269
v 36.57498535 1.74660722 2.94066006
v 36.57575195 1.75004365 2.92784360
v 36.57651855 1.74660722 2.91502682
v 36.57708008 1.73721868 2.90564450
v 36.40166260 1.72439368 3.19187466
v 36.38182861 1.72439364 3.18940213
v 36.38270508 1.71156863 3.18604825
v 36.40187500 1.71156866 3.18843808
v 36.38509766 1.70218008 3.17688565
v 36.40245850 1.70218012 3.17904935
v 36.38836670 1.69874365 3.16436887
v 36.40325439 1.69874369 3.16622464
v 36.39163818 1.70218008 3.15185208
v 36.40405029 1.70218012 3.15339932
v 36.39403076 1.71156862 3.14268948
v 36.40463379 1.71156866 3.14401089
v 36.39490723 1.72439364 3.13933560
v 36.40484619 1.72439368 3.14057462
v 36.39403076 1.73721865 3.14268948
v 36.40463379 1.73721869 3.14401089
v 36.39163818 1.74660719 3.15185208
v 36.40405029 1.74660723 3.15339932
v 36.38836670 1.75004362 3.16436886
v 36.40325439 1.75004366 3.16622464
v 36.38509766 1.74660719 3.17688565
v 36.40245850 1.74660723 3.17904935
v 36.38270508 1.73721861 3.18604825
v 36.40187500 1.73721869 3.18843808
v 36.40187500 1.73721869 3.18843808
v 36.38270508 1.73721861 3.18604825
v 36.36295898 1.72439364 3.18171262
v 36.36467041 1.71156863 3.17869901
v 36.36934326 1.70218008 3.17046597
v 36.37572998 1.69874365 3.15921933
v 36.38211670 1.70218008 3.14797269
v 36.38678955 1.71156862 3.13973935
v 36.38850098 1.72439364 3.13672574
v 36.38678955 1.73721865 3.13973935
v 36.38211670 1.74660719 3.14797269
v 36.37572998 1.75004362 3.15921933
v 36.36934326 1.74660719 3.17046597
v 36.36467041 1.73721861 3.17869900
v 36.36467041 1.73721861 3.17869900
v 36.34747803 1.72439371 3.17004819
v 36.34987305 1.71156874 3.16755002
v 36.35641602 1.70218016 3.16072476
v 36.36535400 1.69874373 3.15140134
v 36.37429443 1.70218016 3.14207791
v 36.38083740 1.71156870 3.13525296
v 36.38323242 1.72439371 3.13275479
v 36.38083740 1.73721873 3.13525296
v 36.37429443 1.74660727 3.14207791
v 36.36535400 1.75004370 3.15140164
v 36.35641602 1.74660727 3.16072476
v 36.34987305 1.73721873 3.16755002
v 36.34987305 1.73721873 3.16755002
v 36.33570068 1.72439364 3.15570737
v 36.33858887 1.71156863 3.15380948
v 36.34647949 1.70218008 3.14862424
v 36.35725830 1.69874365 3.14154111
v 36.36803711 1.70218008 3.13445798
v 36.37592773 1.71156862 3.12927274
v 36.37881592 1.72439364 3.12737485
v 36.37592773 1.73721865 3.12927273
v 36.36803711 1.74660719 3.13445798
v 36.35725830 1.75004362 3.14154111
v 36.34647949 1.74660719 3.14862424
v 36.33858887 1.73721861 3.15380948
v 36.33858887 1.73721861 3.15380948
v 36.32750977 1.72439368 3.13978482
v 36.33071777 1.71156866 3.13850919
v 36.33948242 1.70218012 3.13502438
v 36.35145752 1.69874369 3.13026425
v 36.36343018 1.70218012 3.12550412
v 36.37219482 1.71156866 3.12201932
v 36.37540283 1.72439367 3.12074399
v 36.37219482 1.73721869 3.12201932
v 36.36343018 1.74660723 3.12550412
v 36.35145752 1.75004366 3.13026425
v 36.33948242 1.74660723 3.13502438
v 36.33071777 1.73721869 3.13850918
v 36.33071777 1.73721869 3.13850918
v 36.32266113 1.72439371 3.12303159
v 36.32604980 1.71156870 3.12238370
v 36.33531250 1.70218016 3.12061429
v 36.34796387 1.69874373 3.11819669
v 36.36061523 1.70218016 3.11577908
v 36.36987793 1.71156870 3.11400937
v 36.37326904 1.72439371 3.11336148
v 36.36987793 1.73721872 3.11400937
v 36.36061523 1.74660727 3.11577908
v 36.34796387 1.75004370 3.11819668
v 36.33531250 1.74660727 3.12061429
v 36.32604980 1.73721872 3.12238370
v 36.32604980 1.73721872 3.12238370
v 36.32114746 1.72439367 3.10719296
v 36.32458252 1.71156866 3.10702847
v 36.33397217 1.70218012 3.10657834
v 36.34679688 1.69874369 3.10596402
v 36.35962158 1.70218012 3.10534940
v 36.36900879 1.71156866 3.10489957
v 36.37244629 1.72439367 3.10473477
v 36.36900879 1.73721869 3.10489957
v 36.35962158 1.74660723 3.10534939
v 36.34679688 1.75004366 3.10596402
v 36.33397217 1.74660723 3.10657834
v 36.32458252 1.73721869 3.10702847
v 36.32458252 1.73721869 3.10702847
v 36.32114746 1.72439354 -0.01102419
v 36.32458252 1.71156853 -0.01102419
v 36.33397217 1.70217998 -0.01102419
v 36.34679688 1.69874355 -0.01102419
v 36.35962158 1.70217998 -0.01102419
v 36.36901123 1.71156853 -0.01102419
v 36.37244629 1.72439354 -0.01102419
v 36.36901123 1.73721855 -0.01102419
v 36.35962158 1.74660709 -0.01102419
v 36.34679688 1.75004352 -0.01102419
v 36.33397217 1.74660709 -0.01102419
v 36.32458252 1.73721855 -0.01102419
v 36.32458252 1.73721855 -0.01102419
v 10.19122559 -1.33458338 1.29324534
v 10.19122559 -1.33458332 2.73541484
v 10.19964844 -1.33683979 2.73561686
v 10.19964844 -1.33683985 1.29324534
v 10.20581299 -1.34300495 2.73616862
v 10.20581299 -1.34300501 1.29324534
v 10.20806885 -1.35142658 2.73692241
v 10.20806885 -1.35142664 1.29324534
v 10.20581299 -1.35984851 2.73767619
v 10.20581299 -1.35984858 1.29324534
v 10.19964844 -1.36601368 2.73822795
v 10.19964844 -1.36601374 1.29324534
v 10.19122559 -1.36827015 2.73842997
v 10.19122559 -1.36827021 1.29324534
v 10.19122559 -1.36827021 1.29324534
v 10.19122559 -1.36827015 2.73842997
v 10.18280273 -1.36601368 2.73822795
v 10.18280273 -1.36601374 1.29324534
v 10.17663818 -1.35984851 2.73767619
v 10.17663818 -1.35984858 1.29324534
v 10.17438232 -1.35142658 2.73692241
v 10.17438232 -1.35142664 1.29324534
v 10.17663818 -1.34300495 2.73616862
v 10.17663818 -1.34300501 1.29324534
v 10.18280273 -1.33683979 2.73561686
v 10.18280273 -1.33683985 1.29324534
v 10.19122559 -1.32975238 2.76217936
v 10.19964844 -1.33190692 2.76294780
v 10.20581299 -1.33779285 2.76504741
v 10.20806885 -1.34583301 2.76791484
v 10.20581299 -1.35387348 2.77078257
v 10.19964844 -1.35975940 2.77288188
v 10.19122559 -1.36191364 2.77365031
v 10.19122559 -1.36191364 2.77365031
v 10.18280273 -1.35975940 2.77288188
v 10.17663818 -1.35387348 2.77078257
v 10.17438232 -1.34583301 2.76791484
v 10.17663818 -1.33779285 2.76504741
v 10.18280273 -1.33190692 2.76294780
v 10.19122559 -1.31573505 2.78743510
v 10.19964844 -1.31749774 2.78890910
v 10.20581299 -1.32231342 2.79293681
v 10.20806885 -1.32889179 2.79843882
v 10.20581299 -1.33546985 2.80394084
v 10.19964844 -1.34028552 2.80796855
v 10.19122559 -1.34204822 2.80944255
v 10.19122559 -1.34204822 2.80944255
v 10.18280273 -1.34028552 2.80796855
v 10.17663818 -1.33546985 2.80394084
v 10.17438232 -1.32889179 2.79843882
v 10.17663818 -1.32231342 2.79293681
v 10.18280273 -1.31749774 2.78890910
v 10.19122559 -1.29275928 2.80618418
v 10.19964844 -1.29377796 2.80826579
v 10.20581299 -1.29656024 2.81395243
v 10.20806885 -1.30036151 2.82172038
v 10.20581299 -1.30416248 2.82948893
v 10.19964844 -1.30694476 2.83517558
v 10.19122559 -1.30796344 2.83725688
v 10.19122559 -1.30796344 2.83725688
v 10.18280273 -1.30694476 2.83517558
v 10.17663818 -1.30416248 2.82948893
v 10.17438232 -1.30036151 2.82172038
v 10.17663818 -1.29656024 2.81395243
v 10.18280273 -1.29377796 2.80826579
v 10.19122559 -1.25809284 2.81414286
v 10.19964844 -1.25834857 2.81639933
v 10.20581299 -1.25904712 2.82256449
v 10.20806885 -1.26000140 2.83098643
v 10.20581299 -1.26095569 2.83940836
v 10.19964844 -1.26165454 2.84557352
v 10.19122559 -1.26190997 2.84782999
v 10.19122559 -1.26190997 2.84782999
v 10.18280273 -1.26165454 2.84557352
v 10.17663818 -1.26095569 2.83940836
v 10.17438232 -1.26000140 2.83098643
v 10.17663818 -1.25904712 2.82256449
v 10.18280273 -1.25834857 2.81639933
v 10.19122559 -0.27475070 2.81414282
v 10.19964844 -0.27498706 2.81639929
v 10.20581299 -0.27563251 2.82256445
v 10.20806885 -0.27651447 2.83098638
v 10.20581299 -0.27739612 2.83940832
v 10.19964844 -0.27804187 2.84557348
v 10.19122559 -0.27827808 2.84782995
v 10.19122559 -0.27827808 2.84782995
v 10.18280273 -0.27804187 2.84557348
v 10.17663818 -0.27739612 2.83940832
v 10.17438232 -0.27651447 2.83098638
v 10.17663818 -0.27563251 2.82256445
v 10.18280273 -0.27498706 2.81639929
v 10.19122559 -0.23668262 2.82220403
v 10.19964844 -0.23760486 2.82431555
v 10.20581299 -0.24012469 2.83008367
v 10.20806885 -0.24356677 2.83796362
v 10.20581299 -0.24700885 2.84584326
v 10.19964844 -0.24952838 2.85161138
v 10.19122559 -0.25045077 2.85372289
v 10.19122559 -0.25045077 2.85372289
v 10.18280273 -0.24952838 2.85161138
v 10.17663818 -0.24700870 2.84584326
v 10.17438232 -0.24356677 2.83796362
v 10.17663818 -0.24012469 2.83008367
v 10.18280273 -0.23760486 2.82431555
v 10.19122559 -0.20425449 2.84511449
v 10.19964844 -0.20591449 2.84670477
v 10.20581299 -0.21044971 2.85104925
v 10.20806885 -0.21664477 2.85698400
v 10.20581299 -0.22283984 2.86291845
v 10.19964844 -0.22737491 2.86726324
v 10.19122559 -0.22903491 2.86885351
v 10.19122559 -0.22903491 2.86885351
v 10.18280273 -0.22737491 2.86726324
v 10.17663818 -0.22283984 2.86291845
v 10.17438232 -0.21664477 2.85698400
v 10.17663818 -0.21044971 2.85104925
v 10.18280273 -0.20591449 2.84670477
v 10.19122559 -0.18256274 2.87879674
v 10.19964844 -0.18469592 2.87965215
v 10.20581299 -0.19052386 2.88198919
v 10.20806885 -0.19848498 2.88518163
v 10.20581299 -0.20644595 2.88837438
v 10.19964844 -0.21227374 2.89071142
v 10.19122559 -0.21440692 2.89156683
v 10.19122559 -0.21440692 2.89156683
v 10.18280273 -0.21227374 2.89071142
v 10.17663818 -0.20644595 2.88837438
v 10.17438232 -0.19848498 2.88518163
v 10.17663818 -0.19052386 2.88198919
v 10.18280273 -0.18469592 2.87965215
v 10.19122559 -0.17498004 2.91808019
v 10.19964844 -0.17723651 2.91829626
v 10.20581299 -0.18340167 2.91888555
v 10.20806885 -0.19182360 2.91969091
v 10.20581299 -0.20024524 2.92049596
v 10.19964844 -0.20641040 2.92108556
v 10.19122559 -0.20866717 2.92130132
v 10.19122559 -0.20866717 2.92130132
v 10.18280273 -0.20641040 2.92108556
v 10.17663818 -0.20024524 2.92049596
v 10.17438232 -0.19182360 2.91969091
v 10.17663818 -0.18340167 2.91888555
v 10.18280273 -0.17723651 2.91829626
v 10.19122559 -0.17497996 4.69191198
v 10.19964844 -0.17723658 4.69191198
v 10.20581299 -0.18340159 4.69191198
v 10.20806885 -0.19182353 4.69191198
v 10.20581299 -0.20024516 4.69191198
v 10.19964844 -0.20641032 4.69191198
v 10.19122559 -0.20866694 4.69191198
v 10.19122559 -0.20866694 4.69191198
v 10.18280273 -0.20641032 4.69191198
v 10.17663818 -0.20024516 4.69191198
v 10.17438232 -0.19182353 4.69191198
v 10.17663818 -0.18340159 4.69191198
v 10.18280273 -0.17723643 4.69191198
v 58.35964355 1.72439366 2.90221036
v 58.35964355 1.71156865 2.90564450
v 58.35964355 1.70218015 2.91502683
v 58.35964355 1.69874372 2.92784360
v 58.35964355 1.70218015 2.94066007
v 58.35964355 1.71156865 2.95004269
v 58.35964355 1.72439367 2.95347684
v 58.35964355 1.73721868 2.95004269
v 58.35964355 1.73721868 2.95004269
v 58.35964355 1.74660718 2.94066006
v 58.35964355 1.75004361 2.92784360
v 58.35964355 1.74660718 2.91502682
v 58.35964355 1.73721868 2.90564450
v 58.35964355 1.71156866 3.18843808
v 58.35964355 1.72439368 3.19187466
v 58.35964355 1.70218016 3.17904935
v 58.35964355 1.69874373 3.16622464
v 58.35964355 1.70218016 3.15339932
v 58.35964355 1.71156866 3.14401089
v 58.35964355 1.72439368 3.14057462
v 58.35964355 1.73721869 3.14401089
v 58.35964355 1.74660719 3.15339932
v 58.35964355 1.75004362 3.16622464
v 58.35964355 1.74660719 3.17904935
v 58.35964355 1.73721869 3.18843808
v 58.35964355 1.73721869 3.18843808
v 38.91993408 1.61877944 -0.07378298
v 38.91993408 1.61877950 1.14397062
v 38.90662842 1.56912046 1.14520750
v 38.90662842 1.56912040 -0.07378297
v 38.87027588 1.53276750 1.14858701
v 38.87027588 1.53276744 -0.07378297
v 38.82061768 1.51946141 1.15320310
v 38.82061768 1.51946136 -0.07378297
v 38.77095947 1.53276754 1.15781919
v 38.77095947 1.53276748 -0.07378297
v 38.73460693 1.56912046 1.16119871
v 38.73460693 1.56912040 -0.07378297
v 38.72130127 1.61877950 1.16243558
v 38.72130127 1.61877944 -0.07378298
v 38.73460693 1.66843854 1.16119870
v 38.73460693 1.66843849 -0.07378298
v 38.77095947 1.70479150 1.15781918
v 38.77095947 1.70479145 -0.07378298
v 38.82061768 1.71809758 1.15320309
v 38.82061768 1.71809753 -0.07378298
v 38.87027588 1.70479150 1.14858701
v 38.87027588 1.70479145 -0.07378298
v 38.90662842 1.66843850 1.14520749
v 38.90662842 1.66843845 -0.07378298
v 38.91993408 1.61877950 1.14397062
v 38.91993408 1.61877944 -0.07378298
v 38.92693604 1.61877950 1.18144223
v 38.91428955 1.56912046 1.18620664
v 38.87974609 1.53276750 1.19922361
v 38.83255859 1.51946142 1.21700498
v 38.78537109 1.53276754 1.23478635
v 38.75082764 1.56912046 1.24780302
v 38.73818115 1.61877950 1.25256772
v 38.75082764 1.66843854 1.24780301
v 38.78537109 1.70479150 1.23478635
v 38.83255859 1.71809759 1.21700497
v 38.87974609 1.70479150 1.19922360
v 38.91428955 1.66843850 1.18620664
v 38.92693604 1.61877950 1.18144223
v 38.94181641 1.61877950 1.20662717
v 38.93163574 1.56912046 1.21554624
v 38.90382080 1.53276750 1.23991392
v 38.86582275 1.51946142 1.27320066
v 38.82782715 1.53276754 1.30648740
v 38.80001221 1.56912046 1.33085508
v 38.78983154 1.61877951 1.33977414
v 38.80001221 1.66843855 1.33085507
v 38.82782715 1.70479151 1.30648740
v 38.86582275 1.71809759 1.27320065
v 38.90382080 1.70479150 1.23991391
v 38.93163574 1.66843851 1.21554624
v 38.94181641 1.61877950 1.20662717
v 38.96080566 1.61877950 1.22161863
v 38.95487793 1.56912046 1.23388944
v 38.93868408 1.53276750 1.26741453
v 38.91656494 1.51946142 1.31321012
v 38.89444580 1.53276754 1.35900602
v 38.87825195 1.56912047 1.39253080
v 38.87232422 1.61877951 1.40480161
v 38.87825195 1.66843855 1.39253079
v 38.89444580 1.70479151 1.35900601
v 38.91656494 1.71809759 1.31321011
v 38.93868408 1.70479150 1.26741452
v 38.95487793 1.66843851 1.23388944
v 38.96080566 1.61877950 1.22161863
v 38.99254639 1.61877950 1.22913633
v 38.99098877 1.56912046 1.24244199
v 38.98674072 1.53276750 1.27879484
v 38.98093994 1.51946142 1.32845335
v 38.97513428 1.53276755 1.37811185
v 38.97088623 1.56912047 1.41446470
v 38.96933350 1.61877951 1.42777036
v 38.97088623 1.66843855 1.41446469
v 38.97513428 1.70479151 1.37811185
v 38.98093994 1.71809759 1.32845334
v 38.98674072 1.70479150 1.27879483
v 38.99098877 1.66843851 1.24244199
v 38.99254639 1.61877950 1.22913633
v 58.35962402 1.61877950 1.22913511
v 58.35962402 1.56912046 1.24244138
v 58.35962402 1.53276754 1.27879423
v 58.35962402 1.51946142 1.32845335
v 58.35962402 1.53276755 1.37811247
v 58.35962402 1.56912047 1.41446531
v 58.35962402 1.61877951 1.42777158
v 58.35962402 1.66843855 1.41446530
v 58.35962402 1.70479147 1.37811246
v 58.35962402 1.71809759 1.32845334
v 58.35962402 1.70479147 1.27879422
v 58.35962402 1.66843847 1.24244138
v 58.35962402 1.61877950 1.22913511
v 38.55809326 1.62552503 4.61677213
v 38.55809326 1.62552482 -0.07378237
v 38.52986572 1.61796165 -0.07378237
v 38.52986572 1.61796185 4.61677213
v 38.50920166 1.59729862 -0.07378236
v 38.50920410 1.59729882 4.61677213
v 38.50920410 1.59729882 4.61677213
v 38.50920166 1.59729862 -0.07378236
v 38.50163818 1.56907241 -0.07378236
v 38.50164063 1.56907262 4.61677213
v 38.50920166 1.54084621 -0.07378236
v 38.50920410 1.54084641 4.61677213
v 38.52986572 1.52018322 -0.07378236
v 38.52986572 1.52018342 4.61677213
v 38.55809326 1.51262001 -0.07378236
v 38.55809326 1.51262021 4.61677213
v 38.58631836 1.52018322 -0.07378236
v 38.58632080 1.52018342 4.61677213
v 38.60697998 1.54084625 -0.07378236
v 38.60698242 1.54084645 4.61677213
v 38.61454346 1.56907241 -0.07378236
v 38.61454590 1.56907262 4.61677213
v 38.60697998 1.59729862 -0.07378236
v 38.60698242 1.59729882 4.61677213
v 38.58631836 1.61796165 -0.07378237
v 38.58632080 1.61796185 4.61677213
vt 3.65860987 0.64685959
vt -2.60923672 0.64685959
vt -2.60923672 0.63697493
vt 3.65860987 0.63697493
vt -2.60923696 0.62709063
vt 3.65860987 0.62709022
vt -2.60923696 0.61720550
vt 3.65860987 0.61720550
vt 3.65860987 0.73582143
vt -2.60923672 0.73582184
vt -2.60923672 0.72593713
vt 3.65860987 0.72593713
vt -2.60923672 0.71605289
vt 3.65860987 0.71605247
vt -2.60923672 0.70616776
vt 3.65860987 0.70616776
vt -2.60923672 0.69628310
vt 3.65860987 0.69628310
vt -2.60923672 0.68639839
vt 3.65860987 0.68639839
vt -2.60923672 0.67651409
vt 3.65860987 0.67651367
vt -2.60923672 0.66662902
vt 3.65860987 0.66662902
vt -2.60923672 0.65674472
vt 3.65860987 0.65674430
vt 3.34746981 0.65012366
vt -2.27383900 0.65012366
vt -2.27383900 0.64125848
vt 3.34746981 0.64125848
vt -2.27383900 0.63239372
vt 3.34746981 0.63239288
vt -2.27383900 0.62352902
vt 3.34746981 0.62352812
vt 3.34746981 0.72990900
vt -2.27383900 0.72990900
vt -2.27383900 0.72104424
vt 3.34746981 0.72104341
vt -2.27383900 0.71217906
vt 3.34746981 0.71217865
vt -2.27383900 0.70331389
vt 3.34746981 0.70331389
vt -2.27383900 0.69444871
vt 3.34746981 0.69444871
vt -2.27383900 0.68558395
vt 3.34746981 0.68558395
vt -2.27383900 0.67671877
vt 3.34746981 0.67671835
vt -2.27383900 0.66785401
vt 3.34746981 0.66785318
vt -2.27383900 0.65898842
vt 3.34746981 0.65898842
vt 24.39419365 0.64801490
vt -23.43550491 0.64801782
vt -23.43550491 0.63853490
vt 24.39419365 0.63853204
vt -23.43550491 0.62904912
vt 24.39419365 0.62904620
vt -23.43550491 0.61956334
vt 24.39419365 0.61956084
vt 24.39419365 0.73338288
vt -23.43550491 0.73338544
vt -23.43550491 0.72390008
vt 24.39419365 0.72389716
vt -23.43550491 0.71441430
vt 24.39419365 0.71441168
vt -23.43550491 0.70493138
vt 24.39419365 0.70492887
vt -23.43550491 0.69544595
vt 24.39419365 0.69544309
vt -23.43550491 0.68596017
vt 24.39419365 0.68595731
vt -23.43550491 0.67647439
vt 24.39419365 0.67647189
vt -23.43550491 0.66698897
vt 24.39419365 0.66698611
vt -23.43550491 0.65750062
vt 24.39419365 0.65750062
vt 24.71824646 0.64798039
vt -23.66448593 0.64798039
vt -23.66448593 0.63838470
vt 24.71824646 0.63838470
vt -23.66448593 0.62879163
vt 24.71824646 0.62879163
vt -23.66448593 0.61919594
vt 24.71824646 0.61919338
vt 24.71824646 0.73433113
vt -23.66448593 0.73433626
vt -23.66448593 0.72473800
vt 24.71824646 0.72473800
vt -23.66448593 0.71514750
vt 24.71824646 0.71514493
vt -23.66448593 0.70554924
vt 24.71824646 0.70554924
vt -23.66448593 0.69595104
vt 24.71824646 0.69594842
vt -23.66448593 0.68635792
vt 24.71824646 0.68635792
vt -23.66448593 0.67676222
vt 24.71824646 0.67676222
vt -23.66448593 0.66716915
vt 24.71824646 0.66716915
vt -23.66448593 0.65757346
vt 24.71824646 0.65757090
vt 10.50350094 0.65149206
vt -9.66388416 0.65149367
vt -9.66388416 0.64281452
vt 10.50350094 0.64281380
vt -9.66388416 0.63413477
vt 10.50350094 0.63413477
vt -9.66388416 0.62545562
vt 10.50350094 0.62545413
vt 10.50350094 0.72960681
vt -9.66388416 0.72960681
vt -9.66388416 0.72092772
vt 10.50350094 0.72092772
vt -9.66388416 0.71224868
vt 10.50350094 0.71224868
vt -9.66388416 0.70356953
vt 10.50350094 0.70356876
vt -9.66388416 0.69489050
vt 10.50350094 0.69488978
vt -9.66388416 0.68621224
vt 10.50350094 0.68621063
vt -9.66388416 0.67753160
vt 10.50350094 0.67753083
vt -9.66388416 0.66885257
vt 10.50350094 0.66885173
vt -9.66388416 0.66017270
vt 10.50350094 0.66017270
vt 10.96259499 0.64804518
vt -9.86096287 0.64804608
vt -9.86096287 0.63908529
vt 10.96259499 0.63908356
vt -9.86096287 0.63012278
vt 10.96259499 0.63012111
vt -9.86096287 0.62116116
vt 10.96259499 0.62116033
vt 10.96259499 0.72870147
vt -9.86096287 0.72870147
vt -9.86096287 0.71973985
vt 10.96259499 0.71973902
vt -9.86096287 0.71077734
vt 10.96259499 0.71077734
vt -9.86096287 0.70181572
vt 10.96259499 0.70181489
vt -9.86096287 0.69285583
vt 10.96259499 0.69285411
vt -9.86096287 0.68389428
vt 10.96259499 0.68389159
vt -9.86096287 0.67493182
vt 10.96259499 0.67493093
vt -9.86096287 0.66597015
vt 10.96259499 0.66596931
vt -9.86096287 0.65700769
vt 10.96259499 0.65700686
vt 11.42841911 0.64781374
vt -10.45436192 0.64781374
vt -10.45436192 0.63839698
vt 11.42841911 0.63839567
vt -10.45436192 0.62898010
vt 11.42841911 0.62898010
vt -10.45436192 0.61956221
vt 11.42841911 0.61956090
vt 11.42841911 0.73257345
vt -10.45436192 0.73257345
vt -10.45436192 0.72315538
vt 11.42841911 0.72315407
vt -10.45436192 0.71373737
vt 11.42841911 0.71373737
vt -10.45436192 0.70432061
vt 11.42841911 0.70432061
vt -10.45436192 0.69490260
vt 11.42841911 0.69490129
vt -10.45436192 0.68548572
vt 11.42841911 0.68548572
vt -10.45436192 0.67606783
vt 11.42841911 0.67606783
vt -10.45436192 0.66664982
vt 11.42841911 0.66664845
vt -10.45436192 0.65723294
vt 11.42841911 0.65723175
vt 5.36414051 0.68668103
vt 5.14382362 0.68668103
vt 5.14382362 0.67699879
vt 5.36414051 0.67699879
vt 5.14382362 0.66738445
vt 5.36414051 0.66738445
vt 5.14382362 0.65788460
vt 5.36414051 0.65788460
vt 5.14382362 0.64848316
vt 5.36414051 0.64848316
vt 5.14382362 0.63917285
vt 5.36414051 0.63917285
vt 5.14382362 0.62988138
vt 5.36414051 0.62988138
vt 5.14382362 0.62077653
vt 5.36414051 0.62077653
vt 5.36414051 0.73361599
vt 5.14382362 0.73361599
vt 5.14382362 0.72449237
vt 5.36414051 0.72449237
vt 5.14382362 0.71518654
vt 5.36414051 0.71518654
vt 5.14382362 0.70583707
vt 5.36414051 0.70583707
vt 5.14382362 0.69632411
vt 5.36414051 0.69632411
vt 5.13811302 0.68668103
vt 5.13811302 0.67699879
vt 5.13811302 0.66738445
vt 5.13811302 0.65788460
vt 5.13811302 0.64848316
vt 5.13811302 0.63917285
vt 5.13811302 0.62988138
vt 5.13811302 0.62077653
vt 5.13811302 0.73361599
vt 5.13811302 0.72449237
vt 5.13811302 0.71518654
vt 5.13811302 0.70583707
vt 5.13811302 0.69632411
vt 5.13265800 0.68668103
vt 5.13265800 0.67699879
vt 5.13265800 0.66738445
vt 5.13265800 0.65788460
vt 5.13265800 0.64848316
vt 5.13265800 0.63917285
vt 5.13265800 0.62988138
vt 5.13265800 0.62077653
vt 5.13265800 0.73361599
vt 5.13265800 0.72449237
vt 5.13265800 0.71518654
vt 5.13265800 0.70583707
vt 5.13265800 0.69632411
vt 5.12745667 0.68668103
vt 5.12745667 0.67699879
vt 5.12745667 0.66738445
vt 5.12745667 0.65788460
vt 5.12745667 0.64848316
vt 5.12745667 0.63917285
vt 5.12745667 0.62988138
vt 5.12745667 0.62077653
vt 5.12745667 0.73361599
vt 5.12745667 0.72449237
vt 5.12745667 0.71518654
vt 5.12745667 0.70583707
vt 5.12745667 0.69632411
vt 5.12243891 0.68668103
vt 5.12243891 0.67699879
vt 5.12243891 0.66738445
vt 5.12243891 0.65788460
vt 5.12243891 0.64848316
vt 5.12243891 0.63917285
vt 5.12243891 0.62988138
vt 5.12243891 0.62077653
vt 5.12243891 0.73361599
vt 5.12243891 0.72449237
vt 5.12243891 0.71518654
vt 5.12243891 0.70583707
vt 5.12243891 0.69632411
vt 5.11736298 0.68668103
vt 5.11736298 0.67699879
vt 5.11736298 0.66738445
vt 5.11736298 0.65788460
vt 5.11736298 0.64848316
vt 5.11736298 0.63917285
vt 5.11736298 0.62988138
vt 5.11736298 0.62077653
vt 5.11736298 0.73361599
vt 5.11736298 0.72449237
vt 5.11736298 0.71518654
vt 5.11736298 0.70583707
vt 5.11736298 0.69632411
vt 5.11185360 0.68668103
vt 5.11185360 0.67699879
vt 5.11185360 0.66738445
vt 5.11185360 0.65788460
vt 5.11185360 0.64848316
vt 5.11185360 0.63917285
vt 5.11185360 0.62988138
vt 5.11185360 0.62077653
vt 5.11185360 0.73361599
vt 5.11185360 0.72449237
vt 5.11185360 0.71518654
vt 5.11185360 0.70583707
vt 5.11185360 0.69632411
vt 5.10538292 0.68668103
vt 5.10538292 0.67699879
vt 5.10538292 0.66738445
vt 5.10538292 0.65788460
vt 5.10538292 0.64848316
vt 5.10538292 0.63917285
vt 5.10538292 0.62988138
vt 5.10538292 0.62077653
vt 5.10538292 0.73361599
vt 5.10538292 0.72449237
vt 5.10538292 0.71518654
vt 5.10538292 0.70583707
vt 5.10538292 0.69632411
vt 6.53283548 0.63722843
vt 6.54168177 0.63722843
vt 6.54168177 0.64562941
vt 6.53283548 0.64562941
vt 6.54168177 0.65406018
vt 6.53283548 0.65406018
vt 6.54168177 0.66255462
vt 6.53283548 0.66255462
vt 6.54168177 0.67118049
vt 6.53283548 0.67118049
vt 6.54168177 0.68000531
vt 6.53283548 0.68000531
vt 6.54168177 0.68899953
vt 6.53283548 0.68899953
vt 6.54168177 0.69799161
vt 6.53283548 0.69799161
vt 6.54168177 0.70681244
vt 6.53283548 0.70681244
vt 6.54168177 0.71545213
vt 6.53283548 0.71545213
vt 6.54168177 0.72396654
vt 6.53283548 0.72396654
vt 6.54168177 0.73245490
vt 6.53283548 0.73245490
vt 6.53283548 0.62878782
vt 6.54168177 0.62878782
vt 6.54968452 0.63722843
vt 6.54968452 0.64562941
vt 6.54968452 0.65406018
vt 6.54968452 0.66255462
vt 6.54968452 0.67118049
vt 6.54968452 0.68000531
vt 6.54968452 0.68899953
vt 6.54968452 0.69799161
vt 6.54968452 0.70681244
vt 6.54968452 0.71545213
vt 6.54968452 0.72396654
vt 6.54968452 0.73245490
vt 6.54968452 0.62878782
vt 6.55734682 0.63722843
vt 6.55734682 0.64562941
vt 6.55734682 0.65406018
vt 6.55734682 0.66255462
vt 6.55734682 0.67118049
vt 6.55734682 0.68000531
vt 6.55734682 0.68899953
vt 6.55734682 0.69799161
vt 6.55734682 0.70681244
vt 6.55734682 0.71545213
vt 6.55734682 0.72396654
vt 6.55734682 0.73245490
vt 6.55734682 0.62878782
vt 6.56490183 0.63722843
vt 6.56490183 0.64562941
vt 6.56490183 0.65406018
vt 6.56490183 0.66255462
vt 6.56490183 0.67118049
vt 6.56490183 0.68000531
vt 6.56490183 0.68899953
vt 6.56490183 0.69799161
vt 6.56490183 0.70681244
vt 6.56490183 0.71545213
vt 6.56490183 0.72396654
vt 6.56490183 0.73245490
vt 6.56490183 0.62878782
vt 6.57243681 0.63722843
vt 6.57243681 0.64562941
vt 6.57243681 0.65406018
vt 6.57243681 0.66255462
vt 6.57243681 0.67118049
vt 6.57243681 0.68000531
vt 6.57243681 0.68899953
vt 6.57243681 0.69799161
vt 6.57243681 0.70681244
vt 6.57243681 0.71545213
vt 6.57243681 0.72396654
vt 6.57243681 0.73245490
vt 6.57243681 0.62878782
vt 6.57988024 0.63722843
vt 6.57988024 0.64562941
vt 6.57988024 0.65406018
vt 6.57988024 0.66255462
vt 6.57988024 0.67118049
vt 6.57988024 0.68000531
vt 6.57988024 0.68899953
vt 6.57988024 0.69799161
vt 6.57988024 0.70681244
vt 6.57988024 0.71545213
vt 6.57988024 0.72396654
vt 6.57988024 0.73245490
vt 6.57988024 0.62878782
vt 6.58717394 0.63722843
vt 6.58717394 0.64562941
vt 6.58717394 0.65406018
vt 6.58717394 0.66255462
vt 6.58717394 0.67118049
vt 6.58717394 0.68000531
vt 6.58717394 0.68899953
vt 6.58717394 0.69799161
vt 6.58717394 0.70681244
vt 6.58717394 0.71545213
vt 6.58717394 0.72396654
vt 6.58717394 0.73245490
vt 6.58717394 0.62878782
vt 8.52248096 0.63722843
vt 8.52248096 0.64562941
vt 8.52248096 0.65406018
vt 8.52248096 0.66255462
vt 8.52248096 0.67118049
vt 8.52248096 0.68000531
vt 8.52248096 0.68899953
vt 8.52248096 0.69799161
vt 8.52248096 0.70681244
vt 8.52248096 0.71545213
vt 8.52248096 0.72396654
vt 8.52248096 0.73245490
vt 8.52248096 0.62878782
vt -1.62821746 0.67842573
vt -0.27418855 0.67842573
vt -0.27418855 0.68663430
vt -1.62821746 0.68663430
vt -0.27418855 0.69482166
vt -1.62821746 0.69482166
vt -0.27418855 0.70299041
vt -1.62821746 0.70299041
vt -0.27418855 0.71114844
vt -1.62821746 0.71114844
vt -0.27418855 0.71931976
vt -1.62821746 0.71931976
vt -0.27418855 0.72750431
vt -1.62821746 0.72750431
vt -1.62821746 0.62936068
vt -0.27418855 0.62936068
vt -0.27418855 0.63754249
vt -1.62821746 0.63754249
vt -0.27418855 0.64571398
vt -1.62821746 0.64571398
vt -0.27418855 0.65386921
vt -1.62821746 0.65386921
vt -0.27418855 0.66203260
vt -1.62821746 0.66203260
vt -0.27418855 0.67021739
vt -1.62821746 0.67021739
vt -0.24528882 0.67842573
vt -0.24528882 0.68663430
vt -0.24528882 0.69482166
vt -0.24528882 0.70299041
vt -0.24528882 0.71114844
vt -0.24528882 0.71931976
vt -0.24528882 0.72750431
vt -0.24528882 0.62936068
vt -0.24528882 0.63754249
vt -0.24528882 0.64571398
vt -0.24528882 0.65386921
vt -0.24528882 0.66203260
vt -0.24528882 0.67021739
vt -0.21324193 0.67842573
vt -0.21324193 0.68663430
vt -0.21324193 0.69482166
vt -0.21324193 0.70299041
vt -0.21324193 0.71114844
vt -0.21324193 0.71931976
vt -0.21324193 0.72750431
vt -0.21324193 0.62936068
vt -0.21324193 0.63754249
vt -0.21324193 0.64571398
vt -0.21324193 0.65386921
vt -0.21324193 0.66203260
vt -0.21324193 0.67021739
vt -0.17954373 0.67842573
vt -0.17954373 0.68663430
vt -0.17954373 0.69482166
vt -0.17954373 0.70299041
vt -0.17954373 0.71114844
vt -0.17954373 0.71931976
vt -0.17954373 0.72750431
vt -0.17954373 0.62936068
vt -0.17954373 0.63754249
vt -0.17954373 0.64571398
vt -0.17954373 0.65386921
vt -0.17954373 0.66203260
vt -0.17954373 0.67021739
vt -0.14166835 0.67842573
vt -0.14166835 0.68663430
vt -0.14166835 0.69482166
vt -0.14166835 0.70299041
vt -0.14166835 0.71114844
vt -0.14166835 0.71931976
vt -0.14166835 0.72750431
vt -0.14166835 0.62936068
vt -0.14166835 0.63754249
vt -0.14166835 0.64571398
vt -0.14166835 0.65386921
vt -0.14166835 0.66203260
vt -0.14166835 0.67021739
vt 0.77932841 0.67842573
vt 0.77932841 0.68663430
vt 0.77932841 0.69482166
vt 0.77932841 0.70299041
vt 0.77932841 0.71114844
vt 0.77932841 0.71931976
vt 0.77932841 0.72750431
vt 0.77932841 0.62936068
vt 0.77932841 0.63754249
vt 0.77932841 0.64571398
vt 0.77932841 0.65386921
vt 0.77932841 0.66203260
vt 0.77932841 0.67021739
vt 0.81022447 0.67842573
vt 0.81022447 0.68663430
vt 0.81022447 0.69482166
vt 0.81022447 0.70299041
vt 0.81022447 0.71114844
vt 0.81022447 0.71931976
vt 0.81022447 0.72750431
vt 0.81022447 0.62936068
vt 0.81022447 0.63754249
vt 0.81022447 0.64571398
vt 0.81022447 0.65386921
vt 0.81022447 0.66203260
vt 0.81022447 0.67021739
vt 0.84020334 0.67842573
vt 0.84020334 0.68663430
vt 0.84020334 0.69482166
vt 0.84020334 0.70299041
vt 0.84020334 0.71114844
vt 0.84020334 0.71931976
vt 0.84020334 0.72750431
vt 0.84020334 0.62936068
vt 0.84020334 0.63754249
vt 0.84020334 0.64571398
vt 0.84020334 0.65386921
vt 0.84020334 0.66203260
vt 0.84020334 0.67021739
vt 0.87077951 0.67842573
vt 0.87077951 0.68663430
vt 0.87077951 0.69482166
vt 0.87077951 0.70299041
vt 0.87077951 0.71114844
vt 0.87077951 0.71931976
vt 0.87077951 0.72750431
vt 0.87077951 0.62936068
vt 0.87077951 0.63754249
vt 0.87077951 0.64571398
vt 0.87077951 0.65386921
vt 0.87077951 0.66203260
vt 0.87077951 0.67021739
vt 0.90314102 0.67842573
vt 0.90314102 0.68663430
vt 0.90314102 0.69482166
vt 0.90314102 0.70299041
vt 0.90314102 0.71114844
vt 0.90314102 0.71931976
vt 0.90314102 0.72750431
vt 0.90314102 0.62936068
vt 0.90314102 0.63754249
vt 0.90314102 0.64571398
vt 0.90314102 0.65386921
vt 0.90314102 0.66203260
vt 0.90314102 0.67021739
vt 2.56533861 0.67842573
vt 2.56533861 0.68663430
vt 2.56533861 0.69482166
vt 2.56533861 0.70299041
vt 2.56533861 0.71114844
vt 2.56533861 0.71931976
vt 2.56533861 0.72750431
vt 2.56533861 0.62936068
vt 2.56533861 0.63754249
vt 2.56533861 0.64571398
vt 2.56533861 0.65386921
vt 2.56533861 0.66203260
vt 2.56533861 0.67021739
vt -4.53890991 0.68668103
vt -4.53890991 0.67699879
vt -4.53890991 0.66738600
vt -4.53890991 0.65788460
vt -4.53890991 0.64848316
vt -4.53890991 0.63917285
vt -4.53890991 0.62988281
vt -4.53890991 0.62077653
vt -4.53890991 0.73361599
vt -4.53890991 0.72449392
vt -4.53890991 0.71518654
vt -4.53890991 0.70583856
vt -4.53890991 0.69632703
vt -7.59819698 0.64562941
vt -7.59819698 0.63722843
vt -7.59819698 0.65406227
vt -7.59819698 0.66255462
vt -7.59819698 0.67118251
vt -7.59819698 0.68000740
vt -7.59819698 0.68900150
vt -7.59819698 0.69799334
vt -7.59819698 0.70681447
vt -7.59819698 0.71545213
vt -7.59819698 0.72396654
vt -7.59819698 0.73245490
vt -7.59819698 0.62878782
vt -1.12479496 0.61978155
vt -0.90965950 0.61978155
vt -0.90965950 0.62895578
vt -1.12479496 0.62895578
vt -0.90965950 0.63810110
vt -1.12479496 0.63810110
vt -0.90965950 0.64706838
vt -1.12479496 0.64706838
vt -0.90965950 0.65590620
vt -1.12479496 0.65590620
vt -0.90965950 0.66468853
vt -1.12479496 0.66468853
vt -0.90965950 0.67345637
vt -1.12479496 0.67345637
vt -0.90965950 0.68222082
vt -1.12479496 0.68222082
vt -0.90965950 0.69099385
vt -1.12479496 0.69099385
vt -0.90965950 0.69981694
vt -1.12479496 0.69981694
vt -0.90965950 0.70876908
vt -1.12479496 0.70876908
vt -0.90965950 0.71790701
vt -1.12479496 0.71790701
vt -0.90965950 0.72709107
vt -1.12479496 0.72709107
vt -0.89946938 0.61978155
vt -0.89946938 0.62895578
vt -0.89946938 0.63810110
vt -0.89946938 0.64706838
vt -0.89946938 0.65590620
vt -0.89946938 0.66468853
vt -0.89946938 0.67345637
vt -0.89946938 0.68222082
vt -0.89946938 0.69099385
vt -0.89946938 0.69981694
vt -0.89946938 0.70876908
vt -0.89946938 0.71790701
vt -0.89946938 0.72709107
vt -0.88959980 0.61978155
vt -0.88959980 0.62895578
vt -0.88959980 0.63810110
vt -0.88959980 0.64706838
vt -0.88959980 0.65590620
vt -0.88959980 0.66468853
vt -0.88959980 0.67345637
vt -0.88959980 0.68222082
vt -0.88959980 0.69099385
vt -0.88959980 0.69981694
vt -0.88959980 0.70876908
vt -0.88959980 0.71790701
vt -0.88959980 0.72709107
vt -0.88014060 0.61978155
vt -0.88014060 0.62895578
vt -0.88014060 0.63810110
vt -0.88014060 0.64706838
vt -0.88014060 0.65590620
vt -0.88014060 0.66468853
vt -0.88014060 0.67345637
vt -0.88014060 0.68222082
vt -0.88014060 0.69099385
vt -0.88014060 0.69981694
vt -0.88014060 0.70876908
vt -0.88014060 0.71790701
vt -0.88014060 0.72709107
vt -0.87023449 0.61978155
vt -0.87023449 0.62895578
vt -0.87023449 0.63810110
vt -0.87023449 0.64706838
vt -0.87023449 0.65590620
vt -0.87023449 0.66468853
vt -0.87023449 0.67345637
vt -0.87023449 0.68222082
vt -0.87023449 0.69099385
vt -0.87023449 0.69981694
vt -0.87023449 0.70876908
vt -0.87023449 0.71790701
vt -0.87023449 0.72709107
vt 2.52928019 0.61978126
vt 2.52928019 0.62895501
vt 2.52928019 0.63810110
vt 2.52928019 0.64706838
vt 2.52928019 0.65590620
vt 2.52928019 0.66468853
vt 2.52928019 0.67345637
vt 2.52928019 0.68222082
vt 2.52928019 0.69099355
vt 2.52928019 0.69981623
vt 2.52928019 0.70876908
vt 2.52928019 0.71790701
vt 2.52928019 0.72709107
vt 0.20467860 0.71091408
vt 1.39672303 0.71091408
vt 1.39672303 0.71834040
vt 0.20467860 0.71834040
vt 1.39672303 0.72576720
vt 0.20467860 0.72576720
vt 0.20467860 0.63665098
vt 1.39672303 0.63665098
vt 1.39672303 0.64407647
vt 0.20467860 0.64407647
vt 1.39672303 0.65150326
vt 0.20467860 0.65150326
vt 1.39672303 0.65892959
vt 0.20467860 0.65892959
vt 1.39672303 0.66635638
vt 0.20467860 0.66635638
vt 1.39672303 0.67378235
vt 0.20467860 0.67378235
vt 1.39672303 0.68120956
vt 0.20467860 0.68120956
vt 1.39672303 0.68863499
vt 0.20467860 0.68863499
vt 1.39672303 0.69606179
vt 0.20467860 0.69606179
vt 1.39672303 0.70348817
vt 0.20467860 0.70348817
f 2429/2429 2430/2430 2431/2431
f 2429/2429 2431/2431 2432/2432
f 2432/2432 2431/2431 2433/2433
f 2432/2432 2433/2433 2434/2434
f 2434/2434 2433/2433 2435/2435
f 2434/2434 2435/2435 2436/2436
f 2437/2437 2438/2438 2439/2439
f 2437/2437 2439/2439 2440/2440
f 2440/2440 2439/2439 2441/2441
f 2440/2440 2441/2441 2442/2442
f 2442/2442 2441/2441 2443/2443
f 2442/2442 2443/2443 2444/2444
f 2444/2444 2443/2443 2445/2445
f 2444/2444 2445/2445 2446/2446
f 2446/2446 2445/2445 2447/2447
f 2446/2446 2447/2447 2448/2448
f 2448/2448 2447/2447 2449/2449
f 2448/2448 2449/2449 2450/2450
f 2450/2450 2449/2449 2451/2451
f 2450/2450 2451/2451 2452/2452
f 2452/2452 2451/2451 2453/2453
f 2452/2452 2453/2453 2454/2454
f 2454/2454 2453/2453 2430/2430
f 2454/2454 2430/2430 2429/2429
f 2455/2455 2456/2456 2457/2457
f 2455/2455 2457/2457 2458/2458
f 2458/2458 2457/2457 2459/2459
f 2458/2458 2459/2459 2460/2460
f 2460/2460 2459/2459 2461/2461
f 2460/2460 2461/2461 2462/2462
f 2463/2463 2464/2464 2465/2465
f 2463/2463 2465/2465 2466/2466
f 2466/2466 2465/2465 2467/2467
f 2466/2466 2467/2467 2468/2468
f 2468/2468 2467/2467 2469/2469
f 2468/2468 2469/2469 2470/2470
f 2470/2470 2469/2469 2471/2471
f 2470/2470 2471/2471 2472/2472
f 2472/2472 2471/2471 2473/2473
f 2472/2472 2473/2473 2474/2474
f 2474/2474 2473/2473 2475/2475
f 2474/2474 2475/2475 2476/2476
f 2476/2476 2475/2475 2477/2477
f 2476/2476 2477/2477 2478/2478
f 2478/2478 2477/2477 2479/2479
f 2478/2478 2479/2479 2480/2480
f 2480/2480 2479/2479 2456/2456
f 2480/2480 2456/2456 2455/2455
f 2481/2481 2482/2482 2483/2483
f 2481/2481 2483/2483 2484/2484
f 2484/2484 2483/2483 2485/2485
f 2484/2484 2485/2485 2486/2486
f 2486/2486 2485/2485 2487/2487
f 2486/2486 2487/2487 2488/2488
f 2489/2489 2490/2490 2491/2491
f 2489/2489 2491/2491 2492/2492
f 2492/2492 2491/2491 2493/2493
f 2492/2492 2493/2493 2494/2494
f 2494/2494 2493/2493 2495/2495
f 2494/2494 2495/2495 2496/2496
f 2496/2496 2495/2495 2497/2497
f 2496/2496 2497/2497 2498/2498
f 2498/2498 2497/2497 2499/2499
f 2498/2498 2499/2499 2500/2500
f 2500/2500 2499/2499 2501/2501
f 2500/2500 2501/2501 2502/2502
f 2502/2502 2501/2501 2503/2503
f 2502/2502 2503/2503 2504/2504
f 2504/2504 2503/2503 2505/2505
f 2504/2504 2505/2505 2506/2506
f 2506/2506 2505/2505 2482/2482
f 2506/2506 2482/2482 2481/2481
f 2507/2507 2508/2508 2509/2509
f 2507/2507 2509/2509 2510/2510
f 2510/2510 2509/2509 2511/2511
f 2510/2510 2511/2511 2512/2512
f 2512/2512 2511/2511 2513/2513
f 2512/2512 2513/2513 2514/2514
f 2515/2515 2516/2516 2517/2517
f 2515/2515 2517/2517 2518/2518
f 2518/2518 2517/2517 2519/2519
f 2518/2518 2519/2519 2520/2520
f 2520/2520 2519/2519 2521/2521
f 2520/2520 2521/2521 2522/2522
f 2522/2522 2521/2521 2523/2523
f 2522/2522 2523/2523 2524/2524
f 2524/2524 2523/2523 2525/2525
f 2524/2524 2525/2525 2526/2526
f 2526/2526 2525/2525 2527/2527
f 2526/2526 2527/2527 2528/2528
f 2528/2528 2527/2527 2529/2529
f 2528/2528 2529/2529 2530/2530
f 2530/2530 2529/2529 2531/2531
f 2530/2530 2531/2531 2532/2532
f 2532/2532 2531/2531 2508/2508
f 2532/2532 2508/2508 2507/2507
f 2533/2533 2534/2534 2535/2535
f 2533/2533 2535/2535 2536/2536
f 2536/2536 2535/2535 2537/2537
f 2536/2536 2537/2537 2538/2538
f 2538/2538 2537/2537 2539/2539
f 2538/2538 2539/2539 2540/2540
f 2541/2541 2542/2542 2543/2543
f 2541/2541 2543/2543 2544/2544
f 2544/2544 2543/2543 2545/2545
f 2544/2544 2545/2545 2546/2546
f 2546/2546 2545/2545 2547/2547
f 2546/2546 2547/2547 2548/2548
f 2548/2548 2547/2547 2549/2549
f 2548/2548 2549/2549 2550/2550
f 2550/2550 2549/2549 2551/2551
f 2550/2550 2551/2551 2552/2552
f 2552/2552 2551/2551 2553/2553
f 2552/2552 2553/2553 2554/2554
f 2554/2554 2553/2553 2555/2555
f 2554/2554 2555/2555 2556/2556
f 2556/2556 2555/2555 2557/2557
f 2556/2556 2557/2557 2558/2558
f 2558/2558 2557/2557 2534/2534
f 2558/2558 2534/2534 2533/2533
f 2559/2559 2560/2560 2561/2561
f 2559/2559 2561/2561 2562/2562
f 2562/2562 2561/2561 2563/2563
f 2562/2562 2563/2563 2564/2564
f 2564/2564 2563/2563 2565/2565
f 2564/2564 2565/2565 2566/2566
f 2567/2567 2568/2568 2569/2569
f 2567/2567 2569/2569 2570/2570
f 2570/2570 2569/2569 2571/2571
f 2570/2570 2571/2571 2572/2572
f 2572/2572 2571/2571 2573/2573
f 2572/2572 2573/2573 2574/2574
f 2574/2574 2573/2573 2575/2575
f 2574/2574 2575/2575 2576/2576
f 2576/2576 2575/2575 2577/2577
f 2576/2576 2577/2577 2578/2578
f 2578/2578 2577/2577 2579/2579
f 2578/2578 2579/2579 2580/2580
f 2580/2580 2579/2579 2581/2581
f 2580/2580 2581/2581 2582/2582
f 2582/2582 2581/2581 2583/2583
f 2582/2582 2583/2583 2584/2584
f 2584/2584 2583/2583 2560/2560
f 2584/2584 2560/2560 2559/2559
f 2585/2585 2586/2586 2587/2587
f 2585/2585 2587/2587 2588/2588
f 2588/2588 2587/2587 2589/2589
f 2588/2588 2589/2589 2590/2590
f 2590/2590 2589/2589 2591/2591
f 2590/2590 2591/2591 2592/2592
f 2593/2593 2594/2594 2595/2595
f 2593/2593 2595/2595 2596/2596
f 2596/2596 2595/2595 2597/2597
f 2596/2596 2597/2597 2598/2598
f 2598/2598 2597/2597 2599/2599
f 2598/2598 2599/2599 2600/2600
f 2600/2600 2599/2599 2601/2601
f 2600/2600 2601/2601 2602/2602
f 2602/2602 2601/2601 2603/2603
f 2602/2602 2603/2603 2604/2604
f 2604/2604 2603/2603 2605/2605
f 2604/2604 2605/2605 2606/2606
f 2606/2606 2605/2605 2607/2607
f 2606/2606 2607/2607 2608/2608
f 2608/2608 2607/2607 2609/2609
f 2608/2608 2609/2609 2610/2610
f 2610/2610 2609/2609 2586/2586
f 2610/2610 2586/2586 2585/2585
f 2611/2611 2612/2612 2613/2613
f 2611/2611 2613/2613 2614/2614
f 2614/2614 2613/2613 2615/2615
f 2614/2614 2615/2615 2616/2616
f 2616/2616 2615/2615 2617/2617
f 2616/2616 2617/2617 2618/2618
f 2618/2618 2617/2617 2619/2619
f 2618/2618 2619/2619 2620/2620
f 2620/2620 2619/2619 2621/2621
f 2620/2620 2621/2621 2622/2622
f 2622/2622 2621/2621 2623/2623
f 2622/2622 2623/2623 2624/2624
f 2624/2624 2623/2623 2625/2625
f 2624/2624 2625/2625 2626/2626
f 2627/2627 2628/2628 2629/2629
f 2627/2627 2629/2629 2630/2630
f 2630/2630 2629/2629 2631/2631
f 2630/2630 2631/2631 2632/2632
f 2632/2632 2631/2631 2633/2633
f 2632/2632 2633/2633 2634/2634
f 2634/2634 2633/2633 2635/2635
f 2634/2634 2635/2635 2636/2636
f 2636/2636 2635/2635 2612/2612
f 2636/2636 2612/2612 2611/2611
f 2612/2612 2637/2637 2638/2638
f 2612/2612 2638/2638 2613/2613
f 2613/2613 2638/2638 2639/2639
f 2613/2613 2639/2639 2615/2615
f 2615/2615 2639/2639 2640/2640
f 2615/2615 2640/2640 2617/2617
f 2617/2617 2640/2640 2641/2641
f 2617/2617 2641/2641 2619/2619
f 2619/2619 2641/2641 2642/2642
f 2619/2619 2642/2642 2621/2621
f 2621/2621 2642/2642 2643/2643
f 2621/2621 2643/2643 2623/2623
f 2623/2623 2643/2643 2644/2644
f 2623/2623 2644/2644 2625/2625
f 2628/2628 2645/2645 2646/2646
f 2628/2628 2646/2646 2629/2629
f 2629/2629 2646/2646 2647/2647
f 2629/2629 2647/2647 2631/2631
f 2631/2631 2647/2647 2648/2648
f 2631/2631 2648/2648 2633/2633
f 2633/2633 2648/2648 2649/2649
f 2633/2633 2649/2649 2635/2635
f 2635/2635 2649/2649 2637/2637
f 2635/2635 2637/2637 2612/2612
f 2637/2637 2650/2650 2651/2651
f 2637/2637 2651/2651 2638/2638
f 2638/2638 2651/2651 2652/2652
f 2638/2638 2652/2652 2639/2639
f 2639/2639 2652/2652 2653/2653
f 2639/2639 2653/2653 2640/2640
f 2640/2640 2653/2653 2654/2654
f 2640/2640 2654/2654 2641/2641
f 2641/2641 2654/2654 2655/2655
f 2641/2641 2655/2655 2642/2642
f 2642/2642 2655/2655 2656/2656
f 2642/2642 2656/2656 2643/2643
f 2643/2643 2656/2656 2657/2657
f 2643/2643 2657/2657 2644/2644
f 2645/2645 2658/2658 2659/2659
f 2645/2645 2659/2659 2646/2646
f 2646/2646 2659/2659 2660/2660
f 2646/2646 2660/2660 2647/2647
f 2647/2647 2660/2660 2661/2661
f 2647/2647 2661/2661 2648/2648
f 2648/2648 2661/2661 2662/2662
f 2648/2648 2662/2662 2649/2649
f 2649/2649 2662/2662 2650/2650
f 2649/2649 2650/2650 2637/2637
f 2650/2650 2663/2663 2664/2664
f 2650/2650 2664/2664 2651/2651
f 2651/2651 2664/2664 2665/2665
f 2651/2651 2665/2665 2652/2652
f 2652/2652 2665/2665 2666/2666
f 2652/2652 2666/2666 2653/2653
f 2653/2653 2666/2666 2667/2667
f 2653/2653 2667/2667 2654/2654
f 2654/2654 2667/2667 2668/2668
f 2654/2654 2668/2668 2655/2655
f 2655/2655 2668/2668 2669/2669
f 2655/2655 2669/2669 2656/2656
f 2656/2656 2669/2669 2670/2670
f 2656/2656 2670/2670 2657/2657
f 2658/2658 2671/2671 2672/2672
f 2658/2658 2672/2672 2659/2659
f 2659/2659 2672/2672 2673/2673
f 2659/2659 2673/2673 2660/2660
f 2660/2660 2673/2673 2674/2674
f 2660/2660 2674/2674 2661/2661
f 2661/2661 2674/2674 2675/2675
f 2661/2661 2675/2675 2662/2662
f 2662/2662 2675/2675 2663/2663
f 2662/2662 2663/2663 2650/2650
f 2663/2663 2676/2676 2677/2677
f 2663/2663 2677/2677 2664/2664
f 2664/2664 2677/2677 2678/2678
f 2664/2664 2678/2678 2665/2665
f 2665/2665 2678/2678 2679/2679
f 2665/2665 2679/2679 2666/2666
f 2666/2666 2679/2679 2680/2680
f 2666/2666 2680/2680 2667/2667
f 2667/2667 2680/2680 2681/2681
f 2667/2667 2681/2681 2668/2668
f 2668/2668 2681/2681 2682/2682
f 2668/2668 2682/2682 2669/2669
f 2669/2669 2682/2682 2683/2683
f 2669/2669 2683/2683 2670/2670
f 2671/2671 2684/2684 2685/2685
f 2671/2671 2685/2685 2672/2672
f 2672/2672 2685/2685 2686/2686
f 2672/2672 2686/2686 2673/2673
f 2673/2673 2686/2686 2687/2687
f 2673/2673 2687/2687 2674/2674
f 2674/2674 2687/2687 2688/2688
f 2674/2674 2688/2688 2675/2675
f 2675/2675 2688/2688 2676/2676
f 2675/2675 2676/2676 2663/2663
f 2676/2676 2689/2689 2690/2690
f 2676/2676 2690/2690 2677/2677
f 2677/2677 2690/2690 2691/2691
f 2677/2677 2691/2691 2678/2678
f 2678/2678 2691/2691 2692/2692
f 2678/2678 2692/2692 2679/2679
f 2679/2679 2692/2692 2693/2693
f 2679/2679 2693/2693 2680/2680
f 2680/2680 2693/2693 2694/2694
f 2680/2680 2694/2694 2681/2681
f 2681/2681 2694/2694 2695/2695
f 2681/2681 2695/2695 2682/2682
f 2682/2682 2695/2695 2696/2696
f 2682/2682 2696/2696 2683/2683
f 2684/2684 2697/2697 2698/2698
f 2684/2684 2698/2698 2685/2685
f 2685/2685 2698/2698 2699/2699
f 2685/2685 2699/2699 2686/2686
f 2686/2686 2699/2699 2700/2700
f 2686/2686 2700/2700 2687/2687
f 2687/2687 2700/2700 2701/2701
f 2687/2687 2701/2701 2688/2688
f 2688/2688 2701/2701 2689/2689
f 2688/2688 2689/2689 2676/2676
f 2689/2689 2702/2702 2703/2703
f 2689/2689 2703/2703 2690/2690
f 2690/2690 2703/2703 2704/2704
f 2690/2690 2704/2704 2691/2691
f 2691/2691 2704/2704 2705/2705
f 2691/2691 2705/2705 2692/2692
f 2692/2692 2705/2705 2706/2706
f 2692/2692 2706/2706 2693/2693
f 2693/2693 2706/2706 2707/2707
f 2693/2693 2707/2707 2694/2694
f 2694/2694 2707/2707 2708/2708
f 2694/2694 2708/2708 2695/2695
f 2695/2695 2708/2708 2709/2709
f 2695/2695 2709/2709 2696/2696
f 2697/2697 2710/2710 2711/2711
f 2697/2697 2711/2711 2698/2698
f 2698/2698 2711/2711 2712/2712
f 2698/2698 2712/2712 2699/2699
f 2699/2699 2712/2712 2713/2713
f 2699/2699 2713/2713 2700/2700
f 2700/2700 2713/2713 2714/2714
f 2700/2700 2714/2714 2701/2701
f 2701/2701 2714/2714 2702/2702
f 2701/2701 2702/2702 2689/2689
f 2702/2702 2715/2715 2716/2716
f 2702/2702 2716/2716 2703/2703
f 2703/2703 2716/2716 2717/2717
f 2703/2703 2717/2717 2704/2704
f 2704/2704 2717/2717 2718/2718
f 2704/2704 2718/2718 2705/2705
f 2705/2705 2718/2718 2719/2719
f 2705/2705 2719/2719 2706/2706
f 2706/2706 2719/2719 2720/2720
f 2706/2706 2720/2720 2707/2707
f 2707/2707 2720/2720 2721/2721
f 2707/2707 2721/2721 2708/2708
f 2708/2708 2721/2721 2722/2722
f 2708/2708 2722/2722 2709/2709
f 2710/2710 2723/2723 2724/2724
f 2710/2710 2724/2724 2711/2711
f 2711/2711 2724/2724 2725/2725
f 2711/2711 2725/2725 2712/2712
f 2712/2712 2725/2725 2726/2726
f 2712/2712 2726/2726 2713/2713
f 2713/2713 2726/2726 2727/2727
f 2713/2713 2727/2727 2714/2714
f 2714/2714 2727/2727 2715/2715
f 2714/2714 2715/2715 2702/2702
f 2728/2728 2729/2729 2730/2730
f 2728/2728 2730/2730 2731/2731
f 2731/2731 2730/2730 2732/2732
f 2731/2731 2732/2732 2733/2733
f 2733/2733 2732/2732 2734/2734
f 2733/2733 2734/2734 2735/2735
f 2735/2735 2734/2734 2736/2736
f 2735/2735 2736/2736 2737/2737
f 2737/2737 2736/2736 2738/2738
f 2737/2737 2738/2738 2739/2739
f 2739/2739 2738/2738 2740/2740
f 2739/2739 2740/2740 2741/2741
f 2741/2741 2740/2740 2742/2742
f 2741/2741 2742/2742 2743/2743
f 2743/2743 2742/2742 2744/2744
f 2743/2743 2744/2744 2745/2745
f 2745/2745 2744/2744 2746/2746
f 2745/2745 2746/2746 2747/2747
f 2747/2747 2746/2746 2748/2748
f 2747/2747 2748/2748 2749/2749
f 2749/2749 2748/2748 2750/2750
f 2749/2749 2750/2750 2751/2751
f 2752/2752 2753/2753 2729/2729
f 2752/2752 2729/2729 2728/2728
f 2729/2729 2754/2754 2755/2755
f 2729/2729 2755/2755 2730/2730
f 2730/2730 2755/2755 2756/2756
f 2730/2730 2756/2756 2732/2732
f 2732/2732 2756/2756 2757/2757
f 2732/2732 2757/2757 2734/2734
f 2734/2734 2757/2757 2758/2758
f 2734/2734 2758/2758 2736/2736
f 2736/2736 2758/2758 2759/2759
f 2736/2736 2759/2759 2738/2738
f 2738/2738 2759/2759 2760/2760
f 2738/2738 2760/2760 2740/2740
f 2740/2740 2760/2760 2761/2761
f 2740/2740 2761/2761 2742/2742
f 2742/2742 2761/2761 2762/2762
f 2742/2742 2762/2762 2744/2744
f 2744/2744 2762/2762 2763/2763
f 2744/2744 2763/2763 2746/2746
f 2746/2746 2763/2763 2764/2764
f 2746/2746 2764/2764 2748/2748
f 2748/2748 2764/2764 2765/2765
f 2748/2748 2765/2765 2750/2750
f 2753/2753 2766/2766 2754/2754
f 2753/2753 2754/2754 2729/2729
f 2754/2754 2767/2767 2768/2768
f 2754/2754 2768/2768 2755/2755
f 2755/2755 2768/2768 2769/2769
f 2755/2755 2769/2769 2756/2756
f 2756/2756 2769/2769 2770/2770
f 2756/2756 2770/2770 2757/2757
f 2757/2757 2770/2770 2771/2771
f 2757/2757 2771/2771 2758/2758
f 2758/2758 2771/2771 2772/2772
f 2758/2758 2772/2772 2759/2759
f 2759/2759 2772/2772 2773/2773
f 2759/2759 2773/2773 2760/2760
f 2760/2760 2773/2773 2774/2774
f 2760/2760 2774/2774 2761/2761
f 2761/2761 2774/2774 2775/2775
f 2761/2761 2775/2775 2762/2762
f 2762/2762 2775/2775 2776/2776
f 2762/2762 2776/2776 2763/2763
f 2763/2763 2776/2776 2777/2777
f 2763/2763 2777/2777 2764/2764
f 2764/2764 2777/2777 2778/2778
f 2764/2764 2778/2778 2765/2765
f 2766/2766 2779/2779 2767/2767
f 2766/2766 2767/2767 2754/2754
f 2767/2767 2780/2780 2781/2781
f 2767/2767 2781/2781 2768/2768
f 2768/2768 2781/2781 2782/2782
f 2768/2768 2782/2782 2769/2769
f 2769/2769 2782/2782 2783/2783
f 2769/2769 2783/2783 2770/2770
f 2770/2770 2783/2783 2784/2784
f 2770/2770 2784/2784 2771/2771
f 2771/2771 2784/2784 2785/2785
f 2771/2771 2785/2785 2772/2772
f 2772/2772 2785/2785 2786/2786
f 2772/2772 2786/2786 2773/2773
f 2773/2773 2786/2786 2787/2787
f 2773/2773 2787/2787 2774/2774
f 2774/2774 2787/2787 2788/2788
f 2774/2774 2788/2788 2775/2775
f 2775/2775 2788/2788 2789/2789
f 2775/2775 2789/2789 2776/2776
f 2776/2776 2789/2789 2790/2790
f 2776/2776 2790/2790 2777/2777
f 2777/2777 2790/2790 2791/2791
f 2777/2777 2791/2791 2778/2778
f 2779/2779 2792/2792 2780/2780
f 2779/2779 2780/2780 2767/2767
f 2780/2780 2793/2793 2794/2794
f 2780/2780 2794/2794 2781/2781
f 2781/2781 2794/2794 2795/2795
f 2781/2781 2795/2795 2782/2782
f 2782/2782 2795/2795 2796/2796
f 2782/2782 2796/2796 2783/2783
f 2783/2783 2796/2796 2797/2797
f 2783/2783 2797/2797 2784/2784
f 2784/2784 2797/2797 2798/2798
f 2784/2784 2798/2798 2785/2785
f 2785/2785 2798/2798 2799/2799
f 2785/2785 2799/2799 2786/2786
f 2786/2786 2799/2799 2800/2800
f 2786/2786 2800/2800 2787/2787
f 2787/2787 2800/2800 2801/2801
f 2787/2787 2801/2801 2788/2788
f 2788/2788 2801/2801 2802/2802
f 2788/2788 2802/2802 2789/2789
f 2789/2789 2802/2802 2803/2803
f 2789/2789 2803/2803 2790/2790
f 2790/2790 2803/2803 2804/2804
f 2790/2790 2804/2804 2791/2791
f 2792/2792 2805/2805 2793/2793
f 2792/2792 2793/2793 2780/2780
f 2793/2793 2806/2806 2807/2807
f 2793/2793 2807/2807 2794/2794
f 2794/2794 2807/2807 2808/2808
f 2794/2794 2808/2808 2795/2795
f 2795/2795 2808/2808 2809/2809
f 2795/2795 2809/2809 2796/2796
f 2796/2796 2809/2809 2810/2810
f 2796/2796 2810/2810 2797/2797
f 2797/2797 2810/2810 2811/2811
f 2797/2797 2811/2811 2798/2798
f 2798/2798 2811/2811 2812/2812
f 2798/2798 2812/2812 2799/2799
f 2799/2799 2812/2812 2813/2813
f 2799/2799 2813/2813 2800/2800
f 2800/2800 2813/2813 2814/2814
f 2800/2800 2814/2814 2801/2801
f 2801/2801 2814/2814 2815/2815
f 2801/2801 2815/2815 2802/2802
f 2802/2802 2815/2815 2816/2816
f 2802/2802 2816/2816 2803/2803
f 2803/2803 2816/2816 2817/2817
f 2803/2803 2817/2817 2804/2804
f 2805/2805 2818/2818 2806/2806
f 2805/2805 2806/2806 2793/2793
f 2806/2806 2819/2819 2820/2820
f 2806/2806 2820/2820 2807/2807
f 2807/2807 2820/2820 2821/2821
f 2807/2807 2821/2821 2808/2808
f 2808/2808 2821/2821 2822/2822
f 2808/2808 2822/2822 2809/2809
f 2809/2809 2822/2822 2823/2823
f 2809/2809 2823/2823 2810/2810
f 2810/2810 2823/2823 2824/2824
f 2810/2810 2824/2824 2811/2811
f 2811/2811 2824/2824 2825/2825
f 2811/2811 2825/2825 2812/2812
f 2812/2812 2825/2825 2826/2826
f 2812/2812 2826/2826 2813/2813
f 2813/2813 2826/2826 2827/2827
f 2813/2813 2827/2827 2814/2814
f 2814/2814 2827/2827 2828/2828
f 2814/2814 2828/2828 2815/2815
f 2815/2815 2828/2828 2829/2829
f 2815/2815 2829/2829 2816/2816
f 2816/2816 2829/2829 2830/2830
f 2816/2816 2830/2830 2817/2817
f 2818/2818 2831/2831 2819/2819
f 2818/2818 2819/2819 2806/2806
f 2819/2819 2832/2832 2833/2833
f 2819/2819 2833/2833 2820/2820
f 2820/2820 2833/2833 2834/2834
f 2820/2820 2834/2834 2821/2821
f 2821/2821 2834/2834 2835/2835
f 2821/2821 2835/2835 2822/2822
f 2822/2822 2835/2835 2836/2836
f 2822/2822 2836/2836 2823/2823
f 2823/2823 2836/2836 2837/2837
f 2823/2823 2837/2837 2824/2824
f 2824/2824 2837/2837 2838/2838
f 2824/2824 2838/2838 2825/2825
f 2825/2825 2838/2838 2839/2839
f 2825/2825 2839/2839 2826/2826
f 2826/2826 2839/2839 2840/2840
f 2826/2826 2840/2840 2827/2827
f 2827/2827 2840/2840 2841/2841
f 2827/2827 2841/2841 2828/2828
f 2828/2828 2841/2841 2842/2842
f 2828/2828 2842/2842 2829/2829
f 2829/2829 2842/2842 2843/2843
f 2829/2829 2843/2843 2830/2830
f 2831/2831 2844/2844 2832/2832
f 2831/2831 2832/2832 2819/2819
f 2845/2845 2846/2846 2847/2847
f 2845/2845 2847/2847 2848/2848
f 2848/2848 2847/2847 2849/2849
f 2848/2848 2849/2849 2850/2850
f 2850/2850 2849/2849 2851/2851
f 2850/2850 2851/2851 2852/2852
f 2852/2852 2851/2851 2853/2853
f 2852/2852 2853/2853 2854/2854
f 2854/2854 2853/2853 2855/2855
f 2854/2854 2855/2855 2856/2856
f 2856/2856 2855/2855 2857/2857
f 2856/2856 2857/2857 2858/2858
f 2859/2859 2860/2860 2861/2861
f 2859/2859 2861/2861 2862/2862
f 2862/2862 2861/2861 2863/2863
f 2862/2862 2863/2863 2864/2864
f 2864/2864 2863/2863 2865/2865
f 2864/2864 2865/2865 2866/2866
f 2866/2866 2865/2865 2867/2867
f 2866/2866 2867/2867 2868/2868
f 2868/2868 2867/2867 2869/2869
f 2868/2868 2869/2869 2870/2870
f 2870/2870 2869/2869 2846/2846
f 2870/2870 2846/2846 2845/2845
f 2846/2846 2871/2871 2872/2872
f 2846/2846 2872/2872 2847/2847
f 2847/2847 2872/2872 2873/2873
f 2847/2847 2873/2873 2849/2849
f 2849/2849 2873/2873 2874/2874
f 2849/2849 2874/2874 2851/2851
f 2851/2851 2874/2874 2875/2875
f 2851/2851 2875/2875 2853/2853
f 2853/2853 2875/2875 2876/2876
f 2853/2853 2876/2876 2855/2855
f 2855/2855 2876/2876 2877/2877
f 2855/2855 2877/2877 2857/2857
f 2860/2860 2878/2878 2879/2879
f 2860/2860 2879/2879 2861/2861
f 2861/2861 2879/2879 2880/2880
f 2861/2861 2880/2880 2863/2863
f 2863/2863 2880/2880 2881/2881
f 2863/2863 2881/2881 2865/2865
f 2865/2865 2881/2881 2882/2882
f 2865/2865 2882/2882 2867/2867
f 2867/2867 2882/2882 2883/2883
f 2867/2867 2883/2883 2869/2869
f 2869/2869 2883/2883 2871/2871
f 2869/2869 2871/2871 2846/2846
f 2871/2871 2884/2884 2885/2885
f 2871/2871 2885/2885 2872/2872
f 2872/2872 2885/2885 2886/2886
f 2872/2872 2886/2886 2873/2873
f 2873/2873 2886/2886 2887/2887
f 2873/2873 2887/2887 2874/2874
f 2874/2874 2887/2887 2888/2888
f 2874/2874 2888/2888 2875/2875
f 2875/2875 2888/2888 2889/2889
f 2875/2875 2889/2889 2876/2876
f 2876/2876 2889/2889 2890/2890
f 2876/2876 2890/2890 2877/2877
f 2878/2878 2891/2891 2892/2892
f 2878/2878 2892/2892 2879/2879
f 2879/2879 2892/2892 2893/2893
f 2879/2879 2893/2893 2880/2880
f 2880/2880 2893/2893 2894/2894
f 2880/2880 2894/2894 2881/2881
f 2881/2881 2894/2894 2895/2895
f 2881/2881 2895/2895 2882/2882
f 2882/2882 2895/2895 2896/2896
f 2882/2882 2896/2896 2883/2883
f 2883/2883 2896/2896 2884/2884
f 2883/2883 2884/2884 2871/2871
f 2884/2884 2897/2897 2898/2898
f 2884/2884 2898/2898 2885/2885
f 2885/2885 2898/2898 2899/2899
f 2885/2885 2899/2899 2886/2886
f 2886/2886 2899/2899 2900/2900
f 2886/2886 2900/2900 2887/2887
f 2887/2887 2900/2900 2901/2901
f 2887/2887 2901/2901 2888/2888
f 2888/2888 2901/2901 2902/2902
f 2888/2888 2902/2902 2889/2889
f 2889/2889 2902/2902 2903/2903
f 2889/2889 2903/2903 2890/2890
f 2891/2891 2904/2904 2905/2905
f 2891/2891 2905/2905 2892/2892
f 2892/2892 2905/2905 2906/2906
f 2892/2892 2906/2906 2893/2893
f 2893/2893 2906/2906 2907/2907
f 2893/2893 2907/2907 2894/2894
f 2894/2894 2907/2907 2908/2908
f 2894/2894 2908/2908 2895/2895
f 2895/2895 2908/2908 2909/2909
f 2895/2895 2909/2909 2896/2896
f 2896/2896 2909/2909 2897/2897
f 2896/2896 2897/2897 2884/2884
f 2897/2897 2910/2910 2911/2911
f 2897/2897 2911/2911 2898/2898
f 2898/2898 2911/2911 2912/2912
f 2898/2898 2912/2912 2899/2899
f 2899/2899 2912/2912 2913/2913
f 2899/2899 2913/2913 2900/2900
f 2900/2900 2913/2913 2914/2914
f 2900/2900 2914/2914 2901/2901
f 2901/2901 2914/2914 2915/2915
f 2901/2901 2915/2915 2902/2902
f 2902/2902 2915/2915 2916/2916
f 2902/2902 2916/2916 2903/2903
f 2904/2904 2917/2917 2918/2918
f 2904/2904 2918/2918 2905/2905
f 2905/2905 2918/2918 2919/2919
f 2905/2905 2919/2919 2906/2906
f 2906/2906 2919/2919 2920/2920
f 2906/2906 2920/2920 2907/2907
f 2907/2907 2920/2920 2921/2921
f 2907/2907 2921/2921 2908/2908
f 2908/2908 2921/2921 2922/2922
f 2908/2908 2922/2922 2909/2909
f 2909/2909 2922/2922 2910/2910
f 2909/2909 2910/2910 2897/2897
f 2910/2910 2923/2923 2924/2924
f 2910/2910 2924/2924 2911/2911
f 2911/2911 2924/2924 2925/2925
f 2911/2911 2925/2925 2912/2912
f 2912/2912 2925/2925 2926/2926
f 2912/2912 2926/2926 2913/2913
f 2913/2913 2926/2926 2927/2927
f 2913/2913 2927/2927 2914/2914
f 2914/2914 2927/2927 2928/2928
f 2914/2914 2928/2928 2915/2915
f 2915/2915 2928/2928 2929/2929
f 2915/2915 2929/2929 2916/2916
f 2917/2917 2930/2930 2931/2931
f 2917/2917 2931/2931 2918/2918
f 2918/2918 2931/2931 2932/2932
f 2918/2918 2932/2932 2919/2919
f 2919/2919 2932/2932 2933/2933
f 2919/2919 2933/2933 2920/2920
f 2920/2920 2933/2933 2934/2934
f 2920/2920 2934/2934 2921/2921
f 2921/2921 2934/2934 2935/2935
f 2921/2921 2935/2935 2922/2922
f 2922/2922 2935/2935 2923/2923
f 2922/2922 2923/2923 2910/2910
f 2923/2923 2936/2936 2937/2937
f 2923/2923 2937/2937 2924/2924
f 2924/2924 2937/2937 2938/2938
f 2924/2924 2938/2938 2925/2925
f 2925/2925 2938/2938 2939/2939
f 2925/2925 2939/2939 2926/2926
f 2926/2926 2939/2939 2940/2940
f 2926/2926 2940/2940 2927/2927
f 2927/2927 2940/2940 2941/2941
f 2927/2927 2941/2941 2928/2928
f 2928/2928 2941/2941 2942/2942
f 2928/2928 2942/2942 2929/2929
f 2930/2930 2943/2943 2944/2944
f 2930/2930 2944/2944 2931/2931
f 2931/2931 2944/2944 2945/2945
f 2931/2931 2945/2945 2932/2932
f 2932/2932 2945/2945 2946/2946
f 2932/2932 2946/2946 2933/2933
f 2933/2933 2946/2946 2947/2947
f 2933/2933 2947/2947 2934/2934
f 2934/2934 2947/2947 2948/2948
f 2934/2934 2948/2948 2935/2935
f 2935/2935 2948/2948 2936/2936
f 2935/2935 2936/2936 2923/2923
f 2936/2936 2949/2949 2950/2950
f 2936/2936 2950/2950 2937/2937
f 2937/2937 2950/2950 2951/2951
f 2937/2937 2951/2951 2938/2938
f 2938/2938 2951/2951 2952/2952
f 2938/2938 2952/2952 2939/2939
f 2939/2939 2952/2952 2953/2953
f 2939/2939 2953/2953 2940/2940
f 2940/2940 2953/2953 2954/2954
f 2940/2940 2954/2954 2941/2941
f 2941/2941 2954/2954 2955/2955
f 2941/2941 2955/2955 2942/2942
f 2943/2943 2956/2956 2957/2957
f 2943/2943 2957/2957 2944/2944
f 2944/2944 2957/2957 2958/2958
f 2944/2944 2958/2958 2945/2945
f 2945/2945 2958/2958 2959/2959
f 2945/2945 2959/2959 2946/2946
f 2946/2946 2959/2959 2960/2960
f 2946/2946 2960/2960 2947/2947
f 2947/2947 2960/2960 2961/2961
f 2947/2947 2961/2961 2948/2948
f 2948/2948 2961/2961 2949/2949
f 2948/2948 2949/2949 2936/2936
f 2949/2949 2962/2962 2963/2963
f 2949/2949 2963/2963 2950/2950
f 2950/2950 2963/2963 2964/2964
f 2950/2950 2964/2964 2951/2951
f 2951/2951 2964/2964 2965/2965
f 2951/2951 2965/2965 2952/2952
f 2952/2952 2965/2965 2966/2966
f 2952/2952 2966/2966 2953/2953
f 2953/2953 2966/2966 2967/2967
f 2953/2953 2967/2967 2954/2954
f 2954/2954 2967/2967 2968/2968
f 2954/2954 2968/2968 2955/2955
f 2956/2956 2969/2969 2970/2970
f 2956/2956 2970/2970 2957/2957
f 2957/2957 2970/2970 2971/2971
f 2957/2957 2971/2971 2958/2958
f 2958/2958 2971/2971 2972/2972
f 2958/2958 2972/2972 2959/2959
f 2959/2959 2972/2972 2973/2973
f 2959/2959 2973/2973 2960/2960
f 2960/2960 2973/2973 2974/2974
f 2960/2960 2974/2974 2961/2961
f 2961/2961 2974/2974 2962/2962
f 2961/2961 2962/2962 2949/2949
f 2962/2962 2975/2975 2976/2976
f 2962/2962 2976/2976 2963/2963
f 2963/2963 2976/2976 2977/2977
f 2963/2963 2977/2977 2964/2964
f 2964/2964 2977/2977 2978/2978
f 2964/2964 2978/2978 2965/2965
f 2965/2965 2978/2978 2979/2979
f 2965/2965 2979/2979 2966/2966
f 2966/2966 2979/2979 2980/2980
f 2966/2966 2980/2980 2967/2967
f 2967/2967 2980/2980 2981/2981
f 2967/2967 2981/2981 2968/2968
f 2969/2969 2982/2982 2983/2983
f 2969/2969 2983/2983 2970/2970
f 2970/2970 2983/2983 2984/2984
f 2970/2970 2984/2984 2971/2971
f 2971/2971 2984/2984 2985/2985
f 2971/2971 2985/2985 2972/2972
f 2972/2972 2985/2985 2986/2986
f 2972/2972 2986/2986 2973/2973
f 2973/2973 2986/2986 2987/2987
f 2973/2973 2987/2987 2974/2974
f 2974/2974 2987/2987 2975/2975
f 2974/2974 2975/2975 2962/2962
f 2975/2975 2988/2988 2989/2989
f 2975/2975 2989/2989 2976/2976
f 2976/2976 2989/2989 2990/2990
f 2976/2976 2990/2990 2977/2977
f 2977/2977 2990/2990 2991/2991
f 2977/2977 2991/2991 2978/2978
f 2978/2978 2991/2991 2992/2992
f 2978/2978 2992/2992 2979/2979
f 2979/2979 2992/2992 2993/2993
f 2979/2979 2993/2993 2980/2980
f 2980/2980 2993/2993 2994/2994
f 2980/2980 2994/2994 2981/2981
f 2982/2982 2995/2995 2996/2996
f 2982/2982 2996/2996 2983/2983
f 2983/2983 2996/2996 2997/2997
f 2983/2983 2997/2997 2984/2984
f 2984/2984 2997/2997 2998/2998
f 2984/2984 2998/2998 2985/2985
f 2985/2985 2998/2998 2999/2999
f 2985/2985 2999/2999 2986/2986
f 2986/2986 2999/2999 3000/3000
f 2986/2986 3000/3000 2987/2987
f 2987/2987 3000/3000 2988/2988
f 2987/2987 2988/2988 2975/2975
f 2716/2716 2715/2715 3001/3001
f 2716/2716 3001/3001 3002/3002
f 2717/2717 2716/2716 3002/3002
f 2717/2717 3002/3002 3003/3003
f 2718/2718 2717/2717 3003/3003
f 2718/2718 3003/3003 3004/3004
f 2719/2719 2718/2718 3004/3004
f 2719/2719 3004/3004 3005/3005
f 2720/2720 2719/2719 3005/3005
f 2720/2720 3005/3005 3006/3006
f 2721/2721 2720/2720 3006/3006
f 2721/2721 3006/3006 3007/3007
f 2722/2722 2721/2721 3007/3007
f 2722/2722 3007/3007 3008/3008
f 2724/2724 2723/2723 3009/3009
f 2724/2724 3009/3009 3010/3010
f 2725/2725 2724/2724 3010/3010
f 2725/2725 3010/3010 3011/3011
f 2726/2726 2725/2725 3011/3011
f 2726/2726 3011/3011 3012/3012
f 2727/2727 2726/2726 3012/3012
f 2727/2727 3012/3012 3013/3013
f 2715/2715 2727/2727 3013/3013
f 2715/2715 3013/3013 3001/3001
f 2728/2728 2731/2731 3014/3014
f 2728/2728 3014/3014 3015/3015
f 2731/2731 2733/2733 3016/3016
f 2731/2731 3016/3016 3014/3014
f 2733/2733 2735/2735 3017/3017
f 2733/2733 3017/3017 3016/3016
f 2735/2735 2737/2737 3018/3018
f 2735/2735 3018/3018 3017/3017
f 2737/2737 2739/2739 3019/3019
f 2737/2737 3019/3019 3018/3018
f 2739/2739 2741/2741 3020/3020
f 2739/2739 3020/3020 3019/3019
f 2741/2741 2743/2743 3021/3021
f 2741/2741 3021/3021 3020/3020
f 2743/2743 2745/2745 3022/3022
f 2743/2743 3022/3022 3021/3021
f 2745/2745 2747/2747 3023/3023
f 2745/2745 3023/3023 3022/3022
f 2747/2747 2749/2749 3024/3024
f 2747/2747 3024/3024 3023/3023
f 2749/2749 2751/2751 3025/3025
f 2749/2749 3025/3025 3024/3024
f 2752/2752 2728/2728 3015/3015
f 2752/2752 3015/3015 3026/3026
f 3027/3027 3028/3028 3029/3029
f 3027/3027 3029/3029 3030/3030
f 3030/3030 3029/3029 3031/3031
f 3030/3030 3031/3031 3032/3032
f 3032/3032 3031/3031 3033/3033
f 3032/3032 3033/3033 3034/3034
f 3034/3034 3033/3033 3035/3035
f 3034/3034 3035/3035 3036/3036
f 3036/3036 3035/3035 3037/3037
f 3036/3036 3037/3037 3038/3038
f 3038/3038 3037/3037 3039/3039
f 3038/3038 3039/3039 3040/3040
f 3040/3040 3039/3039 3041/3041
f 3040/3040 3041/3041 3042/3042
f 3042/3042 3041/3041 3043/3043
f 3042/3042 3043/3043 3044/3044
f 3044/3044 3043/3043 3045/3045
f 3044/3044 3045/3045 3046/3046
f 3046/3046 3045/3045 3047/3047
f 3046/3046 3047/3047 3048/3048
f 3048/3048 3047/3047 3049/3049
f 3048/3048 3049/3049 3050/3050
f 3050/3050 3049/3049 3051/3051
f 3050/3050 3051/3051 3052/3052
f 3028/3028 3053/3053 3054/3054
f 3028/3028 3054/3054 3029/3029
f 3029/3029 3054/3054 3055/3055
f 3029/3029 3055/3055 3031/3031
f 3031/3031 3055/3055 3056/3056
f 3031/3031 3056/3056 3033/3033
f 3033/3033 3056/3056 3057/3057
f 3033/3033 3057/3057 3035/3035
f 3035/3035 3057/3057 3058/3058
f 3035/3035 3058/3058 3037/3037
f 3037/3037 3058/3058 3059/3059
f 3037/3037 3059/3059 3039/3039
f 3039/3039 3059/3059 3060/3060
f 3039/3039 3060/3060 3041/3041
f 3041/3041 3060/3060 3061/3061
f 3041/3041 3061/3061 3043/3043
f 3043/3043 3061/3061 3062/3062
f 3043/3043 3062/3062 3045/3045
f 3045/3045 3062/3062 3063/3063
f 3045/3045 3063/3063 3047/3047
f 3047/3047 3063/3063 3064/3064
f 3047/3047 3064/3064 3049/3049
f 3049/3049 3064/3064 3065/3065
f 3049/3049 3065/3065 3051/3051
f 3053/3053 3066/3066 3067/3067
f 3053/3053 3067/3067 3054/3054
f 3054/3054 3067/3067 3068/3068
f 3054/3054 3068/3068 3055/3055
f 3055/3055 3068/3068 3069/3069
f 3055/3055 3069/3069 3056/3056
f 3056/3056 3069/3069 3070/3070
f 3056/3056 3070/3070 3057/3057
f 3057/3057 3070/3070 3071/3071
f 3057/3057 3071/3071 3058/3058
f 3058/3058 3071/3071 3072/3072
f 3058/3058 3072/3072 3059/3059
f 3059/3059 3072/3072 3073/3073
f 3059/3059 3073/3073 3060/3060
f 3060/3060 3073/3073 3074/3074
f 3060/3060 3074/3074 3061/3061
f 3061/3061 3074/3074 3075/3075
f 3061/3061 3075/3075 3062/3062
f 3062/3062 3075/3075 3076/3076
f 3062/3062 3076/3076 3063/3063
f 3063/3063 3076/3076 3077/3077
f 3063/3063 3077/3077 3064/3064
f 3064/3064 3077/3077 3078/3078
f 3064/3064 3078/3078 3065/3065
f 3066/3066 3079/3079 3080/3080
f 3066/3066 3080/3080 3067/3067
f 3067/3067 3080/3080 3081/3081
f 3067/3067 3081/3081 3068/3068
f 3068/3068 3081/3081 3082/3082
f 3068/3068 3082/3082 3069/3069
f 3069/3069 3082/3082 3083/3083
f 3069/3069 3083/3083 3070/3070
f 3070/3070 3083/3083 3084/3084
f 3070/3070 3084/3084 3071/3071
f 3071/3071 3084/3084 3085/3085
f 3071/3071 3085/3085 3072/3072
f 3072/3072 3085/3085 3086/3086
f 3072/3072 3086/3086 3073/3073
f 3073/3073 3086/3086 3087/3087
f 3073/3073 3087/3087 3074/3074
f 3074/3074 3087/3087 3088/3088
f 3074/3074 3088/3088 3075/3075
f 3075/3075 3088/3088 3089/3089
f 3075/3075 3089/3089 3076/3076
f 3076/3076 3089/3089 3090/3090
f 3076/3076 3090/3090 3077/3077
f 3077/3077 3090/3090 3091/3091
f 3077/3077 3091/3091 3078/3078
f 3079/3079 3092/3092 3093/3093
f 3079/3079 3093/3093 3080/3080
f 3080/3080 3093/3093 3094/3094
f 3080/3080 3094/3094 3081/3081
f 3081/3081 3094/3094 3095/3095
f 3081/3081 3095/3095 3082/3082
f 3082/3082 3095/3095 3096/3096
f 3082/3082 3096/3096 3083/3083
f 3083/3083 3096/3096 3097/3097
f 3083/3083 3097/3097 3084/3084
f 3084/3084 3097/3097 3098/3098
f 3084/3084 3098/3098 3085/3085
f 3085/3085 3098/3098 3099/3099
f 3085/3085 3099/3099 3086/3086
f 3086/3086 3099/3099 3100/3100
f 3086/3086 3100/3100 3087/3087
f 3087/3087 3100/3100 3101/3101
f 3087/3087 3101/3101 3088/3088
f 3088/3088 3101/3101 3102/3102
f 3088/3088 3102/3102 3089/3089
f 3089/3089 3102/3102 3103/3103
f 3089/3089 3103/3103 3090/3090
f 3090/3090 3103/3103 3104/3104
f 3090/3090 3104/3104 3091/3091
f 3092/3092 3105/3105 3106/3106
f 3092/3092 3106/3106 3093/3093
f 3093/3093 3106/3106 3107/3107
f 3093/3093 3107/3107 3094/3094
f 3094/3094 3107/3107 3108/3108
f 3094/3094 3108/3108 3095/3095
f 3095/3095 3108/3108 3109/3109
f 3095/3095 3109/3109 3096/3096
f 3096/3096 3109/3109 3110/3110
f 3096/3096 3110/3110 3097/3097
f 3097/3097 3110/3110 3111/3111
f 3097/3097 3111/3111 3098/3098
f 3098/3098 3111/3111 3112/3112
f 3098/3098 3112/3112 3099/3099
f 3099/3099 3112/3112 3113/3113
f 3099/3099 3113/3113 3100/3100
f 3100/3100 3113/3113 3114/3114
f 3100/3100 3114/3114 3101/3101
f 3101/3101 3114/3114 3115/3115
f 3101/3101 3115/3115 3102/3102
f 3102/3102 3115/3115 3116/3116
f 3102/3102 3116/3116 3103/3103
f 3103/3103 3116/3116 3117/3117
f 3103/3103 3117/3117 3104/3104
f 3118/3118 3119/3119 3120/3120
f 3118/3118 3120/3120 3121/3121
f 3121/3121 3120/3120 3122/3122
f 3121/3121 3122/3122 3123/3123
f 3124/3124 3125/3125 3126/3126
f 3124/3124 3126/3126 3127/3127
f 3127/3127 3126/3126 3128/3128
f 3127/3127 3128/3128 3129/3129
f 3129/3129 3128/3128 3130/3130
f 3129/3129 3130/3130 3131/3131
f 3131/3131 3130/3130 3132/3132
f 3131/3131 3132/3132 3133/3133
f 3133/3133 3132/3132 3134/3134
f 3133/3133 3134/3134 3135/3135
f 3135/3135 3134/3134 3136/3136
f 3135/3135 3136/3136 3137/3137
f 3137/3137 3136/3136 3138/3138
f 3137/3137 3138/3138 3139/3139
f 3139/3139 3138/3138 3140/3140
f 3139/3139 3140/3140 3141/3141
f 3141/3141 3140/3140 3142/3142
f 3141/3141 3142/3142 3143/3143
f 3143/3143 3142/3142 3119/3119
f 3143/3143 3119/3119 3118/3118

o Corridor_Wall_01_8
usemtl Corridor_Wall_02
v 9.85162354 -1.79359661 4.51793958
v 9.85162598 1.76604306 4.51793942
v 58.32080566 1.76604306 4.51793942
v 58.32080566 -1.79359600 4.51793958
vt -2.47927094 -2.02359772
vt -2.47927094 -1.52266216
vt 4.36329985 -1.52266169
vt 4.36329985 -2.02359724
f 3144/3144 3145/3145 3146/3146
f 3144/3144 3146/3146 3147/3147

o Corridor_Wall_01_9
usemtl WallTrimSheet_01
v 44.79027588 -1.20028609 3.86214792
v 44.79027588 1.16788454 3.86214965
v 44.31271729 1.16788515 3.86214965
v 44.31270752 -1.20028609 3.86214792
v 44.79027588 1.16788454 3.86214965
v 44.79027588 -1.20028609 3.86214792
v 44.79027588 -1.20028700 3.83512034
v 44.79027588 1.16788453 3.83512145
v 44.31271729 1.16788515 3.86214965
v 44.79027588 1.16788454 3.86214965
v 44.79027588 1.16788453 3.83512145
v 44.31271729 1.16788515 3.83512145
v 44.31270752 -1.20028609 3.86214792
v 44.31271729 1.16788515 3.86214965
v 44.31271729 1.16788515 3.83512145
v 44.31270752 -1.20028700 3.83512034
v 44.79027588 -1.20028609 3.86214792
v 44.31270752 -1.20028609 3.86214792
v 44.31270752 -1.20028700 3.83512034
v 44.79027588 -1.20028700 3.83512034
v 44.31270752 -1.20028700 3.83512034
v 44.31271729 1.16788515 3.83512145
v 44.79027588 1.16788453 3.83512145
v 44.79027588 -1.20028700 3.83512034
v 44.53393311 1.00524995 3.83500610
v 44.53393799 1.00524819 5.39983643
v 44.54866943 1.01015908 5.39983643
v 44.54866455 1.01016084 3.83500610
v 44.56388428 1.00704568 5.39983643
v 44.56387939 1.00704805 3.83500610
v 44.57550049 0.99674233 5.39983643
v 44.57550049 0.99674409 3.83500610
v 44.53393799 1.00524819 5.39983643
v 44.53393311 1.00524995 3.83500610
v 44.52363037 0.99363130 3.83500610
v 44.52363525 0.99362954 5.39983643
v 44.52052002 0.97841768 3.83500611
v 44.52052002 0.97841530 5.39983643
v 44.52543213 0.96368501 3.83500611
v 44.52543213 0.96368325 5.39983643
v 44.52543213 0.96368325 5.39983643
v 44.52543213 0.96368501 3.83500611
v 44.53704834 0.95338228 3.83500611
v 44.53704834 0.95337990 5.39983643
v 44.55226318 0.95026826 3.83500611
v 44.55226318 0.95026650 5.39983643
v 44.56699463 0.95517915 3.83500611
v 44.56699463 0.95517739 5.39983643
v 44.56699463 0.95517739 5.39983643
v 44.56699463 0.95517915 3.83500611
v 44.57729736 0.96679902 3.83500611
v 44.57729736 0.96679665 5.39983643
v 44.58041260 0.98201265 3.83500611
v 44.58041260 0.98201027 5.39983643
v 44.57550049 0.99674409 3.83500610
v 44.57550049 0.99674233 5.39983643
v 44.53393311 -0.97488112 3.83500558
v 44.53393799 -0.97488166 5.39983529
v 44.54866943 -0.96997108 5.39983529
v 44.54866455 -0.96997023 3.83500558
v 44.56388428 -0.97308418 5.39983529
v 44.56387939 -0.97308364 3.83500558
v 44.57550049 -0.98338752 5.39983529
v 44.57550049 -0.98338729 3.83500558
v 44.53393799 -0.97488166 5.39983529
v 44.53393311 -0.97488112 3.83500558
v 44.52363037 -0.98650008 3.83500558
v 44.52363525 -0.98650062 5.39983529
v 44.52052002 -1.00171401 3.83500558
v 44.52052002 -1.00171455 5.39983529
v 44.52543213 -1.01644606 3.83500558
v 44.52543213 -1.01644691 5.39983529
v 44.52543213 -1.01644691 5.39983529
v 44.52543213 -1.01644606 3.83500558
v 44.53704834 -1.02674941 3.83500558
v 44.53704834 -1.02674995 5.39983529
v 44.55226318 -1.02986281 3.83500558
v 44.55226318 -1.02986305 5.39983529
v 44.56699463 -1.02495223 3.83500558
v 44.56699463 -1.02495246 5.39983529
v 44.56699463 -1.02495246 5.39983529
v 44.56699463 -1.02495223 3.83500558
v 44.57729736 -1.01333296 3.83500558
v 44.57729736 -1.01333351 5.39983529
v 44.58041260 -0.99811904 3.83500558
v 44.58041260 -0.99811958 5.39983529
v 44.57550049 -0.98338729 3.83500558
v 44.57550049 -0.98338752 5.39983529
v 35.07783447 -1.20028609 3.86214792
v 35.07783447 1.16788454 3.86214965
v 34.60027588 1.16788515 3.86214965
v 34.60026611 -1.20028609 3.86214792
v 35.07783447 1.16788454 3.86214965
v 35.07783447 -1.20028609 3.86214792
v 35.07783447 -1.20028700 3.83512034
v 35.07783447 1.16788453 3.83512145
v 34.60027588 1.16788515 3.86214965
v 35.07783447 1.16788454 3.86214965
v 35.07783447 1.16788453 3.83512145
v 34.60027588 1.16788515 3.83512145
v 34.60026611 -1.20028609 3.86214792
v 34.60027588 1.16788515 3.86214965
v 34.60027588 1.16788515 3.83512145
v 34.60026611 -1.20028700 3.83512034
v 35.07783447 -1.20028609 3.86214792
v 34.60026611 -1.20028609 3.86214792
v 34.60026611 -1.20028700 3.83512034
v 35.07783447 -1.20028700 3.83512034
v 34.60026611 -1.20028700 3.83512034
v 34.60027588 1.16788515 3.83512145
v 35.07783447 1.16788453 3.83512145
v 35.07783447 -1.20028700 3.83512034
v 34.82149170 1.00524995 3.83500610
v 34.82149658 1.00524819 5.39983643
v 34.83622803 1.01015908 5.39983643
v 34.83622314 1.01016084 3.83500610
v 34.85144287 1.00704568 5.39983643
v 34.85143799 1.00704805 3.83500610
v 34.86305908 0.99674233 5.39983643
v 34.86305908 0.99674409 3.83500610
v 34.82149658 1.00524819 5.39983643
v 34.82149170 1.00524995 3.83500610
v 34.81118896 0.99363130 3.83500610
v 34.81119385 0.99362954 5.39983643
v 34.80807861 0.97841768 3.83500611
v 34.80807861 0.97841530 5.39983643
v 34.81299072 0.96368501 3.83500611
v 34.81299072 0.96368325 5.39983643
v 34.81299072 0.96368325 5.39983643
v 34.81299072 0.96368501 3.83500611
v 34.82460693 0.95338228 3.83500611
v 34.82460693 0.95337990 5.39983643
v 34.83982178 0.95026826 3.83500611
v 34.83982178 0.95026650 5.39983643
v 34.85455322 0.95517915 3.83500611
v 34.85455322 0.95517739 5.39983643
v 34.85455322 0.95517739 5.39983643
v 34.85455322 0.95517915 3.83500611
v 34.86485596 0.96679902 3.83500611
v 34.86485596 0.96679665 5.39983643
v 34.86797119 0.98201265 3.83500611
v 34.86797119 0.98201027 5.39983643
v 34.86305908 0.99674409 3.83500610
v 34.86305908 0.99674233 5.39983643
v 34.82149170 -0.97488112 3.83500558
v 34.82149658 -0.97488166 5.39983529
v 34.83622803 -0.96997108 5.39983529
v 34.83622314 -0.96997023 3.83500558
v 34.85144287 -0.97308418 5.39983529
v 34.85143799 -0.97308364 3.83500558
v 34.86305908 -0.98338752 5.39983529
v 34.86305908 -0.98338729 3.83500558
v 34.82149658 -0.97488166 5.39983529
v 34.82149170 -0.97488112 3.83500558
v 34.81118896 -0.98650008 3.83500558
v 34.81119385 -0.98650062 5.39983529
v 34.80807861 -1.00171401 3.83500558
v 34.80807861 -1.00171455 5.39983529
v 34.81299072 -1.01644606 3.83500558
v 34.81299072 -1.01644691 5.39983529
v 34.81299072 -1.01644691 5.39983529
v 34.81299072 -1.01644606 3.83500558
v 34.82460693 -1.02674941 3.83500558
v 34.82460693 -1.02674995 5.39983529
v 34.83982178 -1.02986281 3.83500558
v 34.83982178 -1.02986305 5.39983529
v 34.85455322 -1.02495223 3.83500558
v 34.85455322 -1.02495246 5.39983529
v 34.85455322 -1.02495246 5.39983529
v 34.85455322 -1.02495223 3.83500558
v 34.86485596 -1.01333296 3.83500558
v 34.86485596 -1.01333351 5.39983529
v 34.86797119 -0.99811904 3.83500558
v 34.86797119 -0.99811958 5.39983529
v 34.86305908 -0.98338729 3.83500558
v 34.86305908 -0.98338752 5.39983529
v 15.65295166 -1.20028609 3.86214792
v 15.65295166 1.16788454 3.86214965
v 15.17539307 1.16788515 3.86214965
v 15.17538330 -1.20028609 3.86214792
v 15.65295166 1.16788454 3.86214965
v 15.65295166 -1.20028609 3.86214792
v 15.65295166 -1.20028700 3.83512034
v 15.65295166 1.16788453 3.83512145
v 15.17539307 1.16788515 3.86214965
v 15.65295166 1.16788454 3.86214965
v 15.65295166 1.16788453 3.83512145
v 15.17539307 1.16788515 3.83512145
v 15.17538330 -1.20028609 3.86214792
v 15.17539307 1.16788515 3.86214965
v 15.17539307 1.16788515 3.83512145
v 15.17538330 -1.20028700 3.83512034
v 15.65295166 -1.20028609 3.86214792
v 15.17538330 -1.20028609 3.86214792
v 15.17538330 -1.20028700 3.83512034
v 15.65295166 -1.20028700 3.83512034
v 15.17538330 -1.20028700 3.83512034
v 15.17539307 1.16788515 3.83512145
v 15.65295166 1.16788453 3.83512145
v 15.65295166 -1.20028700 3.83512034
v 15.39660889 1.00524995 3.83500610
v 15.39661377 1.00524819 5.39983643
v 15.41134521 1.01015908 5.39983643
v 15.41134033 1.01016084 3.83500610
v 15.42656006 1.00704568 5.39983643
v 15.42655518 1.00704805 3.83500610
v 15.43817627 0.99674233 5.39983643
v 15.43817627 0.99674409 3.83500610
v 15.39661377 1.00524819 5.39983643
v 15.39660889 1.00524995 3.83500610
v 15.38630615 0.99363130 3.83500610
v 15.38631104 0.99362954 5.39983643
v 15.38319580 0.97841768 3.83500611
v 15.38319580 0.97841530 5.39983643
v 15.38810791 0.96368501 3.83500611
v 15.38810791 0.96368325 5.39983643
v 15.38810791 0.96368325 5.39983643
v 15.38810791 0.96368501 3.83500611
v 15.39972412 0.95338228 3.83500611
v 15.39972412 0.95337990 5.39983643
v 15.41493896 0.95026826 3.83500611
v 15.41493896 0.95026650 5.39983643
v 15.42967041 0.95517915 3.83500611
v 15.42967041 0.95517739 5.39983643
v 15.42967041 0.95517739 5.39983643
v 15.42967041 0.95517915 3.83500611
v 15.43997314 0.96679902 3.83500611
v 15.43997314 0.96679665 5.39983643
v 15.44308838 0.98201265 3.83500611
v 15.44308838 0.98201027 5.39983643
v 15.43817627 0.99674409 3.83500610
v 15.43817627 0.99674233 5.39983643
v 15.39660889 -0.97488112 3.83500558
v 15.39661377 -0.97488166 5.39983529
v 15.41134521 -0.96997108 5.39983529
v 15.41134033 -0.96997023 3.83500558
v 15.42656006 -0.97308418 5.39983529
v 15.42655518 -0.97308364 3.83500558
v 15.43817627 -0.98338752 5.39983529
v 15.43817627 -0.98338729 3.83500558
v 15.39661377 -0.97488166 5.39983529
v 15.39660889 -0.97488112 3.83500558
v 15.38630615 -0.98650008 3.83500558
v 15.38631104 -0.98650062 5.39983529
v 15.38319580 -1.00171401 3.83500558
v 15.38319580 -1.00171455 5.39983529
v 15.38810791 -1.01644606 3.83500558
v 15.38810791 -1.01644691 5.39983529
v 15.38810791 -1.01644691 5.39983529
v 15.38810791 -1.01644606 3.83500558
v 15.39972412 -1.02674941 3.83500558
v 15.39972412 -1.02674995 5.39983529
v 15.41493896 -1.02986281 3.83500558
v 15.41493896 -1.02986305 5.39983529
v 15.42967041 -1.02495223 3.83500558
v 15.42967041 -1.02495246 5.39983529
v 15.42967041 -1.02495246 5.39983529
v 15.42967041 -1.02495223 3.83500558
v 15.43997314 -1.01333296 3.83500558
v 15.43997314 -1.01333351 5.39983529
v 15.44308838 -0.99811904 3.83500558
v 15.44308838 -0.99811958 5.39983529
v 15.43817627 -0.98338729 3.83500558
v 15.43817627 -0.98338752 5.39983529
v 53.36157715 -1.20028609 3.86214792
v 53.36157715 1.16788450 3.86214965
v 52.88401855 1.16788511 3.86214965
v 52.88400879 -1.20028609 3.86214792
v 53.36157715 1.16788450 3.86214965
v 53.36157715 -1.20028609 3.86214792
v 53.36157715 -1.20028700 3.83512034
v 53.36157715 1.16788450 3.83512145
v 52.88401855 1.16788511 3.86214965
v 53.36157715 1.16788450 3.86214965
v 53.36157715 1.16788450 3.83512145
v 52.88401855 1.16788511 3.83512145
v 52.88400879 -1.20028609 3.86214792
v 52.88401855 1.16788511 3.86214965
v 52.88401855 1.16788511 3.83512145
v 52.88400879 -1.20028700 3.83512034
v 53.36157715 -1.20028609 3.86214792
v 52.88400879 -1.20028609 3.86214792
v 52.88400879 -1.20028700 3.83512034
v 53.36157715 -1.20028700 3.83512034
v 52.88400879 -1.20028700 3.83512034
v 52.88401855 1.16788511 3.83512145
v 53.36157715 1.16788450 3.83512145
v 53.36157715 -1.20028700 3.83512034
v 53.10523438 1.00524991 3.83500610
v 53.10523926 1.00524815 5.39983643
v 53.11997070 1.01015904 5.39983643
v 53.11996582 1.01016080 3.83500610
v 53.13518555 1.00704564 5.39983643
v 53.13518066 1.00704801 3.83500610
v 53.14680176 0.99674229 5.39983643
v 53.14680176 0.99674405 3.83500610
v 53.10523926 1.00524815 5.39983643
v 53.10523438 1.00524991 3.83500610
v 53.09493164 0.99363126 3.83500610
v 53.09493652 0.99362950 5.39983643
v 53.09182129 0.97841764 3.83500611
v 53.09182129 0.97841527 5.39983643
v 53.09673340 0.96368497 3.83500611
v 53.09673340 0.96368321 5.39983643
v 53.09673340 0.96368321 5.39983643
v 53.09673340 0.96368497 3.83500611
v 53.10834961 0.95338224 3.83500611
v 53.10834961 0.95337987 5.39983643
v 53.12356445 0.95026822 3.83500611
v 53.12356445 0.95026646 5.39983643
v 53.13829590 0.95517911 3.83500611
v 53.13829590 0.95517735 5.39983643
v 53.13829590 0.95517735 5.39983643
v 53.13829590 0.95517911 3.83500611
v 53.14859863 0.96679899 3.83500611
v 53.14859863 0.96679661 5.39983643
v 53.15171387 0.98201261 3.83500611
v 53.15171387 0.98201024 5.39983643
v 53.14680176 0.99674405 3.83500610
v 53.14680176 0.99674229 5.39983643
v 53.10523438 -0.97488112 3.83500558
v 53.10523926 -0.97488166 5.39983529
v 53.11997070 -0.96997108 5.39983529
v 53.11996582 -0.96997023 3.83500558
v 53.13518555 -0.97308418 5.39983529
v 53.13518066 -0.97308364 3.83500558
v 53.14680176 -0.98338752 5.39983529
v 53.14680176 -0.98338729 3.83500558
v 53.10523926 -0.97488166 5.39983529
v 53.10523438 -0.97488112 3.83500558
v 53.09493164 -0.98650008 3.83500558
v 53.09493652 -0.98650062 5.39983529
v 53.09182129 -1.00171401 3.83500558
v 53.09182129 -1.00171455 5.39983529
v 53.09673340 -1.01644606 3.83500558
v 53.09673340 -1.01644691 5.39983529
v 53.09673340 -1.01644691 5.39983529
v 53.09673340 -1.01644606 3.83500558
v 53.10834961 -1.02674941 3.83500558
v 53.10834961 -1.02674995 5.39983529
v 53.12356445 -1.02986281 3.83500558
v 53.12356445 -1.02986305 5.39983529
v 53.13829590 -1.02495223 3.83500558
v 53.13829590 -1.02495246 5.39983529
v 53.13829590 -1.02495246 5.39983529
v 53.13829590 -1.02495223 3.83500558
v 53.14859863 -1.01333296 3.83500558
v 53.14859863 -1.01333351 5.39983529
v 53.15171387 -0.99811904 3.83500558
v 53.15171387 -0.99811958 5.39983529
v 53.14680176 -0.98338729 3.83500558
v 53.14680176 -0.98338752 5.39983529
v 25.36539307 -1.20028609 3.86214792
v 25.36539307 1.16788393 3.86214965
v 24.88783447 1.16788454 3.86214965
v 24.88782471 -1.20028609 3.86214792
v 25.36539307 1.16788393 3.86214965
v 25.36539307 -1.20028609 3.86214792
v 25.36539307 -1.20028700 3.83512034
v 25.36539307 1.16788392 3.83512145
v 24.88783447 1.16788454 3.86214965
v 25.36539307 1.16788393 3.86214965
v 25.36539307 1.16788392 3.83512145
v 24.88783447 1.16788453 3.83512145
v 24.88782471 -1.20028609 3.86214792
v 24.88783447 1.16788454 3.86214965
v 24.88783447 1.16788453 3.83512145
v 24.88782471 -1.20028700 3.83512034
v 25.36539307 -1.20028609 3.86214792
v 24.88782471 -1.20028609 3.86214792
v 24.88782471 -1.20028700 3.83512034
v 25.36539307 -1.20028700 3.83512034
v 24.88782471 -1.20028700 3.83512034
v 24.88783447 1.16788453 3.83512145
v 25.36539307 1.16788392 3.83512145
v 25.36539307 -1.20028700 3.83512034
v 25.10905029 1.00524934 3.83500610
v 25.10905518 1.00524758 5.39983643
v 25.12378662 1.01015847 5.39983643
v 25.12378174 1.01016023 3.83500610
v 25.13900146 1.00704506 5.39983643
v 25.13899658 1.00704744 3.83500610
v 25.15061768 0.99674172 5.39983643
v 25.15061768 0.99674348 3.83500610
v 25.10905518 1.00524758 5.39983643
v 25.10905029 1.00524934 3.83500610
v 25.09874756 0.99363069 3.83500610
v 25.09875244 0.99362893 5.39983643
v 25.09563721 0.97841707 3.83500611
v 25.09563721 0.97841469 5.39983643
v 25.10054932 0.96368440 3.83500611
v 25.10054932 0.96368264 5.39983643
v 25.10054932 0.96368264 5.39983643
v 25.10054932 0.96368440 3.83500611
v 25.11216553 0.95338167 3.83500611
v 25.11216553 0.95337929 5.39983643
v 25.12738037 0.95026765 3.83500611
v 25.12738037 0.95026589 5.39983643
v 25.14211182 0.95517854 3.83500611
v 25.14211182 0.95517678 5.39983643
v 25.14211182 0.95517678 5.39983643
v 25.14211182 0.95517854 3.83500611
v 25.15241455 0.96679841 3.83500611
v 25.15241455 0.96679604 5.39983643
v 25.15552979 0.98201204 3.83500611
v 25.15552979 0.98200966 5.39983643
v 25.15061768 0.99674348 3.83500610
v 25.15061768 0.99674172 5.39983643
v 25.10905029 -0.97488112 3.83500558
v 25.10905518 -0.97488166 5.39983529
v 25.12378662 -0.96997108 5.39983529
v 25.12378174 -0.96997023 3.83500558
v 25.13900146 -0.97308418 5.39983529
v 25.13899658 -0.97308364 3.83500558
v 25.15061768 -0.98338752 5.39983529
v 25.15061768 -0.98338729 3.83500558
v 25.10905518 -0.97488166 5.39983529
v 25.10905029 -0.97488112 3.83500558
v 25.09874756 -0.98650008 3.83500558
v 25.09875244 -0.98650062 5.39983529
v 25.09563721 -1.00171401 3.83500558
v 25.09563721 -1.00171455 5.39983529
v 25.10054932 -1.01644606 3.83500558
v 25.10054932 -1.01644691 5.39983529
v 25.10054932 -1.01644691 5.39983529
v 25.10054932 -1.01644606 3.83500558
v 25.11216553 -1.02674941 3.83500558
v 25.11216553 -1.02674995 5.39983529
v 25.12738037 -1.02986281 3.83500558
v 25.12738037 -1.02986305 5.39983529
v 25.14211182 -1.02495223 3.83500558
v 25.14211182 -1.02495246 5.39983529
v 25.14211182 -1.02495246 5.39983529
v 25.14211182 -1.02495223 3.83500558
v 25.15241455 -1.01333296 3.83500558
v 25.15241455 -1.01333351 5.39983529
v 25.15552979 -0.99811904 3.83500558
v 25.15552979 -0.99811958 5.39983529
v 25.15061768 -0.98338729 3.83500558
v 25.15061768 -0.98338752 5.39983529
vt 0.61322731 0.58084273
vt 0.06090326 0.58084333
vt 0.06090326 0.44375765
vt 0.61322731 0.44375706
vt 0.06090326 0.43158484
vt 0.61322731 0.43158519
vt 0.61322731 0.43934369
vt 0.06090326 0.43934333
vt 0.19798899 0.57954943
vt 0.06090326 0.57954943
vt 0.06090326 0.57179105
vt 0.19798899 0.57179105
vt 0.06090332 0.58835107
vt 0.61322731 0.58835089
vt 0.61322731 0.59610927
vt 0.06090326 0.59610957
vt 0.06090326 0.58087873
vt 0.19798881 0.58087873
vt 0.19798881 0.58863735
vt 0.06090326 0.58863735
vt 0.06090326 0.44521666
vt 0.61322731 0.44521725
vt 0.61322731 0.58230311
vt 0.06090326 0.58230221
vt 0.06090326 0.46273625
vt 0.51009077 0.46273685
vt 0.51009077 0.46696591
vt 0.06090326 0.46696532
vt 0.51009077 0.47133303
vt 0.06090326 0.47133243
vt 0.51009077 0.47466815
vt 0.06090326 0.47466779
vt 0.06090326 0.49000025
vt 0.51009077 0.48999989
vt 0.51009077 0.49333537
vt 0.06090326 0.49333549
vt 0.51009077 0.49770236
vt 0.06090326 0.49770272
vt 0.51009077 0.50193119
vt 0.06090326 0.50193155
vt 0.51009077 0.51556313
vt 0.06090326 0.51556373
vt 0.06090326 0.51222849
vt 0.51009077 0.51222801
vt 0.06090326 0.50786126
vt 0.51009077 0.50786066
vt 0.06090326 0.50363243
vt 0.51009077 0.50363183
vt 0.06090326 0.47636819
vt 0.51009077 0.47636843
vt 0.51009077 0.47970366
vt 0.06090326 0.47970331
vt 0.51009077 0.48407090
vt 0.06090326 0.48407042
vt 0.51009077 0.48829973
vt 0.06090326 0.48829949
vt 0.06090326 0.55815911
vt 0.51009077 0.55815971
vt 0.51009077 0.56238878
vt 0.06090326 0.56238818
vt 0.51009077 0.56675577
vt 0.06090326 0.56675518
vt 0.51009077 0.57009101
vt 0.06090326 0.57009041
vt 0.06090326 0.53089571
vt 0.51009077 0.53089547
vt 0.51009077 0.53423059
vt 0.06090326 0.53423095
vt 0.51009077 0.53859794
vt 0.06090326 0.53859830
vt 0.51009077 0.54282665
vt 0.06090326 0.54282725
vt 0.51009077 0.52919495
vt 0.06090326 0.52919555
vt 0.06090326 0.52586031
vt 0.51009077 0.52585971
vt 0.06090326 0.52149308
vt 0.51009077 0.52149248
vt 0.06090326 0.51726413
vt 0.51009077 0.51726365
vt 0.06090326 0.54452717
vt 0.51009077 0.54452765
vt 0.51009077 0.54786289
vt 0.06090326 0.54786253
vt 0.51009077 0.55223012
vt 0.06090326 0.55222964
vt 0.51009077 0.55645907
vt 0.06090326 0.55645871
vt 0.61322731 0.58084273
vt 0.06090326 0.58084333
vt 0.06090326 0.44375765
vt 0.61322731 0.44375706
vt 0.06090326 0.43158484
vt 0.61322731 0.43158519
vt 0.61322731 0.43934369
vt 0.06090326 0.43934333
vt 0.19798899 0.57954943
vt 0.06090326 0.57954943
vt 0.06090326 0.57179105
vt 0.19798899 0.57179105
vt 0.06090332 0.58835107
vt 0.61322731 0.58835089
vt 0.61322731 0.59610927
vt 0.06090326 0.59610957
vt 0.06090326 0.58087873
vt 0.19798881 0.58087873
vt 0.19798881 0.58863735
vt 0.06090326 0.58863735
vt 0.06090326 0.44521666
vt 0.61322731 0.44521725
vt 0.61322731 0.58230311
vt 0.06090326 0.58230221
vt 0.06090326 0.46273625
vt 0.51009077 0.46273685
vt 0.51009077 0.46696591
vt 0.06090326 0.46696532
vt 0.51009077 0.47133303
vt 0.06090326 0.47133243
vt 0.51009077 0.47466815
vt 0.06090326 0.47466779
vt 0.06090326 0.49000025
vt 0.51009077 0.48999989
vt 0.51009077 0.49333537
vt 0.06090326 0.49333549
vt 0.51009077 0.49770236
vt 0.06090326 0.49770272
vt 0.51009077 0.50193119
vt 0.06090326 0.50193155
vt 0.51009077 0.51556313
vt 0.06090326 0.51556373
vt 0.06090326 0.51222849
vt 0.51009077 0.51222801
vt 0.06090326 0.50786126
vt 0.51009077 0.50786066
vt 0.06090326 0.50363243
vt 0.51009077 0.50363183
vt 0.06090326 0.47636819
vt 0.51009077 0.47636843
vt 0.51009077 0.47970366
vt 0.06090326 0.47970331
vt 0.51009077 0.48407090
vt 0.06090326 0.48407042
vt 0.51009077 0.48829973
vt 0.06090326 0.48829949
vt 0.06090326 0.55815911
vt 0.51009077 0.55815971
vt 0.51009077 0.56238878
vt 0.06090326 0.56238818
vt 0.51009077 0.56675577
vt 0.06090326 0.56675518
vt 0.51009077 0.57009101
vt 0.06090326 0.57009041
vt 0.06090326 0.53089571
vt 0.51009077 0.53089547
vt 0.51009077 0.53423059
vt 0.06090326 0.53423095
vt 0.51009077 0.53859794
vt 0.06090326 0.53859830
vt 0.51009077 0.54282665
vt 0.06090326 0.54282725
vt 0.51009077 0.52919495
vt 0.06090326 0.52919555
vt 0.06090326 0.52586031
vt 0.51009077 0.52585971
vt 0.06090326 0.52149308
vt 0.51009077 0.52149248
vt 0.06090326 0.51726413
vt 0.51009077 0.51726365
vt 0.06090326 0.54452717
vt 0.51009077 0.54452765
vt 0.51009077 0.54786289
vt 0.06090326 0.54786253
vt 0.51009077 0.55223012
vt 0.06090326 0.55222964
vt 0.51009077 0.55645907
vt 0.06090326 0.55645871
vt 0.61322731 0.58084273
vt 0.06090326 0.58084333
vt 0.06090326 0.44375765
vt 0.61322731 0.44375706
vt 0.06090326 0.43158484
vt 0.61322731 0.43158519
vt 0.61322731 0.43934369
vt 0.06090326 0.43934333
vt 0.19798899 0.57954943
vt 0.06090326 0.57954943
vt 0.06090326 0.57179105
vt 0.19798899 0.57179105
vt 0.06090332 0.58835107
vt 0.61322731 0.58835089
vt 0.61322731 0.59610927
vt 0.06090326 0.59610957
vt 0.06090326 0.58087873
vt 0.19798881 0.58087873
vt 0.19798881 0.58863735
vt 0.06090326 0.58863735
vt 0.06090326 0.44521666
vt 0.61322731 0.44521725
vt 0.61322731 0.58230311
vt 0.06090326 0.58230221
vt 0.06090326 0.46273625
vt 0.51009077 0.46273685
vt 0.51009077 0.46696591
vt 0.06090326 0.46696532
vt 0.51009077 0.47133303
vt 0.06090326 0.47133243
vt 0.51009077 0.47466815
vt 0.06090326 0.47466779
vt 0.06090326 0.49000025
vt 0.51009077 0.48999989
vt 0.51009077 0.49333537
vt 0.06090326 0.49333549
vt 0.51009077 0.49770236
vt 0.06090326 0.49770272
vt 0.51009077 0.50193119
vt 0.06090326 0.50193155
vt 0.51009077 0.51556313
vt 0.06090326 0.51556373
vt 0.06090326 0.51222849
vt 0.51009077 0.51222801
vt 0.06090326 0.50786126
vt 0.51009077 0.50786066
vt 0.06090326 0.50363243
vt 0.51009077 0.50363183
vt 0.06090326 0.47636819
vt 0.51009077 0.47636843
vt 0.51009077 0.47970366
vt 0.06090326 0.47970331
vt 0.51009077 0.48407090
vt 0.06090326 0.48407042
vt 0.51009077 0.48829973
vt 0.06090326 0.48829949
vt 0.06090326 0.55815911
vt 0.51009077 0.55815971
vt 0.51009077 0.56238878
vt 0.06090326 0.56238818
vt 0.51009077 0.56675577
vt 0.06090326 0.56675518
vt 0.51009077 0.57009101
vt 0.06090326 0.57009041
vt 0.06090326 0.53089571
vt 0.51009077 0.53089547
vt 0.51009077 0.53423059
vt 0.06090326 0.53423095
vt 0.51009077 0.53859794
vt 0.06090326 0.53859830
vt 0.51009077 0.54282665
vt 0.06090326 0.54282725
vt 0.51009077 0.52919495
vt 0.06090326 0.52919555
vt 0.06090326 0.52586031
vt 0.51009077 0.52585971
vt 0.06090326 0.52149308
vt 0.51009077 0.52149248
vt 0.06090326 0.51726413
vt 0.51009077 0.51726365
vt 0.06090326 0.54452717
vt 0.51009077 0.54452765
vt 0.51009077 0.54786289
vt 0.06090326 0.54786253
vt 0.51009077 0.55223012
vt 0.06090326 0.55222964
vt 0.51009077 0.55645907
vt 0.06090326 0.55645871
vt 0.61322731 0.58084273
vt 0.06090326 0.58084333
vt 0.06090326 0.44375765
vt 0.61322731 0.44375706
vt 0.06090326 0.43158484
vt 0.61322731 0.43158519
vt 0.61322731 0.43934369
vt 0.06090326 0.43934333
vt 0.19798899 0.57954943
vt 0.06090326 0.57954943
vt 0.06090326 0.57179105
vt 0.19798899 0.57179105
vt 0.06090332 0.58835107
vt 0.61322731 0.58835089
vt 0.61322731 0.59610927
vt 0.06090326 0.59610957
vt 0.06090326 0.58087873
vt 0.19798881 0.58087873
vt 0.19798881 0.58863735
vt 0.06090326 0.58863735
vt 0.06090326 0.44521666
vt 0.61322731 0.44521725
vt 0.61322731 0.58230311
vt 0.06090326 0.58230221
vt 0.06090326 0.46273625
vt 0.51009077 0.46273685
vt 0.51009077 0.46696591
vt 0.06090326 0.46696532
vt 0.51009077 0.47133303
vt 0.06090326 0.47133243
vt 0.51009077 0.47466815
vt 0.06090326 0.47466779
vt 0.06090326 0.49000025
vt 0.51009077 0.48999989
vt 0.51009077 0.49333537
vt 0.06090326 0.49333549
vt 0.51009077 0.49770236
vt 0.06090326 0.49770272
vt 0.51009077 0.50193119
vt 0.06090326 0.50193155
vt 0.51009077 0.51556313
vt 0.06090326 0.51556373
vt 0.06090326 0.51222849
vt 0.51009077 0.51222801
vt 0.06090326 0.50786126
vt 0.51009077 0.50786066
vt 0.06090326 0.50363243
vt 0.51009077 0.50363183
vt 0.06090326 0.47636819
vt 0.51009077 0.47636843
vt 0.51009077 0.47970366
vt 0.06090326 0.47970331
vt 0.51009077 0.48407090
vt 0.06090326 0.48407042
vt 0.51009077 0.48829973
vt 0.06090326 0.48829949
vt 0.06090326 0.55815911
vt 0.51009077 0.55815971
vt 0.51009077 0.56238878
vt 0.06090326 0.56238818
vt 0.51009077 0.56675577
vt 0.06090326 0.56675518
vt 0.51009077 0.57009101
vt 0.06090326 0.57009041
vt 0.06090326 0.53089571
vt 0.51009077 0.53089547
vt 0.51009077 0.53423059
vt 0.06090326 0.53423095
vt 0.51009077 0.53859794
vt 0.06090326 0.53859830
vt 0.51009077 0.54282665
vt 0.06090326 0.54282725
vt 0.51009077 0.52919495
vt 0.06090326 0.52919555
vt 0.06090326 0.52586031
vt 0.51009077 0.52585971
vt 0.06090326 0.52149308
vt 0.51009077 0.52149248
vt 0.06090326 0.51726413
vt 0.51009077 0.51726365
vt 0.06090326 0.54452717
vt 0.51009077 0.54452765
vt 0.51009077 0.54786289
vt 0.06090326 0.54786253
vt 0.51009077 0.55223012
vt 0.06090326 0.55222964
vt 0.51009077 0.55645907
vt 0.06090326 0.55645871
vt 0.61322731 0.58084273
vt 0.06090326 0.58084333
vt 0.06090326 0.44375765
vt 0.61322731 0.44375706
vt 0.06090326 0.43158484
vt 0.61322731 0.43158519
vt 0.61322731 0.43934369
vt 0.06090326 0.43934333
vt 0.19798899 0.57954943
vt 0.06090326 0.57954943
vt 0.06090326 0.57179105
vt 0.19798899 0.57179105
vt 0.06090332 0.58835107
vt 0.61322731 0.58835089
vt 0.61322731 0.59610927
vt 0.06090326 0.59610957
vt 0.06090326 0.58087873
vt 0.19798881 0.58087873
vt 0.19798881 0.58863735
vt 0.06090326 0.58863735
vt 0.06090326 0.44521666
vt 0.61322731 0.44521725
vt 0.61322731 0.58230311
vt 0.06090326 0.58230221
vt 0.06090326 0.46273625
vt 0.51009077 0.46273685
vt 0.51009077 0.46696591
vt 0.06090326 0.46696532
vt 0.51009077 0.47133303
vt 0.06090326 0.47133243
vt 0.51009077 0.47466815
vt 0.06090326 0.47466779
vt 0.06090326 0.49000025
vt 0.51009077 0.48999989
vt 0.51009077 0.49333537
vt 0.06090326 0.49333549
vt 0.51009077 0.49770236
vt 0.06090326 0.49770272
vt 0.51009077 0.50193119
vt 0.06090326 0.50193155
vt 0.51009077 0.51556313
vt 0.06090326 0.51556373
vt 0.06090326 0.51222849
vt 0.51009077 0.51222801
vt 0.06090326 0.50786126
vt 0.51009077 0.50786066
vt 0.06090326 0.50363243
vt 0.51009077 0.50363183
vt 0.06090326 0.47636819
vt 0.51009077 0.47636843
vt 0.51009077 0.47970366
vt 0.06090326 0.47970331
vt 0.51009077 0.48407090
vt 0.06090326 0.48407042
vt 0.51009077 0.48829973
vt 0.06090326 0.48829949
vt 0.06090326 0.55815911
vt 0.51009077 0.55815971
vt 0.51009077 0.56238878
vt 0.06090326 0.56238818
vt 0.51009077 0.56675577
vt 0.06090326 0.56675518
vt 0.51009077 0.57009101
vt 0.06090326 0.57009041
vt 0.06090326 0.53089571
vt 0.51009077 0.53089547
vt 0.51009077 0.53423059
vt 0.06090326 0.53423095
vt 0.51009077 0.53859794
vt 0.06090326 0.53859830
vt 0.51009077 0.54282665
vt 0.06090326 0.54282725
vt 0.51009077 0.52919495
vt 0.06090326 0.52919555
vt 0.06090326 0.52586031
vt 0.51009077 0.52585971
vt 0.06090326 0.52149308
vt 0.51009077 0.52149248
vt 0.06090326 0.51726413
vt 0.51009077 0.51726365
vt 0.06090326 0.54452717
vt 0.51009077 0.54452765
vt 0.51009077 0.54786289
vt 0.06090326 0.54786253
vt 0.51009077 0.55223012
vt 0.06090326 0.55222964
vt 0.51009077 0.55645907
vt 0.06090326 0.55645871
f 3148/3148 3149/3149 3150/3150
f 3150/3150 3151/3151 3148/3148
f 3152/3152 3153/3153 3154/3154
f 3154/3154 3155/3155 3152/3152
f 3156/3156 3157/3157 3158/3158
f 3158/3158 3159/3159 3156/3156
f 3160/3160 3161/3161 3162/3162
f 3162/3162 3163/3163 3160/3160
f 3164/3164 3165/3165 3166/3166
f 3166/3166 3167/3167 3164/3164
f 3168/3168 3169/3169 3170/3170
f 3170/3170 3171/3171 3168/3168
f 3172/3172 3173/3173 3174/3174
f 3174/3174 3175/3175 3172/3172
f 3175/3175 3174/3174 3176/3176
f 3176/3176 3177/3177 3175/3175
f 3177/3177 3176/3176 3178/3178
f 3178/3178 3179/3179 3177/3177
f 3180/3180 3181/3181 3182/3182
f 3182/3182 3183/3183 3180/3180
f 3183/3183 3182/3182 3184/3184
f 3184/3184 3185/3185 3183/3183
f 3185/3185 3184/3184 3186/3186
f 3186/3186 3187/3187 3185/3185
f 3188/3188 3189/3189 3190/3190
f 3190/3190 3191/3191 3188/3188
f 3191/3191 3190/3190 3192/3192
f 3192/3192 3193/3193 3191/3191
f 3193/3193 3192/3192 3194/3194
f 3194/3194 3195/3195 3193/3193
f 3196/3196 3197/3197 3198/3198
f 3198/3198 3199/3199 3196/3196
f 3199/3199 3198/3198 3200/3200
f 3200/3200 3201/3201 3199/3199
f 3201/3201 3200/3200 3202/3202
f 3202/3202 3203/3203 3201/3201
f 3204/3204 3205/3205 3206/3206
f 3206/3206 3207/3207 3204/3204
f 3207/3207 3206/3206 3208/3208
f 3208/3208 3209/3209 3207/3207
f 3209/3209 3208/3208 3210/3210
f 3210/3210 3211/3211 3209/3209
f 3212/3212 3213/3213 3214/3214
f 3214/3214 3215/3215 3212/3212
f 3215/3215 3214/3214 3216/3216
f 3216/3216 3217/3217 3215/3215
f 3217/3217 3216/3216 3218/3218
f 3218/3218 3219/3219 3217/3217
f 3220/3220 3221/3221 3222/3222
f 3222/3222 3223/3223 3220/3220
f 3223/3223 3222/3222 3224/3224
f 3224/3224 3225/3225 3223/3223
f 3225/3225 3224/3224 3226/3226
f 3226/3226 3227/3227 3225/3225
f 3228/3228 3229/3229 3230/3230
f 3230/3230 3231/3231 3228/3228
f 3231/3231 3230/3230 3232/3232
f 3232/3232 3233/3233 3231/3231
f 3233/3233 3232/3232 3234/3234
f 3234/3234 3235/3235 3233/3233
f 3236/3236 3237/3237 3238/3238
f 3238/3238 3239/3239 3236/3236
f 3240/3240 3241/3241 3242/3242
f 3242/3242 3243/3243 3240/3240
f 3244/3244 3245/3245 3246/3246
f 3246/3246 3247/3247 3244/3244
f 3248/3248 3249/3249 3250/3250
f 3250/3250 3251/3251 3248/3248
f 3252/3252 3253/3253 3254/3254
f 3254/3254 3255/3255 3252/3252
f 3256/3256 3257/3257 3258/3258
f 3258/3258 3259/3259 3256/3256
f 3260/3260 3261/3261 3262/3262
f 3262/3262 3263/3263 3260/3260
f 3263/3263 3262/3262 3264/3264
f 3264/3264 3265/3265 3263/3263
f 3265/3265 3264/3264 3266/3266
f 3266/3266 3267/3267 3265/3265
f 3268/3268 3269/3269 3270/3270
f 3270/3270 3271/3271 3268/3268
f 3271/3271 3270/3270 3272/3272
f 3272/3272 3273/3273 3271/3271
f 3273/3273 3272/3272 3274/3274
f 3274/3274 3275/3275 3273/3273
f 3276/3276 3277/3277 3278/3278
f 3278/3278 3279/3279 3276/3276
f 3279/3279 3278/3278 3280/3280
f 3280/3280 3281/3281 3279/3279
f 3281/3281 3280/3280 3282/3282
f 3282/3282 3283/3283 3281/3281
f 3284/3284 3285/3285 3286/3286
f 3286/3286 3287/3287 3284/3284
f 3287/3287 3286/3286 3288/3288
f 3288/3288 3289/3289 3287/3287
f 3289/3289 3288/3288 3290/3290
f 3290/3290 3291/3291 3289/3289
f 3292/3292 3293/3293 3294/3294
f 3294/3294 3295/3295 3292/3292
f 3295/3295 3294/3294 3296/3296
f 3296/3296 3297/3297 3295/3295
f 3297/3297 3296/3296 3298/3298
f 3298/3298 3299/3299 3297/3297
f 3300/3300 3301/3301 3302/3302
f 3302/3302 3303/3303 3300/3300
f 3303/3303 3302/3302 3304/3304
f 3304/3304 3305/3305 3303/3303
f 3305/3305 3304/3304 3306/3306
f 3306/3306 3307/3307 3305/3305
f 3308/3308 3309/3309 3310/3310
f 3310/3310 3311/3311 3308/3308
f 3311/3311 3310/3310 3312/3312
f 3312/3312 3313/3313 3311/3311
f 3313/3313 3312/3312 3314/3314
f 3314/3314 3315/3315 3313/3313
f 3316/3316 3317/3317 3318/3318
f 3318/3318 3319/3319 3316/3316
f 3319/3319 3318/3318 3320/3320
f 3320/3320 3321/3321 3319/3319
f 3321/3321 3320/3320 3322/3322
f 3322/3322 3323/3323 3321/3321
f 3324/3324 3325/3325 3326/3326
f 3326/3326 3327/3327 3324/3324
f 3328/3328 3329/3329 3330/3330
f 3330/3330 3331/3331 3328/3328
f 3332/3332 3333/3333 3334/3334
f 3334/3334 3335/3335 3332/3332
f 3336/3336 3337/3337 3338/3338
f 3338/3338 3339/3339 3336/3336
f 3340/3340 3341/3341 3342/3342
f 3342/3342 3343/3343 3340/3340
f 3344/3344 3345/3345 3346/3346
f 3346/3346 3347/3347 3344/3344
f 3348/3348 3349/3349 3350/3350
f 3350/3350 3351/3351 3348/3348
f 3351/3351 3350/3350 3352/3352
f 3352/3352 3353/3353 3351/3351
f 3353/3353 3352/3352 3354/3354
f 3354/3354 3355/3355 3353/3353
f 3356/3356 3357/3357 3358/3358
f 3358/3358 3359/3359 3356/3356
f 3359/3359 3358/3358 3360/3360
f 3360/3360 3361/3361 3359/3359
f 3361/3361 3360/3360 3362/3362
f 3362/3362 3363/3363 3361/3361
f 3364/3364 3365/3365 3366/3366
f 3366/3366 3367/3367 3364/3364
f 3367/3367 3366/3366 3368/3368
f 3368/3368 3369/3369 3367/3367
f 3369/3369 3368/3368 3370/3370
f 3370/3370 3371/3371 3369/3369
f 3372/3372 3373/3373 3374/3374
f 3374/3374 3375/3375 3372/3372
f 3375/3375 3374/3374 3376/3376
f 3376/3376 3377/3377 3375/3375
f 3377/3377 3376/3376 3378/3378
f 3378/3378 3379/3379 3377/3377
f 3380/3380 3381/3381 3382/3382
f 3382/3382 3383/3383 3380/3380
f 3383/3383 3382/3382 3384/3384
f 3384/3384 3385/3385 3383/3383
f 3385/3385 3384/3384 3386/3386
f 3386/3386 3387/3387 3385/3385
f 3388/3388 3389/3389 3390/3390
f 3390/3390 3391/3391 3388/3388
f 3391/3391 3390/3390 3392/3392
f 3392/3392 3393/3393 3391/3391
f 3393/3393 3392/3392 3394/3394
f 3394/3394 3395/3395 3393/3393
f 3396/3396 3397/3397 3398/3398
f 3398/3398 3399/3399 3396/3396
f 3399/3399 3398/3398 3400/3400
f 3400/3400 3401/3401 3399/3399
f 3401/3401 3400/3400 3402/3402
f 3402/3402 3403/3403 3401/3401
f 3404/3404 3405/3405 3406/3406
f 3406/3406 3407/3407 3404/3404
f 3407/3407 3406/3406 3408/3408
f 3408/3408 3409/3409 3407/3407
f 3409/3409 3408/3408 3410/3410
f 3410/3410 3411/3411 3409/3409
f 3412/3412 3413/3413 3414/3414
f 3414/3414 3415/3415 3412/3412
f 3416/3416 3417/3417 3418/3418
f 3418/3418 3419/3419 3416/3416
f 3420/3420 3421/3421 3422/3422
f 3422/3422 3423/3423 3420/3420
f 3424/3424 3425/3425 3426/3426
f 3426/3426 3427/3427 3424/3424
f 3428/3428 3429/3429 3430/3430
f 3430/3430 3431/3431 3428/3428
f 3432/3432 3433/3433 3434/3434
f 3434/3434 3435/3435 3432/3432
f 3436/3436 3437/3437 3438/3438
f 3438/3438 3439/3439 3436/3436
f 3439/3439 3438/3438 3440/3440
f 3440/3440 3441/3441 3439/3439
f 3441/3441 3440/3440 3442/3442
f 3442/3442 3443/3443 3441/3441
f 3444/3444 3445/3445 3446/3446
f 3446/3446 3447/3447 3444/3444
f 3447/3447 3446/3446 3448/3448
f 3448/3448 3449/3449 3447/3447
f 3449/3449 3448/3448 3450/3450
f 3450/3450 3451/3451 3449/3449
f 3452/3452 3453/3453 3454/3454
f 3454/3454 3455/3455 3452/3452
f 3455/3455 3454/3454 3456/3456
f 3456/3456 3457/3457 3455/3455
f 3457/3457 3456/3456 3458/3458
f 3458/3458 3459/3459 3457/3457
f 3460/3460 3461/3461 3462/3462
f 3462/3462 3463/3463 3460/3460
f 3463/3463 3462/3462 3464/3464
f 3464/3464 3465/3465 3463/3463
f 3465/3465 3464/3464 3466/3466
f 3466/3466 3467/3467 3465/3465
f 3468/3468 3469/3469 3470/3470
f 3470/3470 3471/3471 3468/3468
f 3471/3471 3470/3470 3472/3472
f 3472/3472 3473/3473 3471/3471
f 3473/3473 3472/3472 3474/3474
f 3474/3474 3475/3475 3473/3473
f 3476/3476 3477/3477 3478/3478
f 3478/3478 3479/3479 3476/3476
f 3479/3479 3478/3478 3480/3480
f 3480/3480 3481/3481 3479/3479
f 3481/3481 3480/3480 3482/3482
f 3482/3482 3483/3483 3481/3481
f 3484/3484 3485/3485 3486/3486
f 3486/3486 3487/3487 3484/3484
f 3487/3487 3486/3486 3488/3488
f 3488/3488 3489/3489 3487/3487
f 3489/3489 3488/3488 3490/3490
f 3490/3490 3491/3491 3489/3489
f 3492/3492 3493/3493 3494/3494
f 3494/3494 3495/3495 3492/3492
f 3495/3495 3494/3494 3496/3496
f 3496/3496 3497/3497 3495/3495
f 3497/3497 3496/3496 3498/3498
f 3498/3498 3499/3499 3497/3497
f 3500/3500 3501/3501 3502/3502
f 3502/3502 3503/3503 3500/3500
f 3504/3504 3505/3505 3506/3506
f 3506/3506 3507/3507 3504/3504
f 3508/3508 3509/3509 3510/3510
f 3510/3510 3511/3511 3508/3508
f 3512/3512 3513/3513 3514/3514
f 3514/3514 3515/3515 3512/3512
f 3516/3516 3517/3517 3518/3518
f 3518/3518 3519/3519 3516/3516
f 3520/3520 3521/3521 3522/3522
f 3522/3522 3523/3523 3520/3520
f 3524/3524 3525/3525 3526/3526
f 3526/3526 3527/3527 3524/3524
f 3527/3527 3526/3526 3528/3528
f 3528/3528 3529/3529 3527/3527
f 3529/3529 3528/3528 3530/3530
f 3530/3530 3531/3531 3529/3529
f 3532/3532 3533/3533 3534/3534
f 3534/3534 3535/3535 3532/3532
f 3535/3535 3534/3534 3536/3536
f 3536/3536 3537/3537 3535/3535
f 3537/3537 3536/3536 3538/3538
f 3538/3538 3539/3539 3537/3537
f 3540/3540 3541/3541 3542/3542
f 3542/3542 3543/3543 3540/3540
f 3543/3543 3542/3542 3544/3544
f 3544/3544 3545/3545 3543/3543
f 3545/3545 3544/3544 3546/3546
f 3546/3546 3547/3547 3545/3545
f 3548/3548 3549/3549 3550/3550
f 3550/3550 3551/3551 3548/3548
f 3551/3551 3550/3550 3552/3552
f 3552/3552 3553/3553 3551/3551
f 3553/3553 3552/3552 3554/3554
f 3554/3554 3555/3555 3553/3553
f 3556/3556 3557/3557 3558/3558
f 3558/3558 3559/3559 3556/3556
f 3559/3559 3558/3558 3560/3560
f 3560/3560 3561/3561 3559/3559
f 3561/3561 3560/3560 3562/3562
f 3562/3562 3563/3563 3561/3561
f 3564/3564 3565/3565 3566/3566
f 3566/3566 3567/3567 3564/3564
f 3567/3567 3566/3566 3568/3568
f 3568/3568 3569/3569 3567/3567
f 3569/3569 3568/3568 3570/3570
f 3570/3570 3571/3571 3569/3569
f 3572/3572 3573/3573 3574/3574
f 3574/3574 3575/3575 3572/3572
f 3575/3575 3574/3574 3576/3576
f 3576/3576 3577/3577 3575/3575
f 3577/3577 3576/3576 3578/3578
f 3578/3578 3579/3579 3577/3577
f 3580/3580 3581/3581 3582/3582
f 3582/3582 3583/3583 3580/3580
f 3583/3583 3582/3582 3584/3584
f 3584/3584 3585/3585 3583/3583
f 3585/3585 3584/3584 3586/3586
f 3586/3586 3587/3587 3585/3585

o Corridor_Wall_01_10
usemtl Light_01
v 44.75162842 1.13204164 3.83904235
v 44.75163330 -1.16444167 3.83904001
v 44.75163330 -1.16444197 3.81301950
v 44.75162842 1.13204164 3.81302124
v 44.35135986 1.13204225 3.81302124
v 44.35135986 1.13204225 3.83904235
v 44.75162842 1.13204164 3.83904235
v 44.75162842 1.13204164 3.81302124
v 44.55149658 1.13204164 3.75859252
v 44.35136475 -1.16444136 3.83904001
v 44.35135986 1.13204225 3.83904235
v 44.35135986 1.13204225 3.81302124
v 44.35136475 -1.16444197 3.81301950
v 44.75163330 -1.16444197 3.81301950
v 44.75163330 -1.16444167 3.83904001
v 44.35136475 -1.16444136 3.83904001
v 44.35136475 -1.16444197 3.81301950
v 44.55149658 -1.16444198 3.75859079
v 44.75162842 1.13204164 3.81302124
v 44.75163330 -1.16444197 3.81301950
v 44.55149658 -1.16444198 3.75859079
v 44.55149658 1.13204164 3.75859252
v 44.35136475 -1.16444197 3.81301950
v 44.35135986 1.13204225 3.81302124
v 35.03918701 1.13204164 3.83904235
v 35.03919189 -1.16444167 3.83904001
v 35.03919189 -1.16444197 3.81301950
v 35.03918701 1.13204164 3.81302124
v 34.63891846 1.13204225 3.81302124
v 34.63891846 1.13204225 3.83904235
v 35.03918701 1.13204164 3.83904235
v 35.03918701 1.13204164 3.81302124
v 34.83905518 1.13204164 3.75859252
v 34.63892334 -1.16444136 3.83904001
v 34.63891846 1.13204225 3.83904235
v 34.63891846 1.13204225 3.81302124
v 34.63892334 -1.16444197 3.81301950
v 35.03919189 -1.16444197 3.81301950
v 35.03919189 -1.16444167 3.83904001
v 34.63892334 -1.16444136 3.83904001
v 34.63892334 -1.16444197 3.81301950
v 34.83905518 -1.16444198 3.75859079
v 35.03918701 1.13204164 3.81302124
v 35.03919189 -1.16444197 3.81301950
v 34.83905518 -1.16444198 3.75859079
v 34.83905518 1.13204164 3.75859252
v 34.63892334 -1.16444197 3.81301950
v 34.63891846 1.13204225 3.81302124
v 15.61430420 1.13204164 3.83904235
v 15.61430908 -1.16444167 3.83904001
v 15.61430908 -1.16444197 3.81301950
v 15.61430420 1.13204164 3.81302124
v 15.21403564 1.13204225 3.81302124
v 15.21403564 1.13204225 3.83904235
v 15.61430420 1.13204164 3.83904235
v 15.61430420 1.13204164 3.81302124
v 15.41417236 1.13204164 3.75859252
v 15.21404053 -1.16444136 3.83904001
v 15.21403564 1.13204225 3.83904235
v 15.21403564 1.13204225 3.81302124
v 15.21404053 -1.16444197 3.81301950
v 15.61430908 -1.16444197 3.81301950
v 15.61430908 -1.16444167 3.83904001
v 15.21404053 -1.16444136 3.83904001
v 15.21404053 -1.16444197 3.81301950
v 15.41417236 -1.16444198 3.75859079
v 15.61430420 1.13204164 3.81302124
v 15.61430908 -1.16444197 3.81301950
v 15.41417236 -1.16444198 3.75859079
v 15.41417236 1.13204164 3.75859252
v 15.21404053 -1.16444197 3.81301950
v 15.21403564 1.13204225 3.81302124
v 53.32292969 1.13204160 3.83904235
v 53.32293457 -1.16444167 3.83904001
v 53.32293457 -1.16444197 3.81301950
v 53.32292969 1.13204160 3.81302124
v 52.92266113 1.13204221 3.81302124
v 52.92266113 1.13204221 3.83904235
v 53.32292969 1.13204160 3.83904235
v 53.32292969 1.13204160 3.81302124
v 53.12279785 1.13204160 3.75859252
v 52.92266602 -1.16444136 3.83904001
v 52.92266113 1.13204221 3.83904235
v 52.92266113 1.13204221 3.81302124
v 52.92266602 -1.16444197 3.81301950
v 53.32293457 -1.16444197 3.81301950
v 53.32293457 -1.16444167 3.83904001
v 52.92266602 -1.16444136 3.83904001
v 52.92266602 -1.16444197 3.81301950
v 53.12279785 -1.16444198 3.75859079
v 53.32292969 1.13204160 3.81302124
v 53.32293457 -1.16444197 3.81301950
v 53.12279785 -1.16444198 3.75859079
v 53.12279785 1.13204160 3.75859252
v 52.92266602 -1.16444197 3.81301950
v 52.92266113 1.13204221 3.81302124
vt 0.81699032 1.42545235
vt -0.18200964 1.42545164
vt -0.18200976 1.41141880
vt 0.81699032 1.41141951
vt -2.60543132 0.73199177
vt -2.60543132 0.73199177
vt -2.60543132 0.60978043
vt -2.60543132 0.60978043
vt -2.60543132 0.67088610
vt 0.81699008 1.18317091
vt -0.18200976 1.18317163
vt -0.18200976 1.16913879
vt 0.81699032 1.16913795
vt 4.71657705 0.60978073
vt 4.71657705 0.60978073
vt 4.71657658 0.73199177
vt 4.71657658 0.73199177
vt 4.71657658 0.67088628
vt -0.18200976 1.18981636
vt 0.81699032 1.18981755
vt 0.81699032 1.29774606
vt -0.18200976 1.29774535
vt 0.81699032 1.40567434
vt -0.18200976 1.40567338
vt 0.81699032 1.42545235
vt -0.18200964 1.42545164
vt -0.18200976 1.41141880
vt 0.81699032 1.41141951
vt -2.60543132 0.73199177
vt -2.60543132 0.73199177
vt -2.60543132 0.60978043
vt -2.60543132 0.60978043
vt -2.60543132 0.67088610
vt 0.81699008 1.18317091
vt -0.18200976 1.18317163
vt -0.18200976 1.16913879
vt 0.81699032 1.16913795
vt 4.71657705 0.60978073
vt 4.71657705 0.60978073
vt 4.71657658 0.73199177
vt 4.71657658 0.73199177
vt 4.71657658 0.67088628
vt -0.18200976 1.18981636
vt 0.81699032 1.18981755
vt 0.81699032 1.29774606
vt -0.18200976 1.29774535
vt 0.81699032 1.40567434
vt -0.18200976 1.40567338
vt 0.81699032 1.42545235
vt -0.18200964 1.42545164
vt -0.18200976 1.41141880
vt 0.81699032 1.41141951
vt -2.60543132 0.73199177
vt -2.60543132 0.73199177
vt -2.60543132 0.60978043
vt -2.60543132 0.60978043
vt -2.60543132 0.67088610
vt 0.81699008 1.18317091
vt -0.18200976 1.18317163
vt -0.18200976 1.16913879
vt 0.81699032 1.16913795
vt 4.71657705 0.60978073
vt 4.71657705 0.60978073
vt 4.71657658 0.73199177
vt 4.71657658 0.73199177
vt 4.71657658 0.67088628
vt -0.18200976 1.18981636
vt 0.81699032 1.18981755
vt 0.81699032 1.29774606
vt -0.18200976 1.29774535
vt 0.81699032 1.40567434
vt -0.18200976 1.40567338
vt 0.81699032 1.42545235
vt -0.18200964 1.42545164
vt -0.18200976 1.41141880
vt 0.81699032 1.41141951
vt -2.60543132 0.73199177
vt -2.60543132 0.73199177
vt -2.60543132 0.60978043
vt -2.60543132 0.60978043
vt -2.60543132 0.67088610
vt 0.81699008 1.18317091
vt -0.18200976 1.18317163
vt -0.18200976 1.16913879
vt 0.81699032 1.16913795
vt 4.71657705 0.60978073
vt 4.71657705 0.60978073
vt 4.71657658 0.73199177
vt 4.71657658 0.73199177
vt 4.71657658 0.67088628
vt -0.18200976 1.18981636
vt 0.81699032 1.18981755
vt 0.81699032 1.29774606
vt -0.18200976 1.29774535
vt 0.81699032 1.40567434
vt -0.18200976 1.40567338
f 3588/3588 3589/3589 3590/3590
f 3590/3590 3591/3591 3588/3588
f 3592/3592 3593/3593 3594/3594
f 3594/3594 3595/3595 3592/3592
f 3595/3595 3596/3596 3592/3592
f 3597/3597 3598/3598 3599/3599
f 3599/3599 3600/3600 3597/3597
f 3601/3601 3602/3602 3603/3603
f 3603/3603 3604/3604 3601/3601
f 3604/3604 3605/3605 3601/3601
f 3606/3606 3607/3607 3608/3608
f 3608/3608 3609/3609 3606/3606
f 3609/3609 3608/3608 3610/3610
f 3610/3610 3611/3611 3609/3609
f 3612/3612 3613/3613 3614/3614
f 3614/3614 3615/3615 3612/3612
f 3616/3616 3617/3617 3618/3618
f 3618/3618 3619/3619 3616/3616
f 3619/3619 3620/3620 3616/3616
f 3621/3621 3622/3622 3623/3623
f 3623/3623 3624/3624 3621/3621
f 3625/3625 3626/3626 3627/3627
f 3627/3627 3628/3628 3625/3625
f 3628/3628 3629/3629 3625/3625
f 3630/3630 3631/3631 3632/3632
f 3632/3632 3633/3633 3630/3630
f 3633/3633 3632/3632 3634/3634
f 3634/3634 3635/3635 3633/3633
f 3636/3636 3637/3637 3638/3638
f 3638/3638 3639/3639 3636/3636
f 3640/3640 3641/3641 3642/3642
f 3642/3642 3643/3643 3640/3640
f 3643/3643 3644/3644 3640/3640
f 3645/3645 3646/3646 3647/3647
f 3647/3647 3648/3648 3645/3645
f 3649/3649 3650/3650 3651/3651
f 3651/3651 3652/3652 3649/3649
f 3652/3652 3653/3653 3649/3649
f 3654/3654 3655/3655 3656/3656
f 3656/3656 3657/3657 3654/3654
f 3657/3657 3656/3656 3658/3658
f 3658/3658 3659/3659 3657/3657
f 3660/3660 3661/3661 3662/3662
f 3662/3662 3663/3663 3660/3660
f 3664/3664 3665/3665 3666/3666
f 3666/3666 3667/3667 3664/3664
f 3667/3667 3668/3668 3664/3664
f 3669/3669 3670/3670 3671/3671
f 3671/3671 3672/3672 3669/3669
f 3673/3673 3674/3674 3675/3675
f 3675/3675 3676/3676 3673/3673
f 3676/3676 3677/3677 3673/3673
f 3678/3678 3679/3679 3680/3680
f 3680/3680 3681/3681 3678/3678
f 3681/3681 3680/3680 3682/3682
f 3682/3682 3683/3683 3681/3681

o Corridor_Wall_01_11
usemtl Window_01
v 25.32674561 1.13204103 3.83904235
v 25.32675049 -1.16444136 3.83904001
v 25.32675049 -1.16444167 3.81301950
v 25.32674561 1.13204103 3.81302124
v 24.92647705 1.13204164 3.81302124
v 24.92647705 1.13204164 3.83904235
v 25.32674561 1.13204103 3.83904235
v 25.32674561 1.13204103 3.81302124
v 25.12661377 1.13204103 3.75859252
v 24.92648193 -1.16444136 3.83904001
v 24.92647705 1.13204164 3.83904235
v 24.92647705 1.13204164 3.81302124
v 24.92648193 -1.16444197 3.81301950
v 25.32675049 -1.16444167 3.81301950
v 25.32675049 -1.16444136 3.83904001
v 24.92648193 -1.16444136 3.83904001
v 24.92648193 -1.16444197 3.81301950
v 25.12661377 -1.16444198 3.75859079
v 25.32674561 1.13204103 3.81302124
v 25.32675049 -1.16444167 3.81301950
v 25.12661377 -1.16444198 3.75859079
v 25.12661377 1.13204103 3.75859252
v 24.92648193 -1.16444197 3.81301950
v 24.92647705 1.13204164 3.81302124
vt 0.81699032 1.42545235
vt -0.18200964 1.42545164
vt -0.18200976 1.41141880
vt 0.81699032 1.41141951
vt -2.60543132 0.73199177
vt -2.60543132 0.73199177
vt -2.60543132 0.60978043
vt -2.60543132 0.60978043
vt -2.60543132 0.67088610
vt 0.81699008 1.18317091
vt -0.18200976 1.18317163
vt -0.18200976 1.16913879
vt 0.81699032 1.16913795
vt 4.71657705 0.60978073
vt 4.71657705 0.60978073
vt 4.71657658 0.73199177
vt 4.71657658 0.73199177
vt 4.71657658 0.67088628
vt -0.18200976 1.18981636
vt 0.81699032 1.18981755
vt 0.81699032 1.29774606
vt -0.18200976 1.29774535
vt 0.81699032 1.40567434
vt -0.18200976 1.40567338
f 3684/3684 3685/3685 3686/3686
f 3686/3686 3687/3687 3684/3684
f 3688/3688 3689/3689 3690/3690
f 3690/3690 3691/3691 3688/3688
f 3691/3691 3692/3692 3688/3688
f 3693/3693 3694/3694 3695/3695
f 3695/3695 3696/3696 3693/3693
f 3697/3697 3698/3698 3699/3699
f 3699/3699 3700/3700 3697/3697
f 3700/3700 3701/3701 3697/3697
f 3702/3702 3703/3703 3704/3704
f 3704/3704 3705/3705 3702/3702
f 3705/3705 3704/3704 3706/3706
f 3706/3706 3707/3707 3705/3705

o Corridor_Wall_01_13
usemtl Material.006_BaseColor.1001
v 37.83620361 1.63872202 2.27616666
v 37.83621094 1.63872193 1.92355329
v 37.85568604 1.63872193 1.92355329
v 37.81042236 1.63151137 1.58415708
v 37.83065186 1.63151147 1.92355329
v 37.81042236 1.63151147 1.92355329
v 36.99162354 1.63664077 1.56489606
v 36.98711914 1.63810958 1.57235120
v 36.99068604 1.63811233 1.56372556
v 36.99162354 1.63664077 1.56489606
v 36.98803711 1.63663142 1.57357831
v 36.98711914 1.63810958 1.57235120
v 37.83621094 1.63872193 1.92355329
v 37.83486084 1.63810972 2.27472867
v 37.83486084 1.63810807 1.92355329
v 37.83621094 1.63872193 1.92355329
v 37.83620361 1.63872202 2.27616666
v 37.83486084 1.63810972 2.27472867
v 37.83619385 1.63872188 1.57084012
v 37.83486084 1.63810807 1.92355329
v 37.83485596 1.63810958 1.57234861
v 37.83205811 1.63208060 1.57601377
v 37.83065186 1.63151147 1.92355329
v 37.83065186 1.63151137 1.57674726
v 37.10842041 1.60255425 1.86469236
v 37.10802246 1.60236748 1.87907285
v 37.10802246 1.60236748 1.86469236
v 37.10717529 1.62613068 1.94904248
v 37.10220703 1.62597359 1.94547773
v 37.10793213 1.62597359 1.94784879
v 37.10690674 1.62615189 1.94911695
v 37.10162354 1.62616429 1.94648648
v 37.10690674 1.62638528 1.95218656
v 37.85566895 1.79348002 2.30876706
v 37.85873779 1.64369982 2.29823178
v 37.85873779 1.79348002 2.29829983
v 37.85564941 1.64369982 2.30874707
v 37.84726807 1.79845767 1.53906582
v 37.85492432 1.79845767 1.54675183
v 37.85266846 1.79845767 1.54131329
v 37.84726807 1.79845767 1.54675183
v 37.85492920 1.79845776 1.92355328
v 37.41098633 1.79845767 1.53905987
v 37.84726807 1.79845776 1.92355328
v 37.85450928 1.79845782 2.29905880
v 37.41098633 1.79845767 1.54675183
v 37.84726807 1.79845782 2.30035458
v 37.85250732 1.79845782 2.30586056
v 37.84726807 1.79845782 2.30804058
v 37.41098633 1.79845776 1.92355328
v 37.41098633 1.79845782 2.30035458
v 37.41098633 1.79845782 2.30804654
v 36.97470459 1.79845782 2.30804058
v 36.97470459 1.79845782 2.30035458
v 36.96928955 1.79845782 2.30578701
v 36.96703369 1.79845782 2.30035458
v 36.97470459 1.79845776 1.92355328
v 36.96702881 1.79845776 1.92355328
v 36.97470459 1.79845767 1.54675183
v 36.96703369 1.79845767 1.54675183
v 36.97470459 1.79845767 1.53906582
v 36.96928955 1.79845767 1.54131939
v 37.83298340 1.63345492 2.27195890
v 37.83393311 1.63662598 1.92355329
v 37.83393555 1.63663157 2.27352796
v 37.83298340 1.63346001 1.92355329
v 37.83393555 1.63663142 1.57357831
v 37.83298340 1.63345481 1.57514753
v 37.00286621 1.63151137 1.56531095
v 36.99132080 1.63151137 1.57674726
v 36.99464111 1.63151137 1.56871610
v 37.01155029 1.63151137 1.58415708
v 36.99132080 1.63151147 1.92355329
v 37.41098633 1.63151137 1.56531430
v 37.01155029 1.63151147 1.92355329
v 36.99132080 1.63151156 2.27035917
v 37.41098633 1.63151137 1.58415708
v 37.01155029 1.63151156 2.26294934
v 36.99464111 1.63151156 2.27839032
v 37.00286621 1.63151156 2.28179563
v 37.41098633 1.63151147 1.92355329
v 37.41098633 1.63151156 2.26294934
v 37.41098633 1.63151156 2.28179197
v 37.81910645 1.63151156 2.28179563
v 37.81042236 1.63151156 2.26294934
v 37.82733154 1.63151156 2.27839032
v 37.83065186 1.63151156 2.27035917
v 37.81042236 1.63151147 1.92355329
v 37.81042236 1.63151137 1.58415708
v 37.81910645 1.63151137 1.56531095
v 37.82733154 1.63151137 1.56871610
v 36.96630371 1.79348002 2.30876706
v 36.97477539 1.64369982 2.31225248
v 36.97470703 1.79348006 2.31225247
v 36.96632324 1.64369982 2.30874707
v 37.85572754 1.63872188 1.55040387
v 37.83262695 1.63872188 1.56225095
v 37.85224121 1.63872184 1.54189496
v 37.83619385 1.63872188 1.57084012
v 37.83621094 1.63872193 1.92355329
v 37.85568604 1.63872193 1.92355329
v 37.83620361 1.63872202 2.27616666
v 37.85528809 1.63872202 2.29485044
v 37.85225586 1.63872202 2.30522580
v 37.83260986 1.63872202 2.28483792
v 36.98803711 1.63663157 2.27352796
v 36.99262695 1.63344630 2.28073743
v 36.99162354 1.63664088 2.28221036
v 36.98898926 1.63345492 2.27195890
v 36.96971191 1.63872202 2.30523130
v 36.98935547 1.63872202 2.28484586
v 36.99793457 1.63872202 2.28841184
v 36.97819336 1.63872202 2.30873471
v 37.41098633 1.63872202 2.28841977
v 37.41098633 1.63872202 2.30871244
v 37.84377686 1.63872202 2.30873136
v 37.82403320 1.63872202 2.28840726
v 37.83260986 1.63872202 2.28483792
v 37.85225586 1.63872202 2.30522580
v 37.85915039 1.79347996 1.92355328
v 37.85915039 1.64369973 1.92355329
v 37.85915039 1.79347987 1.54675412
v 37.85915039 1.64369967 1.54682218
v 37.84726562 1.79348006 2.31225247
v 37.85564941 1.64369982 2.30874707
v 37.85566895 1.79348002 2.30876706
v 37.84719727 1.64369982 2.31225248
v 37.82934570 1.63344619 1.56636899
v 37.83034912 1.63664077 1.56489606
v 36.99162354 1.63664088 2.28221036
v 37.00140381 1.63344271 2.28437375
v 37.00028809 1.63664484 2.28580655
v 36.99262695 1.63344630 2.28073743
v 37.83034912 1.63664088 2.28221036
v 37.82934570 1.63344630 2.28073743
v 37.85224121 1.63872184 1.54189496
v 37.83262695 1.63872188 1.56225095
v 37.82404541 1.63872188 1.55868543
v 37.84376465 1.63872184 1.53838651
v 37.41098633 1.63872184 1.53840192
v 37.41098633 1.63872188 1.55867719
v 36.99792969 1.63872188 1.55868879
v 36.97819824 1.63872184 1.53837659
v 36.98935059 1.63872188 1.56225675
v 36.96971436 1.63872184 1.54187848
v 36.96282227 1.79347996 1.92355328
v 36.96282227 1.64369982 2.30028424
v 36.96282227 1.79348002 2.30035244
v 36.96282227 1.64369973 1.92355329
v 36.96282227 1.79347987 1.54675412
v 36.96282227 1.64369967 1.54682218
v 37.00028809 1.63664466 1.56129987
v 36.99262695 1.63344619 1.56636899
v 36.99162354 1.63664077 1.56489606
v 37.00140381 1.63344253 1.56273267
v 36.96971436 1.63872184 1.54187848
v 36.98935059 1.63872188 1.56225675
v 36.98578857 1.63872188 1.57084867
v 36.96622070 1.63872188 1.55037915
v 36.98577637 1.63872193 1.92355329
v 36.96624512 1.63872193 1.92355329
v 36.98579102 1.63872202 2.27625516
v 36.96621826 1.63872202 2.29672940
v 36.98935547 1.63872202 2.28484586
v 36.96971191 1.63872202 2.30523130
v 36.96630371 1.79347987 1.53833935
v 36.96632324 1.64369964 1.53835935
v 36.98898926 1.63345481 1.57514753
v 36.99262695 1.63344619 1.56636899
v 36.96632324 1.64369982 2.30874707
v 36.96630371 1.79348002 2.30876706
v 37.84719727 1.64369964 1.53485395
v 37.85566895 1.79347987 1.53833935
v 37.85564941 1.64369964 1.53835935
v 37.84726562 1.79347987 1.53485394
v 37.41098633 1.63344302 2.28437406
v 37.41098633 1.63664442 2.28580625
v 37.82168457 1.63664484 2.28580655
v 37.82056885 1.63344271 2.28437375
v 36.98803955 1.63662598 1.92355329
v 36.98898926 1.63346001 1.92355329
v 37.82934570 1.63344630 2.28073743
v 37.83034912 1.63664088 2.28221036
v 37.41098633 1.63664428 1.56130017
v 37.41098633 1.63344291 1.56273252
v 37.82056885 1.63344253 1.56273267
v 37.82168457 1.63664466 1.56129987
v 37.83034912 1.63664077 1.56489606
v 37.82934570 1.63344619 1.56636899
v 37.41098633 1.64369982 2.31225248
v 37.41098633 1.79348002 2.31225247
v 37.41098633 1.79347987 1.53485394
v 36.97477539 1.64369964 1.53485395
v 36.97470703 1.79347987 1.53485394
v 37.41098633 1.64369964 1.53485395
v 36.96632324 1.64369964 1.53835935
v 36.96630371 1.79347987 1.53833935
v 37.85564941 1.64369964 1.53835935
v 37.85566895 1.79347987 1.53833935
v 37.84726807 1.79699988 2.31101895
v 37.85474365 1.79699988 2.30791592
v 37.85474365 1.79699988 2.30791592
v 37.84726807 1.79699988 2.31101895
v 37.85465576 1.64018000 2.30771543
v 37.84619385 1.64018000 2.31122098
v 37.84619385 1.64018000 2.31122098
v 37.85465576 1.64018000 2.30771543
v 37.85750000 1.79699988 2.29852307
v 37.85750000 1.79699988 2.29852307
v 37.85474365 1.79699988 2.30791592
v 37.85772705 1.64017996 2.29724057
v 37.85465576 1.64018000 2.30771543
v 37.85465576 1.64018000 2.30771543
v 37.85772705 1.64017996 2.29724057
v 37.84619141 1.64017981 1.53588864
v 37.85465088 1.64017981 1.53939511
v 37.85465088 1.64017981 1.53939511
v 37.84619141 1.64017981 1.53588864
v 37.85479004 1.79699969 1.53921017
v 37.84726807 1.79699969 1.53608761
v 37.84726807 1.79699969 1.53608761
v 37.85479004 1.79699969 1.53921017
v 37.85465088 1.64017981 1.53939511
v 37.85814697 1.64017981 1.54787213
v 37.85814697 1.64017981 1.54787213
v 37.85465088 1.64017981 1.53939511
v 37.85791260 1.79699969 1.54675244
v 37.85479004 1.79699969 1.53921017
v 37.85791260 1.79699969 1.54675244
v 36.96405762 1.79699988 2.30035397
v 36.96717773 1.79699988 2.30789456
v 36.96717773 1.79699988 2.30789456
v 36.96405762 1.79699988 2.30035397
v 36.96731689 1.64018000 2.30771711
v 36.96381836 1.64017996 2.29924222
v 36.96381836 1.64017996 2.29924222
v 36.96731689 1.64018000 2.30771711
v 36.97470459 1.79699988 2.31101895
v 36.97470459 1.79699988 2.31101895
v 36.96717773 1.79699988 2.30789456
v 36.97577637 1.64018000 2.31122220
v 36.96731689 1.64018000 2.30771711
v 36.96731689 1.64018000 2.30771711
v 36.97577637 1.64018000 2.31122220
v 36.96381836 1.64017981 1.54786481
v 36.96731689 1.64017981 1.53939038
v 36.96731689 1.64017981 1.53939038
v 36.96381836 1.64017981 1.54786481
v 36.96717773 1.79699969 1.53921200
v 36.96405762 1.79699969 1.54675244
v 36.96405762 1.79699969 1.54675244
v 36.96717773 1.79699969 1.53921200
v 36.96731689 1.64017981 1.53939038
v 36.97577881 1.64017981 1.53588575
v 36.97577881 1.64017981 1.53588575
v 36.96731689 1.64017981 1.53939038
v 36.97470459 1.79699969 1.53608761
v 36.96717773 1.79699969 1.53921200
v 36.97470459 1.79699969 1.53608761
v 37.41098633 1.79699969 1.53608593
v 37.41098633 1.79699969 1.53608593
v 37.41098633 1.64017981 1.53589307
v 37.41098633 1.64017981 1.53589307
v 37.41098633 1.79699988 2.31102047
v 37.41098633 1.79699988 2.31102047
v 37.85791260 1.79699978 1.92355328
v 37.85791260 1.79699978 1.92355328
v 37.85813477 1.64017991 1.92355329
v 37.85813477 1.64017991 1.92355329
v 37.41098633 1.64018000 2.31121564
v 37.41098633 1.64018000 2.31121564
v 36.96405518 1.79699978 1.92355328
v 36.96405518 1.79699978 1.92355328
v 36.96382568 1.64017991 1.92355329
v 36.96382568 1.64017991 1.92355329
v 37.83393555 1.63663142 1.57357831
v 37.83128662 1.63811233 1.56372388
v 37.83034912 1.63664077 1.56489606
v 37.83262695 1.63872188 1.56225095
v 37.82267578 1.63811347 1.56014920
v 37.83128662 1.63811233 1.56372388
v 37.83128662 1.63811233 1.56372388
v 37.82404541 1.63872188 1.55868543
v 37.83262695 1.63872188 1.56225095
v 37.82267578 1.63811347 1.56014920
v 37.82168457 1.63664484 2.28580655
v 37.83128174 1.63811243 2.28337751
v 37.82267334 1.63811362 2.28695310
v 37.83034912 1.63664088 2.28221036
v 37.83260986 1.63872202 2.28483792
v 37.82403320 1.63872202 2.28840726
v 37.83034912 1.63664088 2.28221036
v 37.83128174 1.63811243 2.28337751
v 37.83393555 1.63663157 2.27352796
v 37.83260986 1.63872202 2.28483792
v 36.99068604 1.63811233 1.56372556
v 36.99929687 1.63811347 1.56015012
v 36.99929687 1.63811347 1.56015012
v 36.98935059 1.63872188 1.56225675
v 36.99792969 1.63872188 1.55868879
v 36.99068604 1.63811233 1.56372556
v 36.98578857 1.63872188 1.57084867
v 36.98935059 1.63872188 1.56225675
v 36.99068848 1.63811243 2.28337979
v 36.98711914 1.63810972 2.27475461
v 36.98711914 1.63810972 2.27475461
v 36.98935547 1.63872202 2.28484586
v 36.98579102 1.63872202 2.27625516
v 36.99068848 1.63811243 2.28337979
v 36.99162354 1.63664088 2.28221036
v 36.99929932 1.63811362 2.28695447
v 36.99068848 1.63811243 2.28337979
v 37.00028809 1.63664484 2.28580655
v 36.99793457 1.63872202 2.28841184
v 36.98935547 1.63872202 2.28484586
v 37.41098633 1.63872188 1.55867719
v 37.82404541 1.63872188 1.55868543
v 37.41098633 1.63811336 1.56014692
v 36.99792969 1.63872188 1.55868879
v 37.83486084 1.63810807 1.92355329
v 37.83486084 1.63810972 2.27472867
v 37.83485596 1.63810958 1.57234861
v 37.41098633 1.63811350 2.28695676
v 37.41098633 1.63872202 2.28841977
v 37.82267334 1.63811362 2.28695310
v 37.41098633 1.63811350 2.28695676
v 36.99929932 1.63811362 2.28695447
v 36.98577637 1.63872193 1.92355329
v 36.98711426 1.63810807 1.92355329
v 36.98711426 1.63810807 1.92355329
v 37.82850342 1.63207805 1.56742597
v 37.83205811 1.63208060 1.57601377
v 37.82934570 1.63344619 1.56636899
v 37.83298340 1.63345481 1.57514753
v 37.82850342 1.63207805 1.56742597
v 37.81986328 1.63207702 1.56384580
v 37.82850342 1.63207805 1.56742597
v 37.81986328 1.63207702 1.56384580
v 37.82850342 1.63207819 2.27968045
v 37.81986328 1.63207712 2.28326078
v 37.81986328 1.63207712 2.28326078
v 37.82934570 1.63344630 2.28073743
v 37.82056885 1.63344271 2.28437375
v 37.82850342 1.63207819 2.27968045
v 37.83205811 1.63208075 2.27109281
v 37.82850342 1.63207819 2.27968045
v 37.83298340 1.63345492 2.27195890
v 37.82934570 1.63344630 2.28073743
v 37.83205811 1.63208075 2.27109281
v 36.99346924 1.63207805 1.56742597
v 37.00210938 1.63207702 1.56384580
v 37.00210938 1.63207702 1.56384580
v 36.99346924 1.63207805 1.56742597
v 36.98991455 1.63208060 1.57601377
v 36.99346924 1.63207805 1.56742597
v 36.98991455 1.63208060 1.57601377
v 36.99346924 1.63207819 2.27968045
v 36.98991455 1.63208075 2.27109281
v 36.98991455 1.63208075 2.27109281
v 36.99346924 1.63207819 2.27968045
v 37.00210938 1.63207712 2.28326078
v 36.99346924 1.63207819 2.27968045
v 37.00140381 1.63344271 2.28437375
v 36.99262695 1.63344630 2.28073743
v 37.00210938 1.63207712 2.28326078
v 37.81910645 1.63151137 1.56531095
v 37.41098633 1.63207709 1.56384671
v 37.81986328 1.63207702 1.56384580
v 37.41098633 1.63151137 1.56531430
v 37.00210938 1.63207702 1.56384580
v 37.00286621 1.63151137 1.56531095
v 37.41098633 1.63207709 1.56384671
v 37.83205811 1.63208075 2.27109281
v 37.83205811 1.63208222 1.92355329
v 37.83205811 1.63208060 1.57601377
v 37.83205811 1.63208222 1.92355329
v 37.83205811 1.63208075 2.27109281
v 37.83065186 1.63151156 2.27035917
v 37.83065186 1.63151147 1.92355329
v 37.83205811 1.63208060 1.57601377
v 37.41098633 1.63207728 2.28325986
v 37.81986328 1.63207712 2.28326078
v 37.00210938 1.63207712 2.28326078
v 37.41098633 1.63207728 2.28325986
v 36.98991455 1.63208222 1.92355329
v 36.98991455 1.63208222 1.92355329
v 37.10624268 1.60946312 1.82155027
v 37.11407471 1.59985558 1.82155027
v 37.10624268 1.59985558 1.82155027
v 37.11407471 1.60946312 1.82155027
v 37.10624268 1.61907059 1.82155027
v 37.11407471 1.61907059 1.82155027
v 37.10842041 1.60255425 1.92221494
v 37.10847412 1.60255425 1.92780866
v 37.10842041 1.60255425 1.92757901
v 37.10860352 1.60255425 1.92800580
v 37.10811279 1.60238736 1.92796277
v 37.10803711 1.60236752 1.92774350
v 37.10822021 1.60236752 1.92816892
v 37.11385742 1.60236752 1.93350797
v 37.11385742 1.60255425 1.93301694
v 37.10865967 1.60255425 1.92221494
v 37.11407471 1.60255425 1.93310285
v 37.11407471 1.60240826 1.93353345
v 37.11429199 1.60255425 1.93301694
v 37.11428955 1.60236752 1.93350797
v 37.11992676 1.60236752 1.92816892
v 37.11407471 1.60255425 1.93296247
v 37.11407471 1.60255425 1.92221494
v 37.10872803 1.60255425 1.91502454
v 37.11407471 1.60255425 1.91502454
v 37.10842041 1.60255425 1.91502454
v 37.10802246 1.60236752 1.92221494
v 37.10802246 1.60236752 1.91502454
v 37.11954590 1.60255425 1.92800580
v 37.11948975 1.60255425 1.92221494
v 37.11967285 1.60255425 1.92780866
v 37.12003418 1.60238736 1.92796277
v 37.11941895 1.60255425 1.91502454
v 37.11972656 1.60255425 1.91502454
v 37.11935059 1.60255425 1.90783429
v 37.11407471 1.60255425 1.90783429
v 37.10879639 1.60255425 1.90783429
v 37.11972656 1.60255425 1.92757901
v 37.12010986 1.60236752 1.92774350
v 37.12012451 1.60236752 1.92221494
v 37.11972656 1.60255425 1.92221494
v 37.12012451 1.60236752 1.91502454
v 37.12012451 1.60236748 1.90783429
v 37.12001953 1.60241654 1.90783429
v 37.12012451 1.60236748 1.89345365
v 37.12001953 1.60241654 1.89345365
v 37.12012451 1.60236748 1.87907285
v 37.11972656 1.60255425 1.87907285
v 37.12012451 1.60236748 1.86469236
v 37.11972656 1.60255425 1.90814786
v 37.11972656 1.60255425 1.90745557
v 37.11961670 1.60255425 1.90772336
v 37.11870117 1.60255425 1.90643277
v 37.11972656 1.60255425 1.86469236
v 37.12012451 1.60236748 1.85031156
v 37.11855713 1.60253388 1.90666364
v 37.11972656 1.60255425 1.85031156
v 37.12007812 1.60236748 1.82363859
v 37.11972656 1.60255425 1.82398984
v 37.11407471 1.60236748 1.82359281
v 37.11407471 1.60255425 1.82398984
v 37.10806885 1.60236748 1.82363859
v 37.11407471 1.60255425 1.85031156
v 37.11407471 1.60255425 1.86469236
v 37.11407471 1.60255425 1.87907285
v 37.10842041 1.60255425 1.82398984
v 37.10802246 1.60236748 1.85031156
v 37.10842041 1.60255425 1.85031156
v 37.10802246 1.60236748 1.86469236
v 37.10842041 1.60255425 1.86469236
v 37.10842041 1.60255425 1.87907285
v 37.10879639 1.60255425 1.89345365
v 37.10802246 1.60236748 1.87907285
v 37.11407471 1.60255425 1.89345365
v 37.10812744 1.60241654 1.89345365
v 37.10802246 1.60236748 1.89345365
v 37.10802246 1.60236748 1.90783429
v 37.10842041 1.60255425 1.89313993
v 37.10812744 1.60241654 1.90783429
v 37.10842041 1.60255425 1.89383222
v 37.10842041 1.60255425 1.90814786
v 37.10842041 1.60255425 1.90745557
v 37.10853027 1.60255425 1.89356443
v 37.10853027 1.60255425 1.90772336
v 37.10944580 1.60255425 1.89485517
v 37.10981934 1.60255425 1.90680875
v 37.10958984 1.60253388 1.90666364
v 37.11407471 1.60255425 1.90680875
v 37.10958984 1.60253388 1.89462415
v 37.10944580 1.60255425 1.90643277
v 37.11009033 1.60239300 1.90652799
v 37.10988037 1.60234002 1.90637204
v 37.10972168 1.60239300 1.90616254
v 37.10972168 1.60239300 1.89512540
v 37.10988037 1.60234002 1.89491559
v 37.11407471 1.60239300 1.90648694
v 37.11832764 1.60255425 1.90680875
v 37.10981934 1.60255425 1.89447904
v 37.11009033 1.60239300 1.89475965
v 37.11407471 1.60239300 1.89480085
v 37.11407471 1.60255425 1.89447904
v 37.11805664 1.60239300 1.89475965
v 37.11832764 1.60255425 1.89447904
v 37.11855713 1.60253388 1.89462415
v 37.11826904 1.60234002 1.89491559
v 37.11870117 1.60255425 1.89485517
v 37.11842773 1.60239300 1.89512540
v 37.11812012 1.60196900 1.89506498
v 37.11842773 1.60239300 1.90616254
v 37.11824219 1.60200375 1.90598096
v 37.11826904 1.60234002 1.90637204
v 37.11812012 1.60196900 1.90622281
v 37.11805664 1.60239300 1.90652799
v 37.11407471 1.60200375 1.90634488
v 37.11820068 1.59987122 1.90592496
v 37.11809326 1.59986588 1.90618070
v 37.11805176 1.59964806 1.90613859
v 37.11407471 1.60946312 1.82155027
v 37.12190430 1.59985558 1.82155027
v 37.11407471 1.59985558 1.82155027
v 37.12190430 1.60946312 1.82155027
v 37.11407471 1.61907059 1.82155027
v 37.12190430 1.61907059 1.82155027
v 37.11385986 1.60191666 1.93386457
v 37.10822021 1.60236752 1.92816892
v 37.11385742 1.60236752 1.93350797
v 37.10799072 1.60191666 1.92826673
v 37.11386230 1.59985146 1.93424192
v 37.10786865 1.60193261 1.92806745
v 37.10811279 1.60238736 1.92796277
v 37.10759766 1.59986748 1.92818418
v 37.10771973 1.59985146 1.92838346
v 37.11386719 1.59962731 1.93439542
v 37.10750000 1.59964722 1.92822568
v 37.10760742 1.59962731 1.92843229
v 37.12012451 1.60236748 1.85031156
v 37.12007812 1.60236748 1.82363859
v 37.12033936 1.60191662 1.82337919
v 37.12033936 1.60191662 1.85031156
v 37.12012451 1.60236748 1.86469236
v 37.12061035 1.59985146 1.82310666
v 37.12033936 1.60191662 1.86469236
v 37.12012451 1.60236748 1.87907285
v 37.12061035 1.59985146 1.85031156
v 37.12073975 1.59962727 1.82297757
v 37.12061035 1.59985146 1.86469236
v 37.12033936 1.60191662 1.87907285
v 37.12012451 1.60236748 1.89345365
v 37.12061035 1.59985146 1.87907285
v 37.12033936 1.60191662 1.89345365
v 37.12012451 1.60236748 1.90783429
v 37.12061035 1.59985146 1.89345365
v 37.12033936 1.60191662 1.90783429
v 37.12012451 1.60236752 1.91502454
v 37.12061035 1.59985146 1.90783429
v 37.12033936 1.60191666 1.91502454
v 37.12012451 1.60236752 1.92221494
v 37.12061035 1.59985146 1.91502454
v 37.12033936 1.60191666 1.92221494
v 37.12010986 1.60236752 1.92774350
v 37.12061035 1.59985146 1.92221494
v 37.12033936 1.60191666 1.92784131
v 37.12027832 1.60193261 1.92806745
v 37.12003418 1.60238736 1.92796277
v 37.12055176 1.59986748 1.92818418
v 37.12061035 1.59985146 1.92795804
v 37.12064697 1.59964722 1.92822568
v 37.12071777 1.59962731 1.92221494
v 37.12072266 1.59962731 1.92800596
v 37.12091553 1.59953446 1.92221494
v 37.11407471 1.60191662 1.82337919
v 37.12007812 1.60236748 1.82363859
v 37.11407471 1.60236748 1.82359281
v 37.12033936 1.60191662 1.82337919
v 37.11407471 1.59985146 1.82310666
v 37.12061035 1.59985146 1.82310666
v 37.11407471 1.59962727 1.82300031
v 37.12073975 1.59962727 1.82297757
v 37.10842041 1.60255425 1.92221494
v 37.10803711 1.60236752 1.92774350
v 37.10802246 1.60236752 1.92221494
v 37.10842041 1.60255425 1.92757901
v 37.10847412 1.60255425 1.92780866
v 37.10781006 1.60191662 1.82337919
v 37.11407471 1.60236748 1.82359281
v 37.10806885 1.60236748 1.82363859
v 37.11407471 1.60191662 1.82337919
v 37.10753662 1.59985146 1.82310666
v 37.11407471 1.59985146 1.82310666
v 37.10740723 1.59962727 1.82297757
v 37.11407471 1.59962727 1.82300031
v 37.10624268 1.61907059 1.82155027
v 37.10609131 1.61925602 1.82166089
v 37.10624268 1.61929772 1.82162702
v 37.10624268 1.61939175 1.82181211
v 37.10605713 1.61929772 1.82181211
v 37.10624268 1.61939175 1.85031156
v 37.10605713 1.61929772 1.85031156
v 37.10624268 1.61939175 1.86469236
v 37.10605713 1.61929772 1.86469236
v 37.10624268 1.61939175 1.87907285
v 37.10605713 1.61929772 1.87907285
v 37.10624268 1.61939175 1.89345365
v 37.10605713 1.61929772 1.89345365
v 37.10624268 1.61939175 1.90783429
v 37.10605713 1.61929772 1.90783429
v 37.10624268 1.61939179 1.91502454
v 37.10605713 1.61929772 1.91502454
v 37.10624268 1.61939179 1.92221494
v 37.10605713 1.61929772 1.92221494
v 37.10624268 1.61939179 1.92851316
v 37.10606445 1.61929772 1.92858930
v 37.10613770 1.61931626 1.92880841
v 37.10629639 1.61939179 1.92874112
v 37.10624268 1.61907059 1.82155027
v 37.10605713 1.61907059 1.82162702
v 37.10609131 1.61925602 1.82166089
v 37.10605713 1.60946312 1.82162702
v 37.10624268 1.60946312 1.82155027
v 37.10605713 1.59985558 1.82162702
v 37.10624268 1.59985558 1.82155027
v 37.12190430 1.61907059 1.82155027
v 37.12190430 1.61929772 1.82162702
v 37.12205566 1.61925602 1.82166089
v 37.12190430 1.61939175 1.82181211
v 37.12208984 1.61929772 1.82181211
v 37.12208984 1.61929772 1.85031156
v 37.12190430 1.61939175 1.85031156
v 37.12208984 1.61929772 1.86469236
v 37.12190430 1.61939175 1.86469236
v 37.12208984 1.61929772 1.87907285
v 37.12190430 1.61939175 1.87907285
v 37.12208984 1.61929772 1.89345365
v 37.12190430 1.61939175 1.89345365
v 37.12208984 1.61929772 1.90783429
v 37.12190430 1.61939175 1.90783429
v 37.12208984 1.61929772 1.91502454
v 37.12190430 1.61939179 1.91502454
v 37.12208984 1.61929772 1.92221494
v 37.12190430 1.61939179 1.92221494
v 37.12208252 1.61929772 1.92858930
v 37.12190430 1.61939179 1.92851316
v 37.12185303 1.61939179 1.92874112
v 37.12200928 1.61931626 1.92880841
v 37.11388428 1.61907063 1.93641477
v 37.11407471 1.61925606 1.93644269
v 37.11394043 1.61929772 1.93636167
v 37.11407471 1.61907063 1.93648984
v 37.11426270 1.61907063 1.93641477
v 37.11420898 1.61929772 1.93636167
v 37.11407471 1.61907063 1.93648984
v 37.12190186 1.61929772 1.92901242
v 37.11426270 1.60946313 1.93641477
v 37.11407471 1.60946313 1.93648969
v 37.12198730 1.61907063 1.92904844
v 37.11426270 1.59985562 1.93641477
v 37.11407471 1.59985562 1.93648969
v 37.12198730 1.60946313 1.92904844
v 37.12198486 1.59985562 1.92904874
v 37.12210938 1.59984559 1.92885175
v 37.12211426 1.60946313 1.92885343
v 37.12210938 1.61908059 1.92885175
v 37.12200928 1.61931626 1.92880841
v 37.11386230 1.59985146 1.93424192
v 37.11407471 1.59962945 1.93446637
v 37.11386719 1.59962731 1.93439542
v 37.11407471 1.59987343 1.93432203
v 37.11407471 1.60195351 1.93392637
v 37.11385986 1.60191666 1.93386457
v 37.11428711 1.59985146 1.93424192
v 37.11407471 1.59962945 1.93446637
v 37.11407471 1.59987343 1.93432203
v 37.11427979 1.59962731 1.93439542
v 37.12190430 1.59985558 1.82155027
v 37.12205566 1.59967018 1.82166089
v 37.12190430 1.59962849 1.82162702
v 37.12208984 1.59985558 1.82162702
v 37.12216797 1.59985558 1.82181211
v 37.12208984 1.59962849 1.82181211
v 37.12208984 1.59962849 1.85031156
v 37.12216797 1.59985558 1.85031156
v 37.12208984 1.59962849 1.86469236
v 37.12216797 1.59985558 1.86469236
v 37.12208984 1.59962849 1.87907285
v 37.12216797 1.59985558 1.87907285
v 37.12208984 1.59962849 1.89345365
v 37.12216797 1.59985558 1.89345365
v 37.12208984 1.59962849 1.90783429
v 37.12216797 1.59985558 1.90783429
v 37.12208984 1.59962853 1.91502454
v 37.12216797 1.59985562 1.91502454
v 37.12208984 1.59962853 1.92221494
v 37.12216797 1.59985562 1.92221494
v 37.12208252 1.59962853 1.92858838
v 37.12216797 1.59985562 1.92862577
v 37.12210938 1.59984559 1.92885175
v 37.12200928 1.59960992 1.92880826
v 37.11426270 1.59985562 1.93641477
v 37.11407471 1.59985562 1.93648969
v 37.11407471 1.59962792 1.93635618
v 37.11433594 1.59962853 1.93623868
v 37.12198486 1.59985562 1.92904874
v 37.12189941 1.59962853 1.92901319
v 37.12200928 1.59960992 1.92880826
v 37.12210938 1.59984559 1.92885175
v 37.11388428 1.59985562 1.93641477
v 37.11407471 1.59962792 1.93635618
v 37.11407471 1.59985562 1.93648969
v 37.11381104 1.59962853 1.93623868
v 37.10624756 1.59962853 1.92901319
v 37.10616211 1.59985562 1.92904874
v 37.10603760 1.59984559 1.92885175
v 37.10613770 1.59960992 1.92880826
v 37.10598145 1.59985558 1.82181211
v 37.10605713 1.59985558 1.82162702
v 37.10609131 1.59967018 1.82166089
v 37.10605713 1.59962849 1.82181211
v 37.10624268 1.59953442 1.82181211
v 37.10598145 1.59985558 1.85031156
v 37.10624268 1.59962849 1.82162702
v 37.10605713 1.59962849 1.85031156
v 37.10598145 1.59985558 1.86469236
v 37.11407471 1.59953442 1.82181211
v 37.11407471 1.59962849 1.82162702
v 37.11407471 1.59953442 1.82280301
v 37.10605713 1.59962849 1.86469236
v 37.10598145 1.59985558 1.87907285
v 37.10723389 1.59953442 1.82280301
v 37.11407471 1.59962727 1.82300031
v 37.10740723 1.59962727 1.82297757
v 37.10624268 1.59953442 1.85031156
v 37.10723389 1.59953442 1.85031156
v 37.10743164 1.59962727 1.85031156
v 37.10605713 1.59962849 1.87907285
v 37.10598145 1.59985558 1.89345365
v 37.10624268 1.59953442 1.86469236
v 37.10723389 1.59953442 1.86469236
v 37.10743164 1.59962727 1.86469236
v 37.10605713 1.59962849 1.89345365
v 37.10598145 1.59985558 1.90783429
v 37.10624268 1.59953442 1.87907285
v 37.10723389 1.59953442 1.87907285
v 37.10743164 1.59962727 1.87907285
v 37.10624268 1.59953442 1.89345365
v 37.10605713 1.59962849 1.90783429
v 37.10723389 1.59953442 1.89345365
v 37.10743164 1.59962727 1.89345365
v 37.10624268 1.59953442 1.90783429
v 37.10605713 1.59962853 1.91502454
v 37.10723389 1.59953442 1.90783429
v 37.10743164 1.59962727 1.90783429
v 37.10624268 1.59953446 1.91502454
v 37.10605713 1.59962853 1.92221494
v 37.10723389 1.59953446 1.91502454
v 37.10743164 1.59962731 1.91502454
v 37.10624268 1.59953446 1.92221494
v 37.10606445 1.59962853 1.92858838
v 37.10723389 1.59953446 1.92221494
v 37.10743164 1.59962731 1.92221494
v 37.10624268 1.59953446 1.92851148
v 37.10723389 1.59953446 1.92808713
v 37.10742432 1.59962731 1.92800596
v 37.10750000 1.59964722 1.92822568
v 37.10730469 1.59954262 1.92830961
v 37.10631348 1.59952576 1.92873411
v 37.10613770 1.59960992 1.92880826
v 37.10624268 1.59985558 1.82155027
v 37.10609131 1.59967018 1.82166089
v 37.10605713 1.59985558 1.82162702
v 37.10624268 1.59962849 1.82162702
v 37.11407471 1.59962849 1.82162702
v 37.11407471 1.59985558 1.82155027
v 37.10605713 1.60946312 1.82162702
v 37.10605713 1.59985558 1.82162702
v 37.10598145 1.59985558 1.82181211
v 37.10598145 1.60946312 1.82181211
v 37.10605713 1.61907059 1.82162702
v 37.10598145 1.60946312 1.85031156
v 37.10598145 1.59985558 1.85031156
v 37.10598145 1.61907059 1.82181211
v 37.10609131 1.61925602 1.82166089
v 37.10605713 1.61929772 1.82181211
v 37.10605713 1.61929772 1.85031156
v 37.10598145 1.61907059 1.85031156
v 37.10605713 1.61929772 1.86469236
v 37.10598145 1.61907059 1.86469236
v 37.10605713 1.61929772 1.87907285
v 37.10598145 1.60946312 1.86469236
v 37.10598145 1.59985558 1.86469236
v 37.10598145 1.61907059 1.87907285
v 37.10605713 1.61929772 1.89345365
v 37.10598145 1.60946312 1.87907285
v 37.10598145 1.59985558 1.87907285
v 37.10598145 1.61907059 1.89345365
v 37.10605713 1.61929772 1.90783429
v 37.10598145 1.60946312 1.89345365
v 37.10598145 1.59985558 1.89345365
v 37.10598145 1.61907059 1.90783429
v 37.10605713 1.61929772 1.91502454
v 37.10598145 1.60946312 1.90783429
v 37.10598145 1.59985558 1.90783429
v 37.10598145 1.61907063 1.91502454
v 37.10605713 1.61929772 1.92221494
v 37.10598145 1.60946313 1.91502454
v 37.10598145 1.59985562 1.91502454
v 37.10598145 1.61907063 1.92221494
v 37.10606445 1.61929772 1.92858930
v 37.10598145 1.60946313 1.92221494
v 37.10598145 1.59985562 1.92221494
v 37.10598145 1.61907063 1.92862622
v 37.10598145 1.60946313 1.92862638
v 37.10598145 1.59985562 1.92862577
v 37.10603760 1.59984559 1.92885175
v 37.10603271 1.60946313 1.92885343
v 37.10603760 1.61908059 1.92885175
v 37.10613770 1.61931626 1.92880841
v 37.11407471 1.61907059 1.82155027
v 37.10624268 1.61929772 1.82162702
v 37.11407471 1.61929772 1.82162702
v 37.10624268 1.61907059 1.82155027
v 37.11407471 1.61929772 1.82162702
v 37.10624268 1.61929772 1.82162702
v 37.10624268 1.61939175 1.82181211
v 37.11407471 1.61939175 1.82181211
v 37.11407471 1.61939175 1.85031156
v 37.10624268 1.61939175 1.85031156
v 37.11407471 1.61939175 1.86469236
v 37.10624268 1.61939175 1.86469236
v 37.11407471 1.61939175 1.87907285
v 37.10624268 1.61939175 1.87907285
v 37.11407471 1.61939175 1.89345365
v 37.10624268 1.61939175 1.89345365
v 37.11407471 1.61939175 1.90783429
v 37.10624268 1.61939175 1.90783429
v 37.11407471 1.61939179 1.91502454
v 37.10624268 1.61939179 1.91502454
v 37.11407471 1.61939179 1.92221494
v 37.10624268 1.61939179 1.92221494
v 37.11407471 1.61939179 1.93623380
v 37.10642334 1.61939179 1.92893705
v 37.10629639 1.61939179 1.92874112
v 37.10624268 1.61939179 1.92851316
v 37.12172363 1.61939179 1.92893705
v 37.11407471 1.61939179 1.92221494
v 37.11407471 1.61939179 1.93623380
v 37.12185303 1.61939179 1.92874112
v 37.12190430 1.61939179 1.92851316
v 37.12190430 1.61939179 1.92221494
v 37.11407471 1.61939179 1.91502454
v 37.12190430 1.61939179 1.91502454
v 37.11407471 1.61939175 1.90783429
v 37.12190430 1.61939175 1.90783429
v 37.11407471 1.61939175 1.89345365
v 37.12190430 1.61939175 1.89345365
v 37.11407471 1.61939175 1.87907285
v 37.12190430 1.61939175 1.87907285
v 37.11407471 1.61939175 1.86469236
v 37.12190430 1.61939175 1.86469236
v 37.11407471 1.61939175 1.85031156
v 37.12190430 1.61939175 1.85031156
v 37.11407471 1.61939175 1.82181211
v 37.12190430 1.61939175 1.82181211
v 37.12190430 1.61929772 1.82162702
v 37.11407471 1.61929772 1.82162702
v 37.11407471 1.59985558 1.82155027
v 37.12190430 1.59962849 1.82162702
v 37.11407471 1.59962849 1.82162702
v 37.12190430 1.59985558 1.82155027
v 37.12190430 1.61907059 1.82155027
v 37.11407471 1.61929772 1.82162702
v 37.12190430 1.61929772 1.82162702
v 37.11407471 1.61907059 1.82155027
v 37.10605713 1.59962849 1.89345365
v 37.10605713 1.59962849 1.90783429
v 37.10598145 1.59985558 1.90783429
v 37.10598145 1.59985562 1.91502454
v 37.10605713 1.59962853 1.91502454
v 37.10598145 1.59985562 1.92221494
v 37.10605713 1.59962853 1.92221494
v 37.10598145 1.59985562 1.92862577
v 37.10606445 1.59962853 1.92858838
v 37.10613770 1.59960992 1.92880826
v 37.10603760 1.59984559 1.92885175
v 37.11407471 1.59953442 1.82280301
v 37.12073975 1.59962727 1.82297757
v 37.11407471 1.59962727 1.82300031
v 37.12091553 1.59953442 1.82280301
v 37.11407471 1.59953442 1.82181211
v 37.12190430 1.59953442 1.82181211
v 37.11407471 1.59962849 1.82162702
v 37.12190430 1.59962849 1.82162702
v 37.12205566 1.59967018 1.82166089
v 37.12208984 1.59962849 1.82181211
v 37.12071777 1.59962727 1.85031156
v 37.12061035 1.59985146 1.85031156
v 37.12061035 1.59985146 1.86469236
v 37.12091553 1.59953442 1.85031156
v 37.12190430 1.59953442 1.85031156
v 37.12208984 1.59962849 1.85031156
v 37.12071777 1.59962727 1.86469236
v 37.12061035 1.59985146 1.87907285
v 37.12091553 1.59953442 1.86469236
v 37.12190430 1.59953442 1.86469236
v 37.12208984 1.59962849 1.86469236
v 37.12071777 1.59962727 1.87907285
v 37.12061035 1.59985146 1.89345365
v 37.12091553 1.59953442 1.87907285
v 37.12190430 1.59953442 1.87907285
v 37.12208984 1.59962849 1.87907285
v 37.12071777 1.59962727 1.89345365
v 37.12061035 1.59985146 1.90783429
v 37.12091553 1.59953442 1.89345365
v 37.12190430 1.59953442 1.89345365
v 37.12208984 1.59962849 1.89345365
v 37.12071777 1.59962727 1.90783429
v 37.12061035 1.59985146 1.91502454
v 37.12091553 1.59953442 1.90783429
v 37.12190430 1.59953442 1.90783429
v 37.12208984 1.59962849 1.90783429
v 37.12071777 1.59962731 1.91502454
v 37.12061035 1.59985146 1.92221494
v 37.12071777 1.59962731 1.92221494
v 37.12091553 1.59953446 1.91502454
v 37.12091553 1.59953446 1.92221494
v 37.12190430 1.59953446 1.91502454
v 37.12208984 1.59962853 1.91502454
v 37.12190430 1.59953446 1.92221494
v 37.12208984 1.59962853 1.92221494
v 37.12091553 1.59953446 1.92808713
v 37.12072266 1.59962731 1.92800596
v 37.12190430 1.59953446 1.92851148
v 37.12208252 1.59962853 1.92858838
v 37.12200928 1.59960992 1.92880826
v 37.12183594 1.59952576 1.92873411
v 37.12084473 1.59954262 1.92830961
v 37.12064697 1.59964722 1.92822568
v 37.10753662 1.59985146 1.82310666
v 37.10743164 1.59962727 1.85031156
v 37.10740723 1.59962727 1.82297757
v 37.10753662 1.59985146 1.85031156
v 37.10781006 1.60191662 1.82337919
v 37.10743164 1.59962727 1.86469236
v 37.10781006 1.60191662 1.85031156
v 37.10806885 1.60236748 1.82363859
v 37.10802246 1.60236748 1.85031156
v 37.10753662 1.59985146 1.86469236
v 37.10743164 1.59962727 1.87907285
v 37.10781006 1.60191662 1.86469236
v 37.10802246 1.60236748 1.86469236
v 37.10753662 1.59985146 1.87907285
v 37.10743164 1.59962727 1.89345365
v 37.10781006 1.60191662 1.87907285
v 37.10802246 1.60236748 1.87907285
v 37.10753662 1.59985146 1.89345365
v 37.10743164 1.59962727 1.90783429
v 37.10781006 1.60191662 1.89345365
v 37.10802246 1.60236748 1.89345365
v 37.10753662 1.59985146 1.90783429
v 37.10743164 1.59962731 1.91502454
v 37.10781006 1.60191662 1.90783429
v 37.10802246 1.60236748 1.90783429
v 37.10753662 1.59985146 1.91502454
v 37.10743164 1.59962731 1.92221494
v 37.10781006 1.60191666 1.91502454
v 37.10802246 1.60236752 1.91502454
v 37.10753662 1.59985146 1.92221494
v 37.10742432 1.59962731 1.92800596
v 37.10781006 1.60191666 1.92221494
v 37.10802246 1.60236752 1.92221494
v 37.10753662 1.59985146 1.92795804
v 37.10781006 1.60191666 1.92784131
v 37.10803711 1.60236752 1.92774350
v 37.10811279 1.60238736 1.92796277
v 37.10786865 1.60193261 1.92806745
v 37.10759766 1.59986748 1.92818418
v 37.10750000 1.59964722 1.92822568
v 37.12054199 1.59962731 1.92843229
v 37.11427979 1.59962731 1.93439542
v 37.11428711 1.59985146 1.93424192
v 37.12042969 1.59985146 1.92838346
v 37.12055176 1.59986748 1.92818418
v 37.12064697 1.59964722 1.92822568
v 37.12027832 1.60193261 1.92806745
v 37.11428711 1.60191666 1.93386457
v 37.11407471 1.59987343 1.93432203
v 37.11407471 1.60195351 1.93392637
v 37.12015625 1.60191666 1.92826673
v 37.12003418 1.60238736 1.92796277
v 37.11992676 1.60236752 1.92816892
v 37.11428955 1.60236752 1.93350797
v 37.11407471 1.60240826 1.93353345
v 37.11388428 1.61907063 1.93641477
v 37.11407471 1.60946313 1.93648969
v 37.11407471 1.61907063 1.93648984
v 37.11388428 1.60946313 1.93641477
v 37.11407471 1.59985562 1.93648969
v 37.11388428 1.59985562 1.93641477
v 37.10616211 1.59985562 1.92904874
v 37.10616211 1.60946313 1.92904844
v 37.10603271 1.60946313 1.92885343
v 37.10603760 1.59984559 1.92885175
v 37.10603760 1.61908059 1.92885175
v 37.10616211 1.61907063 1.92904844
v 37.11394043 1.61929772 1.93636167
v 37.10613770 1.61931626 1.92880841
v 37.10624756 1.61929772 1.92901242
v 37.11407471 1.60240826 1.93353345
v 37.11385986 1.60191666 1.93386457
v 37.11385742 1.60236752 1.93350797
v 37.11407471 1.60195351 1.93392637
v 37.12200928 1.61931626 1.92880841
v 37.12185303 1.61939179 1.92874112
v 37.12172363 1.61939179 1.92893705
v 37.12190186 1.61929772 1.92901242
v 37.11420898 1.61929772 1.93636167
v 37.11407471 1.61939179 1.93623380
v 37.11407471 1.61925606 1.93644269
v 37.11394043 1.61929772 1.93636167
v 37.10624756 1.61929772 1.92901242
v 37.10642334 1.61939179 1.92893705
v 37.10629639 1.61939179 1.92874112
v 37.10613770 1.61931626 1.92880841
v 37.12183594 1.59952576 1.92873411
v 37.12200928 1.59960992 1.92880826
v 37.12189941 1.59962853 1.92901319
v 37.12172363 1.59953446 1.92893812
v 37.12084473 1.59954262 1.92830961
v 37.11433594 1.59953446 1.93598417
v 37.11433594 1.59962853 1.93623868
v 37.11407471 1.59962792 1.93635618
v 37.11407471 1.59953446 1.93608747
v 37.11433594 1.59953446 1.93461469
v 37.11407471 1.59953446 1.93471814
v 37.11407471 1.59962945 1.93446637
v 37.11427979 1.59962731 1.93439542
v 37.12073242 1.59953446 1.92851407
v 37.12064697 1.59964722 1.92822568
v 37.12054199 1.59962731 1.92843229
v 37.10760742 1.59962731 1.92843229
v 37.10730469 1.59954262 1.92830961
v 37.10750000 1.59964722 1.92822568
v 37.10741699 1.59953446 1.92851407
v 37.10631348 1.59952576 1.92873411
v 37.11381104 1.59953446 1.93461469
v 37.11386719 1.59962731 1.93439542
v 37.11407471 1.59962945 1.93446637
v 37.11407471 1.59953446 1.93471814
v 37.11381104 1.59953446 1.93598417
v 37.11407471 1.59953446 1.93608747
v 37.11407471 1.59962792 1.93635618
v 37.11381104 1.59962853 1.93623868
v 37.10642578 1.59953446 1.92893812
v 37.10613770 1.59960992 1.92880826
v 37.10624756 1.59962853 1.92901319
v 37.12216797 1.59985562 1.92862577
v 37.12211426 1.60946313 1.92885343
v 37.12210938 1.59984559 1.92885175
v 37.12216797 1.60946313 1.92862638
v 37.12210938 1.61908059 1.92885175
v 37.12216797 1.60946313 1.92221494
v 37.12216797 1.59985562 1.92221494
v 37.12216797 1.61907063 1.92862622
v 37.12200928 1.61931626 1.92880841
v 37.12208252 1.61929772 1.92858930
v 37.12208984 1.61929772 1.92221494
v 37.12216797 1.61907063 1.92221494
v 37.12208984 1.61929772 1.91502454
v 37.12216797 1.61907063 1.91502454
v 37.12208984 1.61929772 1.90783429
v 37.12216797 1.60946313 1.91502454
v 37.12216797 1.59985562 1.91502454
v 37.12216797 1.61907059 1.90783429
v 37.12208984 1.61929772 1.89345365
v 37.12216797 1.60946312 1.90783429
v 37.12216797 1.59985558 1.90783429
v 37.12216797 1.61907059 1.89345365
v 37.12208984 1.61929772 1.87907285
v 37.12216797 1.60946312 1.89345365
v 37.12216797 1.59985558 1.89345365
v 37.12216797 1.61907059 1.87907285
v 37.12208984 1.61929772 1.86469236
v 37.12216797 1.60946312 1.87907285
v 37.12216797 1.59985558 1.87907285
v 37.12216797 1.61907059 1.86469236
v 37.12208984 1.61929772 1.85031156
v 37.12216797 1.60946312 1.86469236
v 37.12216797 1.59985558 1.86469236
v 37.12216797 1.61907059 1.85031156
v 37.12208984 1.61929772 1.82181211
v 37.12216797 1.60946312 1.85031156
v 37.12216797 1.59985558 1.85031156
v 37.12216797 1.61907059 1.82181211
v 37.12205566 1.61925602 1.82166089
v 37.12216797 1.60946312 1.82181211
v 37.12216797 1.59985558 1.82181211
v 37.12208984 1.59985558 1.82162702
v 37.12208984 1.60946312 1.82162702
v 37.12190430 1.59985558 1.82155027
v 37.12190430 1.60946312 1.82155027
v 37.12208984 1.61907059 1.82162702
v 37.12190430 1.61907059 1.82155027
v 37.11783691 1.59987111 1.89500089
v 37.11805176 1.59964806 1.89514921
v 37.11785889 1.59959923 1.89510007
v 37.11809326 1.59986588 1.89510709
v 37.11812012 1.60196900 1.89506498
v 37.11787842 1.60200375 1.89494291
v 37.11826904 1.60234002 1.89491559
v 37.11805664 1.60239300 1.89475965
v 37.11407471 1.60239300 1.89480085
v 37.11407471 1.60200375 1.89494291
v 37.11407471 1.59987111 1.89500089
v 37.11009033 1.60239300 1.89475965
v 37.11026855 1.60200375 1.89494291
v 37.11031006 1.59987111 1.89500089
v 37.11002686 1.60196900 1.89506498
v 37.10988037 1.60234002 1.89491559
v 37.11005371 1.59986588 1.89510709
v 37.11009521 1.59964806 1.89514921
v 37.11029053 1.59959923 1.89510007
v 37.11026855 1.59948662 1.89532499
v 37.11009521 1.59964806 1.89514921
v 37.11029053 1.59959923 1.89510007
v 37.11004639 1.59959927 1.89534391
v 37.11004639 1.59959927 1.90594388
v 37.11026855 1.59948662 1.90596280
v 37.10994873 1.59987122 1.89536283
v 37.11005371 1.59986588 1.89510709
v 37.11002686 1.60196900 1.89506498
v 37.11009521 1.59964806 1.90613859
v 37.11029053 1.59959923 1.90618772
v 37.10994873 1.59987122 1.90592496
v 37.11005371 1.59986588 1.90618070
v 37.10990479 1.60200375 1.90598096
v 37.10990479 1.60200375 1.89530698
v 37.10988037 1.60234002 1.89491559
v 37.10972168 1.60239300 1.89512540
v 37.10972168 1.60239300 1.90616254
v 37.11002686 1.60196900 1.90622281
v 37.10988037 1.60234002 1.90637204
v 37.11787842 1.59948662 1.90596280
v 37.11805176 1.59964806 1.90613859
v 37.11785889 1.59959923 1.90618772
v 37.11407471 1.59948662 1.90596280
v 37.11407471 1.59959923 1.90618772
v 37.11026855 1.59948662 1.90596280
v 37.11029053 1.59959923 1.90618772
v 37.11407471 1.59948662 1.89532499
v 37.11026855 1.59948662 1.89532499
v 37.11029053 1.59959923 1.89510007
v 37.11787842 1.59948662 1.89532499
v 37.11407471 1.59959923 1.89510007
v 37.11031006 1.59987111 1.89500089
v 37.11407471 1.59987111 1.89500089
v 37.11785889 1.59959923 1.89510007
v 37.11783691 1.59987111 1.89500089
v 37.11805176 1.59964806 1.89514921
v 37.11810303 1.59959927 1.89534391
v 37.11810303 1.59959927 1.90594388
v 37.11787842 1.59948662 1.90596280
v 37.11810303 1.59959927 1.90594388
v 37.11805176 1.59964806 1.90613859
v 37.11820068 1.59987122 1.90592496
v 37.11820068 1.59987122 1.89536283
v 37.11810303 1.59959927 1.89534391
v 37.11805176 1.59964806 1.89514921
v 37.11809326 1.59986588 1.89510709
v 37.11824219 1.60200375 1.89530698
v 37.11824219 1.60200375 1.90598096
v 37.11812012 1.60196900 1.89506498
v 37.11842773 1.60239300 1.89512540
v 37.11805664 1.60239300 1.90652799
v 37.11812012 1.60196900 1.90622281
v 37.11826904 1.60234002 1.90637204
v 37.11787842 1.60200375 1.90634488
v 37.11809326 1.59986588 1.90618070
v 37.11407471 1.60200375 1.90634488
v 37.11783691 1.59987111 1.90628690
v 37.11805176 1.59964806 1.90613859
v 37.11785889 1.59959923 1.90618772
v 37.11407471 1.59959923 1.90618772
v 37.11407471 1.59987111 1.90628690
v 37.11029053 1.59959923 1.90618772
v 37.11031006 1.59987111 1.90628690
v 37.11009521 1.59964806 1.90613859
v 37.11005371 1.59986588 1.90618070
v 37.11026855 1.60200375 1.90634488
v 37.11407471 1.60239300 1.90648694
v 37.11009033 1.60239300 1.90652799
v 37.10988037 1.60234002 1.90637204
v 37.11002686 1.60196900 1.90622281
v 37.10990479 1.60200375 1.90598096
v 37.10994873 1.59987122 1.90592496
v 37.12192871 1.63198884 1.95423612
v 37.11407471 1.62886571 1.95481641
v 37.12181152 1.62886571 1.95379789
v 37.11407471 1.63198884 1.95527036
v 37.10633789 1.62886571 1.95379789
v 37.10622070 1.63198884 1.95423612
v 37.11407471 1.62692277 1.95389966
v 37.12157227 1.62692277 1.95291227
v 37.10657471 1.62692277 1.95291227
v 37.09912842 1.62886571 1.95081144
v 37.09890137 1.63198884 1.95120450
v 37.09958496 1.62692277 1.95001752
v 37.09293701 1.62886571 1.94606107
v 37.09261475 1.63198884 1.94638196
v 37.09358398 1.62692277 1.94541288
v 37.08818604 1.62886571 1.93986997
v 37.08779297 1.63198884 1.94009702
v 37.08897949 1.62692277 1.93941159
v 37.08520020 1.62886571 1.93266050
v 37.08608643 1.62692277 1.93242322
v 37.14338623 1.63198884 1.91706937
v 37.13930176 1.63237500 1.92492368
v 37.14442139 1.63198884 1.92492368
v 37.13761230 1.63237500 1.91861692
v 37.14035400 1.63198884 1.90975034
v 37.13592041 1.63237500 1.91231015
v 37.13553223 1.63198884 1.90346540
v 37.13130371 1.63237496 1.90769330
v 37.12924805 1.63198884 1.89864270
v 37.12668701 1.63237496 1.90307645
v 37.12192871 1.63198884 1.89561094
v 37.12038086 1.63237496 1.90138654
v 37.11407471 1.63198884 1.89457700
v 37.11407471 1.63237496 1.89969663
v 37.10622070 1.63198884 1.89561094
v 37.10776611 1.63237496 1.90138654
v 37.09890137 1.63198884 1.89864270
v 37.10145996 1.63237496 1.90307645
v 37.09261475 1.63198884 1.90346540
v 37.09684326 1.63237496 1.90769330
v 37.08779297 1.63198884 1.90975034
v 37.09222656 1.63237500 1.91231015
v 37.08476074 1.63198884 1.91706937
v 37.09053711 1.63237500 1.91861692
v 37.08372803 1.63198884 1.92492368
v 37.08884766 1.63237500 1.92492368
v 37.14338623 1.63198884 1.91706937
v 37.14442139 1.63198884 1.92492368
v 37.14396729 1.62886571 1.92492368
v 37.14294922 1.62886571 1.91718686
v 37.14035400 1.63198884 1.90975034
v 37.14206299 1.62692277 1.91742414
v 37.14304932 1.62692277 1.92492368
v 37.13916748 1.62692277 1.91043561
v 37.13996094 1.62886567 1.90997724
v 37.13553223 1.63198884 1.90346540
v 37.13456299 1.62692277 1.90443448
v 37.13521240 1.62886567 1.90378629
v 37.12856201 1.62692277 1.89982969
v 37.12924805 1.63198884 1.89864270
v 37.12902100 1.62886567 1.89903577
v 37.12192871 1.63198884 1.89561094
v 37.12181152 1.62886567 1.89604947
v 37.11407471 1.63198884 1.89457700
v 37.11407471 1.62886567 1.89503080
v 37.11407471 1.62692276 1.89594770
v 37.12157227 1.62692277 1.89693509
v 37.10622070 1.63198884 1.89561094
v 37.11407471 1.63198884 1.89457700
v 37.11407471 1.62886567 1.89503080
v 37.10633789 1.62886567 1.89604947
v 37.09890137 1.63198884 1.89864270
v 37.10657471 1.62692277 1.89693509
v 37.11407471 1.62692276 1.89594770
v 37.09958496 1.62692277 1.89982969
v 37.09912842 1.62886567 1.89903577
v 37.09261475 1.63198884 1.90346540
v 37.09358398 1.62692277 1.90443448
v 37.09293701 1.62886567 1.90378629
v 37.08779297 1.63198884 1.90975034
v 37.08897949 1.62692277 1.91043561
v 37.08818604 1.62886567 1.90997724
v 37.08476074 1.63198884 1.91706937
v 37.08608643 1.62692277 1.91742414
v 37.08520020 1.62886571 1.91718686
v 37.08372803 1.63198884 1.92492368
v 37.08509766 1.62692277 1.92492368
v 37.08418213 1.62886571 1.92492368
v 37.08476074 1.63198884 1.93277799
v 37.08372803 1.63198884 1.92492368
v 37.08418213 1.62886571 1.92492368
v 37.08520020 1.62886571 1.93266050
v 37.08779297 1.63198884 1.94009702
v 37.08608643 1.62692277 1.93242322
v 37.08509766 1.62692277 1.92492368
v 37.08608643 1.62692277 1.91742414
v 37.08642090 1.62625626 1.92492368
v 37.08509766 1.62692277 1.92492368
v 37.08736328 1.62625626 1.91776685
v 37.08897949 1.62692277 1.91043561
v 37.08917480 1.62616429 1.92492368
v 37.09012695 1.62625626 1.91109769
v 37.09358398 1.62692277 1.90443448
v 37.09002441 1.62616429 1.91847944
v 37.09452148 1.62625626 1.90537076
v 37.09958496 1.62692277 1.89982969
v 37.09114990 1.62597359 1.91878080
v 37.09033936 1.62597359 1.92492368
v 37.09352051 1.62597359 1.91305677
v 37.09251221 1.62616429 1.91247434
v 37.09729248 1.62597355 1.90814130
v 37.09646729 1.62616425 1.90731778
v 37.10220703 1.62597355 1.90436948
v 37.10024902 1.62625626 1.90097638
v 37.10657471 1.62692277 1.89693509
v 37.10162354 1.62616425 1.90336087
v 37.10793213 1.62597355 1.90199857
v 37.10691650 1.62625626 1.89821393
v 37.11407471 1.62692276 1.89594770
v 37.10762939 1.62616425 1.90087354
v 37.11407471 1.62597355 1.90118985
v 37.11407471 1.62625626 1.89727170
v 37.12157227 1.62692277 1.89693509
v 37.11407471 1.62616425 1.90002500
v 37.12021729 1.62597355 1.90199857
v 37.12123047 1.62625626 1.89821393
v 37.12856201 1.62692277 1.89982969
v 37.12051758 1.62616425 1.90087354
v 37.12593994 1.62597355 1.90436948
v 37.12790039 1.62625626 1.90097638
v 37.13456299 1.62692277 1.90443448
v 37.12652344 1.62616425 1.90336087
v 37.13085693 1.62597355 1.90814130
v 37.13362793 1.62625626 1.90537076
v 37.13916748 1.62692277 1.91043561
v 37.13167969 1.62616425 1.90731778
v 37.13462891 1.62597359 1.91305677
v 37.13802002 1.62625626 1.91109769
v 37.14206299 1.62692277 1.91742414
v 37.13563721 1.62616429 1.91247434
v 37.13699951 1.62597359 1.91878080
v 37.14078369 1.62625626 1.91776685
v 37.14304932 1.62692277 1.92492368
v 37.14172607 1.62625626 1.92492368
v 37.13812500 1.62616429 1.91847944
v 37.13780762 1.62597359 1.92492368
v 37.13897217 1.62616429 1.92492368
v 37.14206299 1.62692277 1.93242322
v 37.14172607 1.62625626 1.92492368
v 37.14304932 1.62692277 1.92492368
v 37.14078369 1.62625626 1.93208051
v 37.13916748 1.62692277 1.93941159
v 37.13897217 1.62616429 1.92492368
v 37.13802002 1.62625626 1.93874967
v 37.13456299 1.62692277 1.94541272
v 37.13812500 1.62616429 1.93136792
v 37.13362793 1.62625626 1.94447660
v 37.12856201 1.62692277 1.95001752
v 37.13699951 1.62597359 1.93106641
v 37.13780762 1.62597359 1.92492368
v 37.13462891 1.62597359 1.93679059
v 37.13563721 1.62616429 1.93737287
v 37.13085693 1.62597359 1.94170591
v 37.13167969 1.62616429 1.94252958
v 37.12593994 1.62597359 1.94547773
v 37.12790039 1.62625626 1.94887098
v 37.12157227 1.62692277 1.95291227
v 37.12652344 1.62616429 1.94648648
v 37.12122559 1.62636441 1.95215360
v 37.12124023 1.62615174 1.94911573
v 37.12021729 1.62597359 1.94784879
v 37.12115723 1.62647568 1.95236844
v 37.11407471 1.62692277 1.95389966
v 37.12107178 1.62616708 1.94942136
v 37.12105957 1.62635201 1.95202405
v 37.12099121 1.62636235 1.95217481
v 37.12083008 1.62636582 1.95223844
v 37.11407471 1.62632676 1.95229444
v 37.10657471 1.62692277 1.95291227
v 37.10729980 1.62638657 1.95227124
v 37.12097168 1.62613053 1.94904126
v 37.12100830 1.62615563 1.94926465
v 37.12085449 1.62615018 1.94919980
v 37.11407471 1.62611428 1.94920377
v 37.11407471 1.62597359 1.94865751
v 37.10729248 1.62615037 1.94920087
v 37.10713867 1.62615617 1.94926557
v 37.10707520 1.62616860 1.94942182
v 37.10707520 1.62637177 1.95205350
v 37.10697266 1.62649747 1.95240125
v 37.10714111 1.62638303 1.95220700
v 37.10024902 1.62625626 1.94887098
v 37.09958496 1.62692277 1.95001752
v 37.09358398 1.62692277 1.94541288
v 37.09452148 1.62625626 1.94447660
v 37.08897949 1.62692277 1.93941159
v 37.09012695 1.62625626 1.93874967
v 37.08608643 1.62692277 1.93242322
v 37.09646729 1.62616429 1.94252958
v 37.08736328 1.62625626 1.93208051
v 37.08509766 1.62692277 1.92492368
v 37.08642090 1.62625626 1.92492368
v 37.09729248 1.62597359 1.94170591
v 37.09352051 1.62597359 1.93679059
v 37.09251221 1.62616429 1.93737287
v 37.09114990 1.62597359 1.93106641
v 37.09002441 1.62616429 1.93136792
v 37.08917480 1.62616429 1.92492368
v 37.09033936 1.62597359 1.92492368
v 37.11407471 1.62622094 1.94933957
v 37.10729248 1.62615037 1.94920087
v 37.11407471 1.62611428 1.94920377
v 37.12073486 1.62623078 1.94931836
v 37.12085449 1.62615018 1.94919980
v 37.12100830 1.62615563 1.94926465
v 37.12065918 1.62640767 1.94939267
v 37.12086182 1.62626660 1.94940961
v 37.12080322 1.62642892 1.94946378
v 37.08476074 1.63198884 1.93277799
v 37.08884766 1.63237500 1.92492368
v 37.08372803 1.63198884 1.92492368
v 37.09053711 1.63237500 1.93123044
v 37.08779297 1.63198884 1.94009702
v 37.09222656 1.63237500 1.93753720
v 37.09261475 1.63198884 1.94638196
v 37.09684326 1.63237500 1.94215406
v 37.09890137 1.63198884 1.95120450
v 37.10145996 1.63237500 1.94677091
v 37.10622070 1.63198884 1.95423612
v 37.10776611 1.63237500 1.94846082
v 37.11407471 1.63198884 1.95527036
v 37.11407471 1.63237500 1.95015073
v 37.12192871 1.63198884 1.95423612
v 37.12038086 1.63237500 1.94846082
v 37.12924805 1.63198884 1.95120450
v 37.12668701 1.63237500 1.94677091
v 37.13553223 1.63198884 1.94638196
v 37.13130371 1.63237500 1.94215406
v 37.14035400 1.63198884 1.94009702
v 37.13592041 1.63237500 1.93753720
v 37.14338623 1.63198884 1.93277799
v 37.13761230 1.63237500 1.93123044
v 37.14442139 1.63198884 1.92492368
v 37.13930176 1.63237500 1.92492368
v 37.12157227 1.62692277 1.89693509
v 37.12902100 1.62886567 1.89903577
v 37.12856201 1.62692277 1.89982969
v 37.12181152 1.62886567 1.89604947
v 37.10335205 1.62261658 1.92779660
v 37.09513672 1.62186196 1.92492368
v 37.10297363 1.62261658 1.92492368
v 37.09578125 1.62186196 1.92982511
v 37.10446045 1.62261658 1.93047391
v 37.09540283 1.62137055 1.92992627
v 37.09513672 1.62186196 1.92492368
v 37.09578125 1.62186196 1.92982511
v 37.09474609 1.62137055 1.92492368
v 37.09398682 1.62054894 1.92492368
v 37.09767334 1.62186196 1.93439252
v 37.10622559 1.62261658 1.93277295
v 37.09733398 1.62137055 1.93458799
v 37.09767334 1.62186196 1.93439252
v 37.09467041 1.62054894 1.93012281
v 37.10068359 1.62186196 1.93831464
v 37.10852295 1.62261658 1.93453702
v 37.10040527 1.62137055 1.93859113
v 37.10068359 1.62186196 1.93831464
v 37.10460449 1.62186196 1.94132428
v 37.11120117 1.62261658 1.93564603
v 37.09427979 1.62054002 1.93022733
v 37.09398682 1.62054894 1.92492368
v 37.09467041 1.62054894 1.93012281
v 37.09358154 1.62054001 1.92492368
v 37.09427979 1.62054002 1.93022733
v 37.09255127 1.62189065 1.92492368
v 37.09358154 1.62054001 1.92492368
v 37.09667725 1.62054894 1.93496747
v 37.10440918 1.62137055 1.94166288
v 37.10460449 1.62186196 1.94132428
v 37.10917236 1.62186196 1.94321622
v 37.11407471 1.62261658 1.93602430
v 37.09632812 1.62054002 1.93516965
v 37.09667725 1.62054894 1.93496747
v 37.09328613 1.62189065 1.93049390
v 37.09632812 1.62054002 1.93516965
v 37.09987061 1.62054894 1.93912778
v 37.10907227 1.62137055 1.94359372
v 37.10917236 1.62186196 1.94321622
v 37.11407471 1.62186196 1.94386136
v 37.11694580 1.62261658 1.93564603
v 37.09958496 1.62054002 1.93941373
v 37.09987061 1.62054894 1.93912778
v 37.10403076 1.62054894 1.94232023
v 37.11407471 1.62137055 1.94425229
v 37.11407471 1.62186196 1.94386136
v 37.11897461 1.62186196 1.94321622
v 37.11962402 1.62261658 1.93453717
v 37.09958496 1.62054002 1.93941373
v 37.09543457 1.62189065 1.93568448
v 37.10382812 1.62054002 1.94267026
v 37.10403076 1.62054894 1.94232023
v 37.10887451 1.62054894 1.94432691
v 37.11907715 1.62137055 1.94359372
v 37.11897461 1.62186196 1.94321622
v 37.12354248 1.62186196 1.94132428
v 37.12192383 1.62261658 1.93277295
v 37.09885498 1.62189065 1.94014188
v 37.10382812 1.62054002 1.94267026
v 37.10331299 1.62189065 1.94356214
v 37.09807617 1.62462296 1.94092252
v 37.10876953 1.62054002 1.94471738
v 37.10876953 1.62054002 1.94471738
v 37.10850342 1.62189065 1.94571210
v 37.10887451 1.62054894 1.94432691
v 37.11407471 1.62054002 1.94541562
v 37.11407471 1.62054002 1.94541562
v 37.11407471 1.62189065 1.94644544
v 37.11937744 1.62054002 1.94471738
v 37.11407471 1.62054894 1.94501142
v 37.11937744 1.62054002 1.94471738
v 37.11407471 1.62054894 1.94501142
v 37.11927246 1.62054894 1.94432691
v 37.11927246 1.62054894 1.94432691
v 37.09447998 1.62462296 1.93623655
v 37.12431885 1.62054002 1.94267026
v 37.11964355 1.62189065 1.94571210
v 37.12431885 1.62054002 1.94267026
v 37.12373779 1.62137055 1.94166288
v 37.12354248 1.62186196 1.94132428
v 37.12411865 1.62054894 1.94232023
v 37.12411865 1.62054894 1.94232023
v 37.12774170 1.62137055 1.93859113
v 37.09221924 1.62462296 1.93077970
v 37.09144775 1.62462296 1.92492368
v 37.09033936 1.62597359 1.92492368
v 37.09114990 1.62597359 1.93106641
v 37.09352051 1.62597359 1.93679059
v 37.09729248 1.62597359 1.94170591
v 37.10276123 1.62462296 1.94451810
v 37.10220703 1.62597359 1.94547773
v 37.10821777 1.62462296 1.94677854
v 37.10793213 1.62597359 1.94784879
v 37.11407471 1.62462296 1.94754956
v 37.11407471 1.62597359 1.94865751
v 37.11992920 1.62462296 1.94677854
v 37.12021729 1.62597359 1.94784879
v 37.12538574 1.62462296 1.94451810
v 37.12593994 1.62597359 1.94547773
v 37.13007324 1.62462296 1.94092252
v 37.13085693 1.62597359 1.94170591
v 37.12483398 1.62189065 1.94356214
v 37.13366943 1.62462296 1.93623655
v 37.13462891 1.62597359 1.93679059
v 37.12929199 1.62189065 1.94014188
v 37.12856445 1.62054002 1.93941373
v 37.12856445 1.62054002 1.93941373
v 37.13592773 1.62462296 1.93077970
v 37.13699951 1.62597359 1.93106641
v 37.13271240 1.62189065 1.93568448
v 37.12827881 1.62054894 1.93912778
v 37.12827881 1.62054894 1.93912778
v 37.13182129 1.62054002 1.93516965
v 37.13182129 1.62054002 1.93516965
v 37.13669922 1.62462296 1.92492368
v 37.13780762 1.62597359 1.92492368
v 37.13486328 1.62189065 1.93049390
v 37.13559570 1.62189065 1.92492368
v 37.13456543 1.62054001 1.92492368
v 37.13386719 1.62054002 1.93022733
v 37.13146973 1.62054894 1.93496747
v 37.13386719 1.62054002 1.93022733
v 37.13456543 1.62054001 1.92492368
v 37.13347656 1.62054894 1.93012281
v 37.13416260 1.62054894 1.92492368
v 37.13340332 1.62137055 1.92492368
v 37.13416260 1.62054894 1.92492368
v 37.13347656 1.62054894 1.93012281
v 37.13081299 1.62137055 1.93458799
v 37.13146973 1.62054894 1.93496747
v 37.13274414 1.62137055 1.92992627
v 37.12746582 1.62186196 1.93831464
v 37.12746582 1.62186196 1.93831464
v 37.12368652 1.62261658 1.93047391
v 37.13047363 1.62186196 1.93439252
v 37.13047363 1.62186196 1.93439252
v 37.12479736 1.62261658 1.92779660
v 37.13236572 1.62186196 1.92982511
v 37.13236572 1.62186196 1.92982511
v 37.13301270 1.62186196 1.92492368
v 37.12517578 1.62261658 1.92492368
v 37.13301270 1.62186196 1.92492368
v 37.12479736 1.62261658 1.92205060
v 37.13301270 1.62186196 1.92492368
v 37.12517578 1.62261658 1.92492368
v 37.13236572 1.62186196 1.92002225
v 37.12368652 1.62261658 1.91937314
v 37.13274414 1.62137055 1.91992093
v 37.13301270 1.62186196 1.92492368
v 37.13236572 1.62186196 1.92002225
v 37.13340332 1.62137055 1.92492368
v 37.13416260 1.62054894 1.92492368
v 37.13047363 1.62186196 1.91545469
v 37.12192383 1.62261658 1.91707425
v 37.13081299 1.62137055 1.91525922
v 37.13047363 1.62186196 1.91545469
v 37.13347656 1.62054894 1.91972455
v 37.12746582 1.62186196 1.91153257
v 37.11962402 1.62261658 1.91531018
v 37.12774170 1.62137055 1.91125608
v 37.12746582 1.62186196 1.91153257
v 37.12354248 1.62186196 1.90852308
v 37.11694580 1.62261658 1.91420118
v 37.13386719 1.62054001 1.91961988
v 37.13416260 1.62054894 1.92492368
v 37.13347656 1.62054894 1.91972455
v 37.13456543 1.62054001 1.92492368
v 37.13386719 1.62054001 1.91961988
v 37.13559570 1.62189065 1.92492368
v 37.13456543 1.62054001 1.92492368
v 37.13146973 1.62054894 1.91487973
v 37.12373779 1.62137055 1.90818448
v 37.12354248 1.62186196 1.90852308
v 37.11897461 1.62186196 1.90663114
v 37.11407471 1.62261658 1.91382291
v 37.13182129 1.62054001 1.91467756
v 37.13146973 1.62054894 1.91487973
v 37.13486328 1.62189065 1.91935346
v 37.13182129 1.62054001 1.91467756
v 37.12827881 1.62054894 1.91071943
v 37.11907715 1.62137055 1.90625348
v 37.11897461 1.62186196 1.90663114
v 37.11407471 1.62186196 1.90598584
v 37.11120117 1.62261658 1.91420118
v 37.12856445 1.62054001 1.91043363
v 37.12827881 1.62054894 1.91071943
v 37.12411865 1.62054894 1.90752713
v 37.11407471 1.62137055 1.90559491
v 37.11407471 1.62186196 1.90598584
v 37.10917236 1.62186196 1.90663114
v 37.10852295 1.62261658 1.91531018
v 37.12856445 1.62054001 1.91043363
v 37.13271240 1.62189065 1.91416272
v 37.12431885 1.62054001 1.90717710
v 37.12411865 1.62054894 1.90752713
v 37.11927246 1.62054894 1.90552030
v 37.10907227 1.62137055 1.90625348
v 37.10917236 1.62186196 1.90663114
v 37.10460449 1.62186196 1.90852308
v 37.10622559 1.62261658 1.91707425
v 37.12929199 1.62189065 1.90970548
v 37.12431885 1.62054001 1.90717710
v 37.11937744 1.62054001 1.90512983
v 37.11927246 1.62054894 1.90552030
v 37.11407471 1.62054894 1.90483594
v 37.10440918 1.62137055 1.90818448
v 37.10460449 1.62186196 1.90852308
v 37.10068359 1.62186196 1.91153257
v 37.10446045 1.62261658 1.91937314
v 37.12483398 1.62189065 1.90628522
v 37.11937744 1.62054001 1.90512983
v 37.11407471 1.62054001 1.90443158
v 37.11407471 1.62054894 1.90483594
v 37.10887451 1.62054894 1.90552030
v 37.10040527 1.62137055 1.91125608
v 37.10068359 1.62186196 1.91153257
v 37.09767334 1.62186196 1.91545469
v 37.10335205 1.62261658 1.92205060
v 37.11964355 1.62189065 1.90413526
v 37.11407471 1.62054001 1.90443158
v 37.10876953 1.62054001 1.90512983
v 37.10887451 1.62054894 1.90552030
v 37.10403076 1.62054894 1.90752713
v 37.09733398 1.62137055 1.91525922
v 37.09767334 1.62186196 1.91545469
v 37.09578125 1.62186196 1.92002225
v 37.10297363 1.62261658 1.92492368
v 37.09513672 1.62186196 1.92492368
v 37.09474609 1.62137055 1.92492368
v 37.09578125 1.62186196 1.92002225
v 37.09513672 1.62186196 1.92492368
v 37.09540283 1.62137055 1.91992093
v 37.09987061 1.62054894 1.91071943
v 37.10382812 1.62054001 1.90717710
v 37.10403076 1.62054894 1.90752713
v 37.09467041 1.62054894 1.91972455
v 37.09398682 1.62054894 1.92492368
v 37.09358154 1.62054001 1.92492368
v 37.09467041 1.62054894 1.91972455
v 37.09398682 1.62054894 1.92492368
v 37.09667725 1.62054894 1.91487973
v 37.09958496 1.62054001 1.91043363
v 37.09987061 1.62054894 1.91071943
v 37.09427979 1.62054001 1.91961988
v 37.09667725 1.62054894 1.91487973
v 37.09632812 1.62054001 1.91467756
v 37.09358154 1.62054001 1.92492368
v 37.09328613 1.62189065 1.91935346
v 37.09427979 1.62054001 1.91961988
v 37.09255127 1.62189065 1.92492368
v 37.09144775 1.62462296 1.92492368
v 37.09543457 1.62189065 1.91416272
v 37.09632812 1.62054001 1.91467756
v 37.09885498 1.62189065 1.90970548
v 37.09958496 1.62054001 1.91043363
v 37.10331299 1.62189065 1.90628522
v 37.10382812 1.62054001 1.90717710
v 37.09221924 1.62462296 1.91906766
v 37.09447998 1.62462296 1.91361066
v 37.09114990 1.62597359 1.91878080
v 37.09033936 1.62597359 1.92492368
v 37.09352051 1.62597359 1.91305677
v 37.09729248 1.62597355 1.90814130
v 37.09807617 1.62462296 1.90892469
v 37.10220703 1.62597355 1.90436948
v 37.10276123 1.62462296 1.90532911
v 37.10793213 1.62597355 1.90199857
v 37.10850342 1.62189065 1.90413526
v 37.10876953 1.62054001 1.90512983
v 37.10821777 1.62462296 1.90306882
v 37.11407471 1.62597355 1.90118985
v 37.11407471 1.62189065 1.90340192
v 37.11407471 1.62462296 1.90229779
v 37.12021729 1.62597355 1.90199857
v 37.11992920 1.62462296 1.90306882
v 37.12593994 1.62597355 1.90436948
v 37.12538574 1.62462296 1.90532911
v 37.13085693 1.62597355 1.90814130
v 37.13007324 1.62462296 1.90892469
v 37.13462891 1.62597359 1.91305677
v 37.13366943 1.62462296 1.91361066
v 37.13699951 1.62597359 1.91878080
v 37.13592773 1.62462296 1.91906766
v 37.13780762 1.62597359 1.92492368
v 37.13669922 1.62462296 1.92492368
v 37.10276123 1.62462296 1.94451810
v 37.09807617 1.62462296 1.94092252
v 37.09885498 1.62189065 1.94014188
v 37.10331299 1.62189065 1.94356214
v 37.10821777 1.62462296 1.94677854
v 37.10850342 1.62189065 1.94571210
v 37.11407471 1.62462296 1.94754956
v 37.11407471 1.62189065 1.94644544
v 37.11992920 1.62462296 1.94677854
v 37.11964355 1.62189065 1.94571210
v 37.11937744 1.62054002 1.94471738
v 37.11407471 1.62886571 1.95481641
v 37.12157227 1.62692277 1.95291227
v 37.12181152 1.62886571 1.95379789
v 37.12856201 1.62692277 1.95001752
v 37.12902100 1.62886571 1.95081144
v 37.13456299 1.62692277 1.94541272
v 37.12924805 1.63198884 1.95120450
v 37.12192871 1.63198884 1.95423612
v 37.13553223 1.63198884 1.94638196
v 37.13521240 1.62886571 1.94606107
v 37.13916748 1.62692277 1.93941159
v 37.14035400 1.63198884 1.94009702
v 37.13996094 1.62886571 1.93986997
v 37.14206299 1.62692277 1.93242322
v 37.14338623 1.63198884 1.93277799
v 37.14294922 1.62886571 1.93266050
v 37.14442139 1.63198884 1.92492368
v 37.14304932 1.62692277 1.92492368
v 37.14294922 1.62886571 1.93266050
v 37.14206299 1.62692277 1.93242322
v 37.14396729 1.62886571 1.92492368
v 37.14442139 1.63198884 1.92492368
v 37.12479736 1.62261658 1.92779660
v 37.12479736 1.62261658 1.92205060
v 37.12517578 1.62261658 1.92492368
v 37.12368652 1.62261658 1.91937314
v 37.12368652 1.62261658 1.93047391
v 37.12192383 1.62261658 1.93277295
v 37.12192383 1.62261658 1.91707425
v 37.11962402 1.62261658 1.93453717
v 37.11962402 1.62261658 1.91531018
v 37.11694580 1.62261658 1.93564603
v 37.11694580 1.62261658 1.91420118
v 37.11407471 1.62261658 1.93602430
v 37.11407471 1.62261658 1.91382291
v 37.11120117 1.62261658 1.93564603
v 37.11120117 1.62261658 1.91420118
v 37.10852295 1.62261658 1.93453702
v 37.10852295 1.62261658 1.91531018
v 37.10622559 1.62261658 1.93277295
v 37.10622559 1.62261658 1.91707425
v 37.10446045 1.62261658 1.93047391
v 37.10446045 1.62261658 1.91937314
v 37.10335205 1.62261658 1.92779660
v 37.10335205 1.62261658 1.92205060
v 37.10297363 1.62261658 1.92492368
v 37.13761230 1.63237500 1.91861692
v 37.13761230 1.63237500 1.93123044
v 37.13930176 1.63237500 1.92492368
v 37.13592041 1.63237500 1.91231015
v 37.13592041 1.63237500 1.93753720
v 37.13130371 1.63237496 1.90769330
v 37.13130371 1.63237500 1.94215406
v 37.12668701 1.63237496 1.90307645
v 37.12668701 1.63237500 1.94677091
v 37.12038086 1.63237496 1.90138654
v 37.12038086 1.63237500 1.94846082
v 37.11407471 1.63237496 1.89969663
v 37.11407471 1.63237500 1.95015073
v 37.10776611 1.63237496 1.90138654
v 37.10776611 1.63237500 1.94846082
v 37.10145996 1.63237496 1.90307645
v 37.10145996 1.63237500 1.94677091
v 37.09684326 1.63237496 1.90769330
v 37.09684326 1.63237500 1.94215406
v 37.09222656 1.63237500 1.91231015
v 37.09222656 1.63237500 1.93753720
v 37.09053711 1.63237500 1.93123044
v 37.09053711 1.63237500 1.91861692
v 37.08884766 1.63237500 1.92492368
v 37.11407471 1.62946805 1.94952314
v 37.10756836 1.62939267 1.94940427
v 37.11407471 1.62939198 1.94938459
v 37.10769043 1.62946805 1.94952314
v 37.10753662 1.62947022 1.94958707
v 37.10744385 1.62942670 1.94949643
v 37.10748779 1.62921792 1.94933027
v 37.10734619 1.62923920 1.94940152
v 37.11407471 1.62939198 1.94938459
v 37.10756836 1.62939267 1.94940427
v 37.10748779 1.62921792 1.94933027
v 37.11407471 1.62921792 1.94933027
v 37.10748779 1.62640767 1.94939267
v 37.10734619 1.62923920 1.94940152
v 37.10734619 1.62642892 1.94946378
v 37.10741211 1.62623086 1.94931897
v 37.10728760 1.62626687 1.94941007
v 37.10729248 1.62615037 1.94920087
v 37.10713867 1.62615617 1.94926557
v 37.11407471 1.62622094 1.94933957
v 37.11407471 1.62640767 1.94939267
v 37.12065918 1.62640767 1.94939267
v 37.12065918 1.62921792 1.94933027
v 37.12080322 1.62642892 1.94946378
v 37.12080322 1.62923920 1.94940152
v 37.12057861 1.62939267 1.94940427
v 37.12070312 1.62942670 1.94949643
v 37.12045654 1.62946805 1.94952314
v 37.11407471 1.62946805 1.94952314
v 37.11407471 1.62948003 1.95197477
v 37.12057373 1.62947930 1.95195493
v 37.12065186 1.62930989 1.95203672
v 37.11407471 1.62930989 1.95203672
v 37.10757324 1.62947930 1.95195493
v 37.12065186 1.62649964 1.95209913
v 37.12080078 1.62932641 1.95196531
v 37.12079834 1.62651643 1.95202939
v 37.10749268 1.62930989 1.95203672
v 37.10734619 1.62932648 1.95196469
v 37.11407471 1.62649964 1.95209913
v 37.10749512 1.62649964 1.95209913
v 37.12072998 1.62636010 1.95215512
v 37.12085205 1.62637475 1.95206495
v 37.11407471 1.62634820 1.95215863
v 37.10741699 1.62636613 1.95216489
v 37.10729492 1.62637833 1.95207135
v 37.12095215 1.62624100 1.94953550
v 37.12080322 1.62642892 1.94946378
v 37.12086182 1.62626660 1.94940961
v 37.12107178 1.62616708 1.94942136
v 37.12100830 1.62615563 1.94926465
v 37.12095459 1.62635079 1.95194242
v 37.12105957 1.62635201 1.95202405
v 37.12099121 1.62636235 1.95217481
v 37.12085205 1.62637475 1.95206495
v 37.10719482 1.62635648 1.95194974
v 37.10734863 1.62651665 1.95202665
v 37.10729492 1.62637833 1.95207135
v 37.10727295 1.62649232 1.95188413
v 37.10734619 1.62932648 1.95196469
v 37.10727295 1.62641495 1.94960782
v 37.10719482 1.62624154 1.94953611
v 37.10728760 1.62626687 1.94941007
v 37.10734619 1.62642892 1.94946378
v 37.10727295 1.62922520 1.94954557
v 37.10734619 1.62923920 1.94940152
v 37.10735107 1.62940003 1.94962201
v 37.10727295 1.62930257 1.95182172
v 37.10744629 1.62950738 1.95186124
v 37.10735107 1.62947198 1.95173764
v 37.10729492 1.62637833 1.95207135
v 37.10734863 1.62651665 1.95202665
v 37.10749512 1.62649964 1.95209913
v 37.10749268 1.62930989 1.95203672
v 37.10734619 1.62932648 1.95196469
v 37.10707520 1.62637177 1.95205350
v 37.10729492 1.62637833 1.95207135
v 37.10714111 1.62638303 1.95220700
v 37.10719482 1.62635648 1.95194974
v 37.10719482 1.62624154 1.94953611
v 37.10707520 1.62616860 1.94942182
v 37.10713867 1.62615617 1.94926557
v 37.10728760 1.62626687 1.94941007
v 37.10714111 1.62638303 1.95220700
v 37.10729492 1.62637833 1.95207135
v 37.10741699 1.62636613 1.95216489
v 37.10729980 1.62638657 1.95227124
v 37.11407471 1.62632676 1.95229444
v 37.11407471 1.62634820 1.95215863
v 37.12083008 1.62636582 1.95223844
v 37.12072998 1.62636010 1.95215512
v 37.12085205 1.62637475 1.95206495
v 37.12099121 1.62636235 1.95217481
v 37.12079590 1.62940003 1.94962217
v 37.12061279 1.62947022 1.94958722
v 37.12070312 1.62942670 1.94949643
v 37.12067627 1.62947545 1.94974164
v 37.12067627 1.62953919 1.95161695
v 37.12079590 1.62947205 1.95173978
v 37.12070068 1.62950730 1.95186200
v 37.12061035 1.62954438 1.95176969
v 37.12080078 1.62932641 1.95196531
v 37.12070312 1.62942670 1.94949643
v 37.12045654 1.62946805 1.94952314
v 37.12057861 1.62939267 1.94940427
v 37.12061279 1.62947022 1.94958722
v 37.10735107 1.62947198 1.95173764
v 37.10753662 1.62954438 1.95176908
v 37.10744629 1.62950738 1.95186124
v 37.10747070 1.62953912 1.95161496
v 37.10747070 1.62947545 1.94974149
v 37.10735107 1.62940003 1.94962201
v 37.10744385 1.62942670 1.94949643
v 37.10753662 1.62947022 1.94958707
v 37.10734619 1.62923920 1.94940152
v 37.10744629 1.62950738 1.95186124
v 37.10753662 1.62954438 1.95176908
v 37.10769531 1.62954652 1.95183286
v 37.10757324 1.62947930 1.95195493
v 37.10734619 1.62932648 1.95196469
v 37.11407471 1.62948003 1.95197477
v 37.11407471 1.62954652 1.95183286
v 37.12057373 1.62947930 1.95195493
v 37.12045166 1.62954652 1.95183286
v 37.12061035 1.62954438 1.95176969
v 37.12070068 1.62950730 1.95186200
v 37.12065186 1.62930989 1.95203672
v 37.12080078 1.62932641 1.95196531
v 37.10769531 1.62954652 1.95183286
v 37.10753662 1.62954438 1.95176908
v 37.10747070 1.62953912 1.95161496
v 37.10769531 1.62953912 1.95161496
v 37.10747070 1.62947545 1.94974149
v 37.11407471 1.62954652 1.95183286
v 37.10769043 1.62947545 1.94974149
v 37.10753662 1.62947022 1.94958707
v 37.10769043 1.62946805 1.94952314
v 37.11407471 1.62953912 1.95161588
v 37.11407471 1.62947545 1.94974149
v 37.11407471 1.62946805 1.94952314
v 37.12045654 1.62946805 1.94952314
v 37.12045654 1.62947545 1.94974164
v 37.12061279 1.62947022 1.94958722
v 37.12067627 1.62947545 1.94974164
v 37.12045166 1.62953919 1.95161695
v 37.12045166 1.62954652 1.95183286
v 37.12067627 1.62953919 1.95161695
v 37.12061035 1.62954438 1.95176969
v 37.12079590 1.62947205 1.95173978
v 37.12087402 1.62930268 1.95182416
v 37.12080078 1.62932641 1.95196531
v 37.12079834 1.62651643 1.95202939
v 37.12087402 1.62922524 1.94954572
v 37.12079590 1.62940003 1.94962217
v 37.12070312 1.62942670 1.94949643
v 37.12080322 1.62923920 1.94940152
v 37.12087402 1.62641503 1.94960798
v 37.12080322 1.62642892 1.94946378
v 37.12095215 1.62624100 1.94953550
v 37.12087402 1.62649243 1.95188688
v 37.12085205 1.62637475 1.95206495
v 37.12095459 1.62635079 1.95194242
v 10.25031677 -0.03292403 3.82070714
v 10.25031670 -0.03291832 3.54535161
v 10.25031670 -0.01771019 3.54535161
v 10.25594765 -0.05305665 3.28031743
v 10.25594749 -0.03725937 3.54535161
v 10.25594749 -0.05305664 3.54535161
v 10.25194214 -0.69245591 3.26527656
v 10.25079514 -0.69597337 3.27109840
v 10.25079300 -0.69318803 3.26436256
v 10.25194214 -0.69245591 3.26527656
v 10.25194931 -0.69525651 3.27205665
v 10.25079514 -0.69597337 3.27109840
v 10.25031670 -0.03291832 3.54535161
v 10.25079498 -0.03397261 3.81958440
v 10.25079636 -0.03397262 3.54535161
v 10.25031670 -0.03291832 3.54535161
v 10.25031677 -0.03292403 3.82070714
v 10.25079498 -0.03397261 3.81958440
v 10.25031693 -0.03293168 3.26991826
v 10.25079636 -0.03397262 3.54535161
v 10.25079514 -0.03397645 3.27109624
v 10.25550301 -0.03616128 3.27395848
v 10.25594749 -0.03725937 3.54535161
v 10.25594765 -0.03725938 3.27453130
v 10.27856018 -0.60124924 3.49938728
v 10.27870598 -0.60156006 3.51061714
v 10.27870598 -0.60156006 3.49938728
v 10.26014946 -0.60221969 3.56525642
v 10.26027199 -0.60609939 3.56247261
v 10.26027199 -0.60162872 3.56432411
v 10.26013268 -0.60242935 3.56531440
v 10.26012306 -0.60655502 3.56326026
v 10.25995049 -0.60242935 3.56771125
v 10.12946640 -0.01772353 3.84616460
v 10.24642975 -0.01532706 3.83793767
v 10.12946640 -0.01532706 3.83799077
v 10.24642975 -0.01773879 3.84614934
v 10.12557930 -0.02428384 3.24510564
v 10.12557930 -0.01830507 3.25110783
v 10.12557930 -0.02006669 3.24686101
v 10.12557930 -0.02428384 3.25110783
v 10.12557930 -0.01830124 3.54535161
v 10.12557930 -0.36497590 3.24510107
v 10.12557930 -0.02428383 3.54535161
v 10.12557938 -0.01862914 3.83858372
v 10.12557930 -0.36497590 3.25110785
v 10.12557938 -0.02428382 3.83959538
v 10.12557938 -0.02019248 3.84389531
v 10.12557938 -0.02428381 3.84559758
v 10.12557930 -0.36497589 3.54535162
v 10.12557938 -0.36497588 3.83959540
v 10.12557938 -0.36497588 3.84560217
v 10.12557938 -0.70566786 3.84559761
v 10.12557938 -0.70566786 3.83959541
v 10.12557938 -0.70989653 3.84383797
v 10.12557938 -0.71165816 3.83959541
v 10.12557930 -0.70566788 3.54535164
v 10.12557930 -0.71166183 3.54535164
v 10.12557930 -0.70566789 3.25110786
v 10.12557930 -0.71165818 3.25110786
v 10.12557930 -0.70566789 3.24510567
v 10.12557930 -0.70989656 3.24686562
v 10.25442970 -0.03543868 3.81742131
v 10.25195343 -0.03469704 3.54535161
v 10.25194923 -0.03469512 3.81864659
v 10.25442589 -0.03543869 3.54535161
v 10.25194931 -0.03469514 3.27205663
v 10.25442993 -0.03543870 3.27328191
v 10.25594765 -0.68367646 3.26560066
v 10.25594765 -0.69269227 3.27453132
v 10.25594765 -0.69009935 3.26825966
v 10.25594765 -0.67689500 3.28031746
v 10.25594749 -0.69269226 3.54535164
v 10.25594765 -0.36497590 3.26560309
v 10.25594749 -0.67689499 3.54535164
v 10.25594734 -0.69269225 3.81617195
v 10.25594765 -0.36497590 3.28031744
v 10.25594734 -0.67689498 3.81038582
v 10.25594734 -0.69009932 3.82244362
v 10.25594734 -0.68367644 3.82510292
v 10.25594749 -0.36497589 3.54535162
v 10.25594734 -0.36497588 3.81038580
v 10.25594734 -0.36497588 3.82510016
v 10.25594734 -0.04627516 3.82510289
v 10.25594734 -0.05305663 3.81038579
v 10.25594734 -0.03985221 3.82244359
v 10.25594734 -0.03725936 3.81617192
v 10.25594749 -0.05305664 3.54535161
v 10.25594765 -0.05305665 3.28031743
v 10.25594765 -0.04627519 3.26560063
v 10.25594765 -0.03985223 3.26825963
v 10.12946640 -0.71222823 3.84616463
v 10.24642975 -0.70561263 3.84888679
v 10.12946640 -0.70566603 3.84888679
v 10.24642975 -0.71221282 3.84614937
v 10.25031693 -0.01767778 3.25395970
v 10.25031693 -0.03571702 3.26321111
v 10.25031693 -0.02040025 3.24731511
v 10.25031693 -0.03293168 3.26991826
v 10.25031670 -0.03291832 3.54535161
v 10.25031670 -0.01771019 3.54535161
v 10.25031677 -0.03292403 3.82070714
v 10.25031677 -0.01802092 3.83529729
v 10.25031677 -0.02038886 3.84339940
v 10.25031677 -0.03573035 3.82747868
v 10.25194923 -0.69525649 3.81864662
v 10.25443657 -0.69167220 3.82427650
v 10.25194191 -0.69245589 3.82542671
v 10.25442970 -0.69451293 3.81742134
v 10.25031677 -0.70956664 3.84340401
v 10.25031677 -0.69422698 3.82748482
v 10.25031677 -0.68752761 3.83026954
v 10.25031677 -0.70294356 3.84613960
v 10.25031677 -0.36497588 3.83027563
v 10.25031677 -0.36497588 3.84612219
v 10.25031677 -0.02701010 3.84613713
v 10.25031677 -0.04242789 3.83026585
v 10.25031677 -0.03573035 3.82747868
v 10.25031677 -0.02038886 3.84339940
v 10.12946640 -0.01500488 3.54535161
v 10.24642967 -0.01500488 3.54535161
v 10.12946648 -0.01500489 3.25110966
v 10.24642967 -0.01500489 3.25116276
v 10.12946640 -0.02428572 3.84888676
v 10.24642975 -0.01773879 3.84614934
v 10.12946640 -0.01772353 3.84616460
v 10.24642975 -0.02433905 3.84888676
v 10.25443680 -0.03827935 3.26642674
v 10.25194214 -0.03749582 3.26527654
v 10.25194191 -0.69245589 3.82542671
v 10.25443924 -0.68481841 3.82711616
v 10.25193886 -0.68568968 3.82823494
v 10.25443657 -0.69167220 3.82427650
v 10.25194191 -0.03749579 3.82542668
v 10.25443657 -0.03827933 3.82427647
v 10.25031693 -0.02040025 3.24731511
v 10.25031693 -0.03571702 3.26321111
v 10.25031693 -0.04241838 3.26042668
v 10.25031693 -0.02701967 3.24457524
v 10.25031693 -0.36497590 3.24458746
v 10.25031693 -0.36497590 3.26042029
v 10.25031693 -0.68753144 3.26042946
v 10.25031693 -0.70293962 3.24456764
v 10.25031693 -0.69423082 3.26321541
v 10.25031693 -0.70956468 3.24730232
v 10.12946640 -0.71494675 3.54535164
v 10.24642975 -0.71494673 3.83954048
v 10.12946640 -0.71494673 3.83959389
v 10.24642967 -0.71494675 3.54535164
v 10.12946648 -0.71494676 3.25110969
v 10.24642967 -0.71494676 3.25116280
v 10.25193893 -0.68568971 3.26246834
v 10.25443680 -0.69167222 3.26642677
v 10.25194214 -0.69245591 3.26527656
v 10.25443962 -0.68481843 3.26358711
v 10.25031693 -0.70956468 3.24730232
v 10.25031693 -0.69423082 3.26321541
v 10.25031693 -0.69701249 3.26992500
v 10.25031693 -0.71229295 3.25394051
v 10.25031670 -0.69702194 3.54535164
v 10.25031670 -0.71227386 3.54535164
v 10.25031677 -0.69701049 3.82077644
v 10.25031677 -0.71229476 3.83676460
v 10.25031677 -0.69422698 3.82748482
v 10.25031677 -0.70956664 3.84340401
v 10.12946648 -0.71222825 3.24453865
v 10.24642960 -0.71221284 3.24455421
v 10.25442993 -0.69451295 3.27328194
v 10.25443680 -0.69167222 3.26642677
v 10.24642975 -0.71221282 3.84614937
v 10.12946640 -0.71222823 3.84616463
v 10.24642960 -0.02433908 3.24181676
v 10.12946648 -0.01772355 3.24453862
v 10.24642960 -0.01773881 3.24455418
v 10.12946648 -0.02428575 3.24181676
v 10.25443901 -0.36497588 3.82711615
v 10.25193924 -0.36497588 3.82823492
v 10.25193886 -0.04426192 3.82823491
v 10.25443924 -0.04513320 3.82711614
v 10.25195343 -0.69525467 3.54535164
v 10.25442589 -0.69451294 3.54535164
v 10.25443657 -0.03827933 3.82427647
v 10.25194191 -0.03749579 3.82542668
v 10.25193916 -0.36497590 3.26246863
v 10.25443924 -0.36497590 3.26358710
v 10.25443962 -0.04513322 3.26358708
v 10.25193893 -0.04426194 3.26246831
v 10.25194214 -0.03749582 3.26527654
v 10.25443680 -0.03827935 3.26642674
v 10.24642975 -0.36497588 3.84888678
v 10.12946640 -0.36497588 3.84888678
v 10.12946648 -0.36497590 3.24181677
v 10.24642960 -0.70561265 3.24181679
v 10.12946648 -0.70566606 3.24181679
v 10.24642960 -0.36497590 3.24181677
v 10.24642960 -0.71221284 3.24455421
v 10.12946648 -0.71222825 3.24453865
v 10.24642960 -0.01773881 3.24455418
v 10.12946648 -0.01772355 3.24453862
v 10.12671768 -0.02428381 3.84792332
v 10.12671768 -0.01844611 3.84550023
v 10.12671768 -0.01844611 3.84550023
v 10.12671768 -0.02428381 3.84792332
v 10.24917824 -0.01851477 3.84534367
v 10.24917824 -0.02512267 3.84808110
v 10.24917824 -0.02512267 3.84808110
v 10.24917824 -0.01851477 3.84534367
v 10.12671768 -0.01629370 3.83816533
v 10.12671768 -0.01629370 3.83816533
v 10.12671768 -0.01844611 3.84550023
v 10.24917824 -0.01611640 3.83716374
v 10.24917824 -0.01851477 3.84534367
v 10.24917824 -0.01851477 3.84534367
v 10.24917824 -0.01611640 3.83716374
v 10.24917839 -0.02512460 3.24262456
v 10.24917839 -0.01851861 3.24536290
v 10.24917839 -0.01851861 3.24536290
v 10.24917839 -0.02512460 3.24262456
v 10.12671783 -0.01840989 3.24521855
v 10.12671783 -0.02428384 3.24278020
v 10.12671783 -0.02428384 3.24278020
v 10.12671783 -0.01840989 3.24521855
v 10.24917839 -0.01851861 3.24536290
v 10.24917839 -0.01578851 3.25198247
v 10.24917839 -0.01578851 3.25198247
v 10.24917839 -0.01851861 3.24536290
v 10.12671783 -0.01597154 3.25110814
v 10.12671783 -0.01840989 3.24521855
v 10.12671783 -0.01597154 3.25110814
v 10.12671768 -0.71398207 3.83959511
v 10.12671768 -0.71154555 3.84548347
v 10.12671768 -0.71154555 3.84548347
v 10.12671768 -0.71398207 3.83959511
v 10.24917824 -0.71143691 3.84534492
v 10.24917824 -0.71416884 3.83872688
v 10.24917824 -0.71416884 3.83872688
v 10.24917824 -0.71143691 3.84534492
v 10.12671768 -0.70566786 3.84792335
v 10.12671768 -0.70566786 3.84792335
v 10.12671768 -0.71154555 3.84548347
v 10.24917824 -0.70483092 3.84808205
v 10.24917824 -0.71143691 3.84534492
v 10.24917824 -0.71143691 3.84534492
v 10.24917824 -0.70483092 3.84808205
v 10.24917839 -0.71416887 3.25197700
v 10.24917839 -0.71143693 3.24535927
v 10.24917839 -0.71143693 3.24535927
v 10.24917839 -0.71416887 3.25197700
v 10.12671783 -0.71154558 3.24521980
v 10.12671783 -0.71398210 3.25110817
v 10.12671783 -0.71398210 3.25110817
v 10.12671783 -0.71154558 3.24521980
v 10.24917839 -0.71143693 3.24535927
v 10.24917839 -0.70482896 3.24262245
v 10.24917839 -0.70482896 3.24262245
v 10.24917839 -0.71143693 3.24535927
v 10.12671783 -0.70566789 3.24278023
v 10.12671783 -0.71154558 3.24521980
v 10.12671783 -0.70566789 3.24278023
v 10.12671783 -0.36497590 3.24277869
v 10.12671783 -0.36497590 3.24277869
v 10.24917839 -0.36497590 3.24262823
v 10.24917839 -0.36497590 3.24262823
v 10.12671768 -0.36497588 3.84792456
v 10.12671768 -0.36497588 3.84792456
v 10.12671783 -0.01597153 3.54535161
v 10.12671783 -0.01597153 3.54535161
v 10.24917839 -0.01579803 3.54535161
v 10.24917839 -0.01579803 3.54535161
v 10.24917824 -0.36497588 3.84807684
v 10.24917824 -0.36497588 3.84807684
v 10.12671783 -0.71398407 3.54535164
v 10.12671783 -0.71398407 3.54535164
v 10.24917839 -0.71416321 3.54535164
v 10.24917839 -0.71416321 3.54535164
v 10.25194931 -0.03469514 3.27205663
v 10.25079300 -0.03676370 3.26436131
v 10.25194214 -0.03749582 3.26527654
v 10.25031693 -0.03571702 3.26321111
v 10.25079201 -0.04348787 3.26156987
v 10.25079300 -0.03676370 3.26436131
v 10.25079300 -0.03676370 3.26436131
v 10.25031693 -0.04241838 3.26042668
v 10.25031693 -0.03571702 3.26321111
v 10.25079201 -0.04348787 3.26156987
v 10.25193886 -0.04426192 3.82823491
v 10.25079277 -0.03676749 3.82633794
v 10.25079185 -0.04348982 3.82913030
v 10.25194191 -0.03749579 3.82542668
v 10.25031677 -0.03573035 3.82747868
v 10.25031677 -0.04242789 3.83026585
v 10.25194191 -0.03749579 3.82542668
v 10.25079277 -0.03676749 3.82633794
v 10.25194923 -0.03469512 3.81864659
v 10.25031677 -0.03573035 3.82747868
v 10.25079300 -0.69318803 3.26436256
v 10.25079201 -0.68646379 3.26157051
v 10.25079201 -0.68646379 3.26157051
v 10.25031693 -0.69423082 3.26321541
v 10.25031693 -0.68753144 3.26042946
v 10.25079300 -0.69318803 3.26436256
v 10.25031693 -0.69701249 3.26992500
v 10.25031693 -0.69423082 3.26321541
v 10.25079277 -0.69318602 3.82633980
v 10.25079498 -0.69597335 3.81960457
v 10.25079498 -0.69597335 3.81960457
v 10.25031677 -0.69422698 3.82748482
v 10.25031677 -0.69701049 3.82077644
v 10.25079277 -0.69318602 3.82633980
v 10.25194191 -0.69245589 3.82542671
v 10.25079185 -0.68646193 3.82913154
v 10.25079277 -0.69318602 3.82633980
v 10.25193886 -0.68568968 3.82823494
v 10.25031677 -0.68752761 3.83026954
v 10.25031677 -0.69422698 3.82748482
v 10.25031693 -0.36497590 3.26042029
v 10.25031693 -0.04241838 3.26042668
v 10.25079208 -0.36497590 3.26156805
v 10.25031693 -0.68753144 3.26042946
v 10.25079636 -0.03397262 3.54535161
v 10.25079498 -0.03397261 3.81958440
v 10.25079514 -0.03397645 3.27109624
v 10.25079201 -0.36497588 3.82913336
v 10.25031677 -0.36497588 3.83027563
v 10.25079185 -0.04348982 3.82913030
v 10.25079201 -0.36497588 3.82913336
v 10.25079185 -0.68646193 3.82913154
v 10.25031670 -0.69702194 3.54535164
v 10.25079636 -0.69597717 3.54535164
v 10.25079636 -0.69597717 3.54535164
v 10.25550507 -0.03893708 3.26725224
v 10.25550301 -0.03616128 3.27395848
v 10.25443680 -0.03827935 3.26642674
v 10.25442993 -0.03543870 3.27328191
v 10.25550507 -0.03893708 3.26725224
v 10.25550575 -0.04568422 3.26445653
v 10.25550507 -0.03893708 3.26725224
v 10.25550575 -0.04568422 3.26445653
v 10.25550491 -0.03893706 3.82345097
v 10.25550575 -0.04568419 3.82624699
v 10.25550575 -0.04568419 3.82624699
v 10.25443657 -0.03827933 3.82427647
v 10.25443924 -0.04513320 3.82711614
v 10.25550491 -0.03893706 3.82345097
v 10.25550293 -0.03616126 3.81674504
v 10.25550491 -0.03893706 3.82345097
v 10.25442970 -0.03543868 3.81742131
v 10.25443657 -0.03827933 3.82427647
v 10.25550293 -0.03616126 3.81674504
v 10.25550507 -0.69101457 3.26725227
v 10.25550575 -0.68426744 3.26445656
v 10.25550575 -0.68426744 3.26445656
v 10.25550507 -0.69101457 3.26725227
v 10.25550301 -0.69379045 3.27395851
v 10.25550507 -0.69101457 3.26725227
v 10.25550301 -0.69379045 3.27395851
v 10.25550491 -0.69101454 3.82345100
v 10.25550293 -0.69379042 3.81674507
v 10.25550293 -0.69379042 3.81674507
v 10.25550491 -0.69101454 3.82345100
v 10.25550575 -0.68426741 3.82624702
v 10.25550491 -0.69101454 3.82345100
v 10.25443924 -0.68481841 3.82711616
v 10.25443657 -0.69167220 3.82427650
v 10.25550575 -0.68426741 3.82624702
v 10.25594765 -0.04627519 3.26560063
v 10.25550575 -0.36497590 3.26445715
v 10.25550575 -0.04568422 3.26445653
v 10.25594765 -0.36497590 3.26560309
v 10.25550575 -0.68426744 3.26445656
v 10.25594765 -0.68367646 3.26560066
v 10.25550575 -0.36497590 3.26445715
v 10.25550293 -0.03616126 3.81674504
v 10.25550163 -0.03616127 3.54535161
v 10.25550301 -0.03616128 3.27395848
v 10.25550163 -0.03616127 3.54535161
v 10.25550293 -0.03616126 3.81674504
v 10.25594734 -0.03725936 3.81617192
v 10.25594749 -0.03725937 3.54535161
v 10.25550301 -0.03616128 3.27395848
v 10.25550568 -0.36497588 3.82624640
v 10.25550575 -0.04568419 3.82624699
v 10.25550575 -0.68426741 3.82624702
v 10.25550568 -0.36497588 3.82624640
v 10.25550163 -0.69379044 3.54535164
v 10.25550163 -0.69379044 3.54535164
v 10.27316498 -0.60294998 3.46569770
v 10.28066757 -0.59683396 3.46569770
v 10.28066757 -0.60294998 3.46569770
v 10.27316498 -0.59683396 3.46569770
v 10.26566246 -0.60294998 3.46569770
v 10.26566246 -0.59683396 3.46569770
v 10.27856018 -0.60124924 3.54430671
v 10.27856018 -0.60120743 3.54867469
v 10.27856018 -0.60124924 3.54849555
v 10.27856018 -0.60110641 3.54882881
v 10.27869049 -0.60148956 3.54879524
v 10.27870598 -0.60154861 3.54862373
v 10.27870598 -0.60140564 3.54895606
v 10.27870598 -0.59700363 3.55312538
v 10.27856018 -0.59700363 3.55274177
v 10.27856018 -0.60106247 3.54430671
v 10.27856018 -0.59683395 3.55280891
v 10.27867416 -0.59683395 3.55314521
v 10.27856018 -0.59666428 3.55274177
v 10.27870598 -0.59666611 3.55312538
v 10.27870598 -0.59226395 3.54895606
v 10.27856018 -0.59683395 3.55269935
v 10.27856018 -0.59683395 3.54430671
v 10.27856018 -0.60100906 3.53869148
v 10.27856018 -0.59683395 3.53869148
v 10.27856018 -0.60124924 3.53869148
v 10.27870598 -0.60156006 3.54430671
v 10.27870598 -0.60156006 3.53869148
v 10.27856018 -0.59256149 3.54882881
v 10.27856018 -0.59260528 3.54430671
v 10.27856018 -0.59246231 3.54867469
v 10.27869049 -0.59218017 3.54879524
v 10.27856018 -0.59266052 3.53869148
v 10.27856018 -0.59242035 3.53869148
v 10.27856018 -0.59271393 3.53307685
v 10.27856018 -0.59683395 3.53307685
v 10.27856018 -0.60095566 3.53307685
v 10.27856018 -0.59242035 3.54849555
v 10.27870598 -0.59212112 3.54862373
v 10.27870598 -0.59210953 3.54430671
v 10.27856018 -0.59242035 3.54430671
v 10.27870598 -0.59210953 3.53869148
v 10.27870598 -0.59210953 3.53307685
v 10.27866760 -0.59219162 3.53307685
v 10.27870598 -0.59210953 3.52184699
v 10.27866760 -0.59219162 3.52184699
v 10.27870598 -0.59210953 3.51061714
v 10.27856018 -0.59242035 3.51061714
v 10.27870598 -0.59210953 3.49938728
v 10.27856018 -0.59242035 3.53332160
v 10.27856018 -0.59242035 3.53278083
v 10.27856018 -0.59250610 3.53299018
v 10.27856018 -0.59322113 3.53198249
v 10.27856018 -0.59242035 3.49938728
v 10.27870598 -0.59210953 3.48815742
v 10.27857620 -0.59333359 3.53216255
v 10.27856018 -0.59242035 3.48815742
v 10.27870598 -0.59214585 3.46732856
v 10.27856018 -0.59242035 3.46760261
v 10.27870598 -0.59683396 3.46729255
v 10.27856018 -0.59683396 3.46760261
v 10.27870598 -0.60152390 3.46732856
v 10.27856018 -0.59683396 3.48815742
v 10.27856018 -0.59683396 3.49938728
v 10.27856018 -0.59683395 3.51061714
v 10.27856018 -0.60124924 3.46760261
v 10.27870598 -0.60156006 3.48815742
v 10.27856018 -0.60124924 3.48815742
v 10.27870598 -0.60156006 3.49938728
v 10.27856018 -0.60124924 3.49938728
v 10.27856018 -0.60124924 3.51061714
v 10.27856018 -0.60095566 3.52184699
v 10.27870598 -0.60156006 3.51061714
v 10.27856018 -0.59683395 3.52184699
v 10.27866760 -0.60147812 3.52184699
v 10.27870598 -0.60156006 3.52184699
v 10.27870598 -0.60156006 3.53307685
v 10.27856018 -0.60124924 3.52160194
v 10.27866760 -0.60147812 3.53307685
v 10.27856018 -0.60124924 3.52214240
v 10.27856018 -0.60124924 3.53332160
v 10.27856018 -0.60124924 3.53278083
v 10.27856018 -0.60116348 3.52193366
v 10.27856018 -0.60116348 3.53299018
v 10.27856018 -0.60044861 3.52294135
v 10.27856018 -0.60015686 3.53227607
v 10.27857620 -0.60033615 3.53216255
v 10.27856018 -0.59683395 3.53227607
v 10.27857620 -0.60033615 3.52276100
v 10.27856018 -0.60044861 3.53198249
v 10.27868607 -0.59994522 3.53205665
v 10.27872742 -0.60010925 3.53193489
v 10.27868607 -0.60023315 3.53177131
v 10.27868607 -0.60023315 3.52315254
v 10.27872742 -0.60010925 3.52298866
v 10.27868607 -0.59683395 3.53202461
v 10.27856018 -0.59351273 3.53227607
v 10.27856018 -0.60015686 3.52264778
v 10.27868607 -0.59994522 3.52286689
v 10.27868607 -0.59683395 3.52289894
v 10.27856018 -0.59683395 3.52264778
v 10.27868607 -0.59372437 3.52286689
v 10.27856018 -0.59351273 3.52264778
v 10.27857620 -0.59333359 3.52276100
v 10.27872742 -0.59355850 3.52298866
v 10.27856018 -0.59322113 3.52294135
v 10.27868607 -0.59343460 3.52315254
v 10.27901726 -0.59367477 3.52310523
v 10.27868607 -0.59343460 3.53177131
v 10.27899010 -0.59357956 3.53162971
v 10.27872742 -0.59355850 3.53193488
v 10.27901726 -0.59367477 3.53181831
v 10.27868607 -0.59372437 3.53205665
v 10.27899010 -0.59683395 3.53191352
v 10.28065544 -0.59361191 3.53158576
v 10.28065941 -0.59369583 3.53178535
v 10.28082962 -0.59372818 3.53175239
v 10.27316498 -0.59683396 3.46569770
v 10.28066757 -0.59071976 3.46569770
v 10.28066757 -0.59683396 3.46569770
v 10.27316498 -0.59071976 3.46569770
v 10.26566246 -0.59683396 3.46569770
v 10.26566246 -0.59071976 3.46569770
v 10.27905792 -0.59700165 3.55340400
v 10.27870598 -0.60140564 3.54895606
v 10.27870598 -0.59700363 3.55312538
v 10.27905792 -0.60158493 3.54903266
v 10.28067078 -0.59699966 3.55369850
v 10.27904556 -0.60168014 3.54887702
v 10.27869049 -0.60148956 3.54879524
v 10.28065826 -0.60189178 3.54896797
v 10.28067078 -0.60179642 3.54912361
v 10.28084579 -0.59699600 3.55381843
v 10.28083038 -0.60196808 3.54900031
v 10.28084579 -0.60188415 3.54916175
v 10.27870598 -0.59210953 3.48815742
v 10.27870598 -0.59214585 3.46732856
v 10.27905807 -0.59194184 3.46712592
v 10.27905807 -0.59194184 3.48815742
v 10.27870598 -0.59210953 3.49938728
v 10.28067078 -0.59173020 3.46691291
v 10.27905807 -0.59194183 3.49938728
v 10.27870598 -0.59210953 3.51061714
v 10.28067078 -0.59173020 3.48815742
v 10.28084579 -0.59162918 3.46681220
v 10.28067078 -0.59173020 3.49938728
v 10.27905807 -0.59194183 3.51061714
v 10.27870598 -0.59210953 3.52184699
v 10.28067078 -0.59173019 3.51061714
v 10.27905807 -0.59194183 3.52184699
v 10.27870598 -0.59210953 3.53307685
v 10.28067078 -0.59173019 3.52184699
v 10.27905807 -0.59194183 3.53307685
v 10.27870598 -0.59210953 3.53869148
v 10.28067078 -0.59173019 3.53307685
v 10.27905792 -0.59194183 3.53869148
v 10.27870598 -0.59210953 3.54430671
v 10.28067078 -0.59173019 3.53869148
v 10.27905792 -0.59194183 3.54430671
v 10.27870598 -0.59212112 3.54862373
v 10.28067078 -0.59173019 3.54430671
v 10.27905792 -0.59194183 3.54870002
v 10.27904556 -0.59198944 3.54887702
v 10.27869049 -0.59218017 3.54879524
v 10.28065826 -0.59177597 3.54896797
v 10.28067078 -0.59173019 3.54879157
v 10.28083038 -0.59170166 3.54900031
v 10.28084579 -0.59164627 3.54430671
v 10.28084579 -0.59164246 3.54882881
v 10.28091820 -0.59149185 3.54430671
v 10.27905807 -0.59683396 3.46712593
v 10.27870598 -0.59214585 3.46732856
v 10.27870598 -0.59683396 3.46729255
v 10.27905807 -0.59194184 3.46712592
v 10.28067078 -0.59683396 3.46691291
v 10.28067078 -0.59173020 3.46691291
v 10.28084579 -0.59683396 3.46682990
v 10.28084579 -0.59162918 3.46681220
v 10.27856018 -0.60124924 3.54430671
v 10.27870598 -0.60154861 3.54862373
v 10.27870598 -0.60156006 3.54430671
v 10.27856018 -0.60124924 3.54849555
v 10.27856018 -0.60120743 3.54867469
v 10.27905807 -0.60172592 3.46712593
v 10.27870598 -0.59683396 3.46729255
v 10.27870598 -0.60152390 3.46732856
v 10.27905807 -0.59683396 3.46712593
v 10.28067078 -0.60193955 3.46691291
v 10.28067078 -0.59683396 3.46691291
v 10.28084579 -0.60204056 3.46681220
v 10.28084579 -0.59683396 3.46682990
v 10.26566246 -0.60294998 3.46569770
v 10.26551773 -0.60306809 3.46578407
v 10.26548515 -0.60294998 3.46575752
v 10.26541176 -0.60294998 3.46590217
v 10.26548515 -0.60309479 3.46590217
v 10.26541176 -0.60294998 3.48815742
v 10.26548515 -0.60309479 3.48815742
v 10.26541176 -0.60294998 3.49938728
v 10.26548515 -0.60309479 3.49938728
v 10.26541176 -0.60294998 3.51061714
v 10.26548515 -0.60309479 3.51061714
v 10.26541176 -0.60294998 3.52184699
v 10.26548515 -0.60309479 3.52184699
v 10.26541176 -0.60294998 3.53307685
v 10.26548515 -0.60309479 3.53307685
v 10.26541183 -0.60294998 3.53869148
v 10.26548515 -0.60309479 3.53869148
v 10.26541183 -0.60294998 3.54430671
v 10.26548515 -0.60309479 3.54430671
v 10.26541183 -0.60294998 3.54922492
v 10.26548515 -0.60308914 3.54928413
v 10.26547058 -0.60303192 3.54945564
v 10.26541183 -0.60290802 3.54940284
v 10.26566246 -0.60294998 3.46569770
v 10.26566246 -0.60309479 3.46575752
v 10.26551773 -0.60306809 3.46578407
v 10.27316498 -0.60309479 3.46575752
v 10.27316498 -0.60294998 3.46569770
v 10.28066757 -0.60309479 3.46575752
v 10.28066757 -0.60294998 3.46569770
v 10.26566246 -0.59071976 3.46569770
v 10.26548515 -0.59071976 3.46575752
v 10.26551773 -0.59060166 3.46578407
v 10.26541176 -0.59071976 3.46590217
v 10.26548515 -0.59057480 3.46590217
v 10.26548515 -0.59057480 3.48815742
v 10.26541176 -0.59071976 3.48815742
v 10.26548515 -0.59057480 3.49938728
v 10.26541176 -0.59071976 3.49938728
v 10.26548515 -0.59057480 3.51061714
v 10.26541176 -0.59071976 3.51061714
v 10.26548515 -0.59057480 3.52184699
v 10.26541176 -0.59071976 3.52184699
v 10.26548515 -0.59057480 3.53307685
v 10.26541176 -0.59071976 3.53307685
v 10.26548515 -0.59057480 3.53869148
v 10.26541183 -0.59071976 3.53869148
v 10.26548515 -0.59057480 3.54430671
v 10.26541183 -0.59071976 3.54430671
v 10.26548515 -0.59058060 3.54928413
v 10.26541183 -0.59071976 3.54922492
v 10.26541183 -0.59075973 3.54940284
v 10.26547058 -0.59063782 3.54945564
v 10.26566246 -0.59698257 3.55539527
v 10.26551773 -0.59683395 3.55541694
v 10.26548515 -0.59693878 3.55535377
v 10.26566246 -0.59683395 3.55545387
v 10.26566246 -0.59668716 3.55539527
v 10.26548515 -0.59672897 3.55535377
v 10.26566246 -0.59683395 3.55545387
v 10.26548515 -0.59072159 3.54961494
v 10.27316498 -0.59668716 3.55539527
v 10.27316498 -0.59683395 3.55545356
v 10.26566246 -0.59065491 3.54964301
v 10.28066757 -0.59668716 3.55539527
v 10.28066757 -0.59683395 3.55545356
v 10.27316498 -0.59065491 3.54964301
v 10.28066757 -0.59065689 3.54964301
v 10.28067543 -0.59055954 3.54948921
v 10.27316498 -0.59055588 3.54949043
v 10.26565475 -0.59055954 3.54948921
v 10.26547058 -0.59063782 3.54945564
v 10.28067078 -0.59699966 3.55369850
v 10.28084412 -0.59683395 3.55387397
v 10.28084579 -0.59699600 3.55381843
v 10.28065361 -0.59683395 3.55376106
v 10.27902924 -0.59683395 3.55345222
v 10.27905792 -0.59700165 3.55340400
v 10.28067078 -0.59666794 3.55369850
v 10.28084412 -0.59683395 3.55387397
v 10.28065361 -0.59683395 3.55376106
v 10.28084579 -0.59667374 3.55381843
v 10.28066757 -0.59071976 3.46569770
v 10.28081230 -0.59060166 3.46578407
v 10.28084488 -0.59071976 3.46575752
v 10.28066757 -0.59057480 3.46575752
v 10.28066757 -0.59051392 3.46590217
v 10.28084488 -0.59057480 3.46590217
v 10.28084488 -0.59057480 3.48815742
v 10.28066757 -0.59051392 3.48815742
v 10.28084488 -0.59057480 3.49938728
v 10.28066757 -0.59051392 3.49938728
v 10.28084488 -0.59057480 3.51061714
v 10.28066757 -0.59051392 3.51061714
v 10.28084488 -0.59057480 3.52184699
v 10.28066757 -0.59051392 3.52184699
v 10.28084488 -0.59057480 3.53307685
v 10.28066757 -0.59051392 3.53307685
v 10.28084488 -0.59057480 3.53869148
v 10.28066757 -0.59051392 3.53869148
v 10.28084488 -0.59057480 3.54430671
v 10.28066757 -0.59051392 3.54430671
v 10.28084488 -0.59058060 3.54928352
v 10.28066757 -0.59051392 3.54931281
v 10.28067543 -0.59055954 3.54948921
v 10.28085938 -0.59063782 3.54945533
v 10.28066757 -0.59668716 3.55539527
v 10.28066757 -0.59683395 3.55545356
v 10.28084534 -0.59683395 3.55534950
v 10.28084488 -0.59662994 3.55525764
v 10.28066757 -0.59065689 3.54964301
v 10.28084488 -0.59072357 3.54961555
v 10.28085938 -0.59063782 3.54945533
v 10.28067543 -0.59055954 3.54948921
v 10.28066757 -0.59698257 3.55539527
v 10.28084534 -0.59683395 3.55534950
v 10.28066757 -0.59683395 3.55545356
v 10.28084488 -0.59703979 3.55525764
v 10.28084488 -0.60294601 3.54961555
v 10.28066757 -0.60301285 3.54964302
v 10.28067543 -0.60311005 3.54948921
v 10.28085938 -0.60303192 3.54945533
v 10.28066757 -0.60315384 3.46590217
v 10.28066757 -0.60309479 3.46575752
v 10.28081230 -0.60306809 3.46578407
v 10.28084488 -0.60309479 3.46590217
v 10.28091835 -0.60294998 3.46590217
v 10.28066757 -0.60315384 3.48815742
v 10.28084488 -0.60294998 3.46575752
v 10.28084488 -0.60309479 3.48815742
v 10.28066757 -0.60315384 3.49938728
v 10.28091835 -0.59683396 3.46590217
v 10.28084488 -0.59683396 3.46575752
v 10.28091835 -0.59683396 3.46667610
v 10.28084488 -0.60309479 3.49938728
v 10.28066757 -0.60315384 3.51061714
v 10.28091835 -0.60217591 3.46667610
v 10.28084579 -0.59683396 3.46682990
v 10.28084579 -0.60204056 3.46681220
v 10.28091835 -0.60294998 3.48815742
v 10.28091835 -0.60217591 3.48815742
v 10.28084579 -0.60202149 3.48815742
v 10.28084488 -0.60309479 3.51061714
v 10.28066757 -0.60315384 3.52184699
v 10.28091835 -0.60294998 3.49938728
v 10.28091835 -0.60217590 3.49938728
v 10.28084579 -0.60202149 3.49938728
v 10.28084488 -0.60309479 3.52184699
v 10.28066757 -0.60315384 3.53307685
v 10.28091835 -0.60294998 3.51061714
v 10.28091835 -0.60217590 3.51061714
v 10.28084579 -0.60202149 3.51061714
v 10.28091835 -0.60294998 3.52184699
v 10.28084488 -0.60309479 3.53307685
v 10.28091835 -0.60217590 3.52184699
v 10.28084579 -0.60202148 3.52184699
v 10.28091835 -0.60294998 3.53307685
v 10.28084488 -0.60309479 3.53869148
v 10.28091835 -0.60217590 3.53307685
v 10.28084579 -0.60202148 3.53307685
v 10.28091820 -0.60294998 3.53869148
v 10.28084488 -0.60309479 3.54430671
v 10.28091820 -0.60217590 3.53869148
v 10.28084579 -0.60202148 3.53869148
v 10.28091820 -0.60294998 3.54430671
v 10.28084488 -0.60308914 3.54928352
v 10.28091820 -0.60217590 3.54430671
v 10.28084579 -0.60202148 3.54430671
v 10.28091820 -0.60294998 3.54922370
v 10.28091820 -0.60217590 3.54889228
v 10.28084579 -0.60202713 3.54882881
v 10.28083038 -0.60196808 3.54900031
v 10.28091194 -0.60212051 3.54906593
v 10.28092522 -0.60289459 3.54939765
v 10.28085938 -0.60303192 3.54945533
v 10.28066757 -0.60294998 3.46569770
v 10.28081230 -0.60306809 3.46578407
v 10.28066757 -0.60309479 3.46575752
v 10.28084488 -0.60294998 3.46575752
v 10.28084488 -0.59683396 3.46575752
v 10.28066757 -0.59683396 3.46569770
v 10.27316498 -0.60309479 3.46575752
v 10.28066757 -0.60309479 3.46575752
v 10.28066757 -0.60315384 3.46590217
v 10.27316498 -0.60315384 3.46590217
v 10.26566246 -0.60309479 3.46575752
v 10.27316498 -0.60315384 3.48815742
v 10.28066757 -0.60315384 3.48815742
v 10.26566246 -0.60315384 3.46590217
v 10.26551773 -0.60306809 3.46578407
v 10.26548515 -0.60309479 3.46590217
v 10.26548515 -0.60309479 3.48815742
v 10.26566246 -0.60315384 3.48815742
v 10.26548515 -0.60309479 3.49938728
v 10.26566246 -0.60315384 3.49938728
v 10.26548515 -0.60309479 3.51061714
v 10.27316498 -0.60315384 3.49938728
v 10.28066757 -0.60315384 3.49938728
v 10.26566246 -0.60315384 3.51061714
v 10.26548515 -0.60309479 3.52184699
v 10.27316498 -0.60315384 3.51061714
v 10.28066757 -0.60315384 3.51061714
v 10.26566246 -0.60315384 3.52184699
v 10.26548515 -0.60309479 3.53307685
v 10.27316498 -0.60315384 3.52184699
v 10.28066757 -0.60315384 3.52184699
v 10.26566246 -0.60315384 3.53307685
v 10.26548515 -0.60309479 3.53869148
v 10.27316498 -0.60315384 3.53307685
v 10.28066757 -0.60315384 3.53307685
v 10.26566246 -0.60315384 3.53869148
v 10.26548515 -0.60309479 3.54430671
v 10.27316498 -0.60315384 3.53869148
v 10.28066757 -0.60315384 3.53869148
v 10.26566246 -0.60315384 3.54430671
v 10.26548515 -0.60308914 3.54928413
v 10.27316498 -0.60315384 3.54430671
v 10.28066757 -0.60315384 3.54430671
v 10.26566246 -0.60315384 3.54931312
v 10.27316498 -0.60315384 3.54931343
v 10.28066757 -0.60315384 3.54931282
v 10.28067543 -0.60311005 3.54948921
v 10.27316498 -0.60311386 3.54949043
v 10.26565475 -0.60311005 3.54948921
v 10.26547058 -0.60303192 3.54945564
v 10.26566246 -0.59683396 3.46569770
v 10.26548515 -0.60294998 3.46575752
v 10.26548515 -0.59683396 3.46575752
v 10.26566246 -0.60294998 3.46569770
v 10.26548515 -0.59683396 3.46575752
v 10.26548515 -0.60294998 3.46575752
v 10.26541176 -0.60294998 3.46590217
v 10.26541176 -0.59683396 3.46590217
v 10.26541176 -0.59683396 3.48815742
v 10.26541176 -0.60294998 3.48815742
v 10.26541176 -0.59683396 3.49938728
v 10.26541176 -0.60294998 3.49938728
v 10.26541176 -0.59683395 3.51061714
v 10.26541176 -0.60294998 3.51061714
v 10.26541176 -0.59683395 3.52184699
v 10.26541176 -0.60294998 3.52184699
v 10.26541176 -0.59683395 3.53307685
v 10.26541176 -0.60294998 3.53307685
v 10.26541183 -0.59683395 3.53869148
v 10.26541183 -0.60294998 3.53869148
v 10.26541183 -0.59683395 3.54430671
v 10.26541183 -0.60294998 3.54430671
v 10.26541183 -0.59683395 3.55525398
v 10.26541183 -0.60280884 3.54955573
v 10.26541183 -0.60290802 3.54940284
v 10.26541183 -0.60294998 3.54922492
v 10.26541183 -0.59086090 3.54955573
v 10.26541183 -0.59683395 3.54430671
v 10.26541183 -0.59683395 3.55525398
v 10.26541183 -0.59075973 3.54940284
v 10.26541183 -0.59071976 3.54922492
v 10.26541183 -0.59071976 3.54430671
v 10.26541183 -0.59683395 3.53869148
v 10.26541183 -0.59071976 3.53869148
v 10.26541176 -0.59683395 3.53307685
v 10.26541176 -0.59071976 3.53307685
v 10.26541176 -0.59683395 3.52184699
v 10.26541176 -0.59071976 3.52184699
v 10.26541176 -0.59683395 3.51061714
v 10.26541176 -0.59071976 3.51061714
v 10.26541176 -0.59683396 3.49938728
v 10.26541176 -0.59071976 3.49938728
v 10.26541176 -0.59683396 3.48815742
v 10.26541176 -0.59071976 3.48815742
v 10.26541176 -0.59683396 3.46590217
v 10.26541176 -0.59071976 3.46590217
v 10.26548515 -0.59071976 3.46575752
v 10.26548515 -0.59683396 3.46575752
v 10.28066757 -0.59683396 3.46569770
v 10.28084488 -0.59071976 3.46575752
v 10.28084488 -0.59683396 3.46575752
v 10.28066757 -0.59071976 3.46569770
v 10.26566246 -0.59071976 3.46569770
v 10.26548515 -0.59683396 3.46575752
v 10.26548515 -0.59071976 3.46575752
v 10.26566246 -0.59683396 3.46569770
v 10.28084488 -0.60309479 3.52184699
v 10.28084488 -0.60309479 3.53307685
v 10.28066757 -0.60315384 3.53307685
v 10.28066757 -0.60315384 3.53869148
v 10.28084488 -0.60309479 3.53869148
v 10.28066757 -0.60315384 3.54430671
v 10.28084488 -0.60309479 3.54430671
v 10.28066757 -0.60315384 3.54931282
v 10.28084488 -0.60308914 3.54928352
v 10.28085938 -0.60303192 3.54945533
v 10.28067543 -0.60311005 3.54948921
v 10.28091835 -0.59683396 3.46667610
v 10.28084579 -0.59162918 3.46681220
v 10.28084579 -0.59683396 3.46682990
v 10.28091835 -0.59149185 3.46667610
v 10.28091835 -0.59683396 3.46590217
v 10.28091835 -0.59071976 3.46590217
v 10.28084488 -0.59683396 3.46575752
v 10.28084488 -0.59071976 3.46575752
v 10.28081230 -0.59060166 3.46578407
v 10.28084488 -0.59057480 3.46590217
v 10.28084579 -0.59164627 3.48815742
v 10.28067078 -0.59173020 3.48815742
v 10.28067078 -0.59173020 3.49938728
v 10.28091835 -0.59149185 3.48815742
v 10.28091835 -0.59071976 3.48815742
v 10.28084488 -0.59057480 3.48815742
v 10.28084579 -0.59164627 3.49938728
v 10.28067078 -0.59173019 3.51061714
v 10.28091835 -0.59149185 3.49938728
v 10.28091835 -0.59071976 3.49938728
v 10.28084488 -0.59057480 3.49938728
v 10.28084579 -0.59164627 3.51061714
v 10.28067078 -0.59173019 3.52184699
v 10.28091835 -0.59149185 3.51061714
v 10.28091835 -0.59071976 3.51061714
v 10.28084488 -0.59057480 3.51061714
v 10.28084579 -0.59164627 3.52184699
v 10.28067078 -0.59173019 3.53307685
v 10.28091835 -0.59149185 3.52184699
v 10.28091835 -0.59071976 3.52184699
v 10.28084488 -0.59057480 3.52184699
v 10.28084579 -0.59164627 3.53307685
v 10.28067078 -0.59173019 3.53869148
v 10.28091835 -0.59149185 3.53307685
v 10.28091835 -0.59071976 3.53307685
v 10.28084488 -0.59057480 3.53307685
v 10.28084579 -0.59164627 3.53869148
v 10.28067078 -0.59173019 3.54430671
v 10.28084579 -0.59164627 3.54430671
v 10.28091820 -0.59149185 3.53869148
v 10.28091820 -0.59149185 3.54430671
v 10.28091820 -0.59071976 3.53869148
v 10.28084488 -0.59057480 3.53869148
v 10.28091820 -0.59071976 3.54430671
v 10.28084488 -0.59057480 3.54430671
v 10.28091820 -0.59149185 3.54889228
v 10.28084579 -0.59164246 3.54882881
v 10.28091820 -0.59071976 3.54922370
v 10.28084488 -0.59058060 3.54928352
v 10.28085938 -0.59063782 3.54945533
v 10.28092522 -0.59077316 3.54939765
v 10.28091194 -0.59154709 3.54906593
v 10.28083038 -0.59170166 3.54900031
v 10.28067078 -0.60193955 3.46691291
v 10.28084579 -0.60202149 3.48815742
v 10.28084579 -0.60204056 3.46681220
v 10.28067078 -0.60193955 3.48815742
v 10.27905807 -0.60172592 3.46712593
v 10.28084579 -0.60202149 3.49938728
v 10.27905807 -0.60172592 3.48815742
v 10.27870598 -0.60152390 3.46732856
v 10.27870598 -0.60156006 3.48815742
v 10.28067078 -0.60193955 3.49938728
v 10.28084579 -0.60202149 3.51061714
v 10.27905807 -0.60172592 3.49938728
v 10.27870598 -0.60156006 3.49938728
v 10.28067078 -0.60193955 3.51061714
v 10.28084579 -0.60202148 3.52184699
v 10.27905807 -0.60172592 3.51061714
v 10.27870598 -0.60156006 3.51061714
v 10.28067078 -0.60193954 3.52184699
v 10.28084579 -0.60202148 3.53307685
v 10.27905807 -0.60172592 3.52184699
v 10.27870598 -0.60156006 3.52184699
v 10.28067078 -0.60193954 3.53307685
v 10.28084579 -0.60202148 3.53869148
v 10.27905807 -0.60172592 3.53307685
v 10.27870598 -0.60156006 3.53307685
v 10.28067078 -0.60193954 3.53869148
v 10.28084579 -0.60202148 3.54430671
v 10.27905792 -0.60172592 3.53869148
v 10.27870598 -0.60156006 3.53869148
v 10.28067078 -0.60193954 3.54430671
v 10.28084579 -0.60202713 3.54882881
v 10.27905792 -0.60172592 3.54430671
v 10.27870598 -0.60156006 3.54430671
v 10.28067078 -0.60193954 3.54879157
v 10.27905792 -0.60172592 3.54870002
v 10.27870598 -0.60154861 3.54862373
v 10.27869049 -0.60148956 3.54879524
v 10.27904556 -0.60168014 3.54887702
v 10.28065826 -0.60189178 3.54896797
v 10.28083038 -0.60196808 3.54900031
v 10.28084579 -0.59178360 3.54916175
v 10.28084579 -0.59667374 3.55381843
v 10.28067078 -0.59666794 3.55369850
v 10.28067078 -0.59187134 3.54912361
v 10.28065826 -0.59177597 3.54896797
v 10.28083038 -0.59170166 3.54900031
v 10.27904556 -0.59198944 3.54887702
v 10.27905792 -0.59666794 3.55340400
v 10.28065361 -0.59683395 3.55376106
v 10.27902924 -0.59683395 3.55345222
v 10.27905792 -0.59208481 3.54903266
v 10.27869049 -0.59218017 3.54879524
v 10.27870598 -0.59226395 3.54895606
v 10.27870598 -0.59666611 3.55312538
v 10.27867416 -0.59683395 3.55314521
v 10.26566246 -0.59698257 3.55539527
v 10.27316498 -0.59683395 3.55545356
v 10.26566246 -0.59683395 3.55545387
v 10.27316498 -0.59698257 3.55539527
v 10.28066757 -0.59683395 3.55545356
v 10.28066757 -0.59698257 3.55539527
v 10.28066757 -0.60301285 3.54964302
v 10.27316498 -0.60301285 3.54964302
v 10.27316498 -0.60311386 3.54949043
v 10.28067543 -0.60311005 3.54948921
v 10.26565475 -0.60311005 3.54948921
v 10.26566246 -0.60301285 3.54964302
v 10.26548515 -0.59693878 3.55535377
v 10.26547058 -0.60303192 3.54945564
v 10.26548515 -0.60294601 3.54961494
v 10.27867416 -0.59683395 3.55314521
v 10.27905792 -0.59700165 3.55340400
v 10.27870598 -0.59700363 3.55312538
v 10.27902924 -0.59683395 3.55345222
v 10.26547058 -0.59063782 3.54945564
v 10.26541183 -0.59075973 3.54940284
v 10.26541183 -0.59086090 3.54955573
v 10.26548515 -0.59072159 3.54961494
v 10.26548515 -0.59672897 3.55535377
v 10.26541183 -0.59683395 3.55525398
v 10.26551773 -0.59683395 3.55541694
v 10.26548515 -0.59693878 3.55535377
v 10.26548515 -0.60294601 3.54961494
v 10.26541183 -0.60280884 3.54955573
v 10.26541183 -0.60290802 3.54940284
v 10.26547058 -0.60303192 3.54945564
v 10.28092522 -0.59077316 3.54939765
v 10.28085938 -0.59063782 3.54945533
v 10.28084488 -0.59072357 3.54961555
v 10.28091820 -0.59086090 3.54955696
v 10.28091194 -0.59154709 3.54906593
v 10.28091820 -0.59662994 3.55505897
v 10.28084488 -0.59662994 3.55525764
v 10.28084534 -0.59683395 3.55534950
v 10.28091820 -0.59683395 3.55513984
v 10.28091820 -0.59662994 3.55398963
v 10.28091820 -0.59683395 3.55407051
v 10.28084412 -0.59683395 3.55387397
v 10.28084579 -0.59667374 3.55381843
v 10.28091820 -0.59163483 3.54922553
v 10.28083038 -0.59170166 3.54900031
v 10.28084579 -0.59178360 3.54916175
v 10.28084579 -0.60188415 3.54916175
v 10.28091194 -0.60212051 3.54906593
v 10.28083038 -0.60196808 3.54900031
v 10.28091820 -0.60203293 3.54922553
v 10.28092522 -0.60289459 3.54939765
v 10.28091820 -0.59703979 3.55398963
v 10.28084579 -0.59699600 3.55381843
v 10.28084412 -0.59683395 3.55387397
v 10.28091820 -0.59683395 3.55407051
v 10.28091820 -0.59703979 3.55505897
v 10.28091820 -0.59683395 3.55513984
v 10.28084534 -0.59683395 3.55534950
v 10.28084488 -0.59703979 3.55525764
v 10.28091820 -0.60280685 3.54955696
v 10.28085938 -0.60303192 3.54945533
v 10.28084488 -0.60294601 3.54961555
v 10.28066757 -0.59051392 3.54931281
v 10.27316498 -0.59055588 3.54949043
v 10.28067543 -0.59055954 3.54948921
v 10.27316498 -0.59051392 3.54931342
v 10.26565475 -0.59055954 3.54948921
v 10.27316498 -0.59051392 3.54430671
v 10.28066757 -0.59051392 3.54430671
v 10.26566246 -0.59051392 3.54931312
v 10.26547058 -0.59063782 3.54945564
v 10.26548515 -0.59058060 3.54928413
v 10.26548515 -0.59057480 3.54430671
v 10.26566246 -0.59051392 3.54430671
v 10.26548515 -0.59057480 3.53869148
v 10.26566246 -0.59051392 3.53869148
v 10.26548515 -0.59057480 3.53307685
v 10.27316498 -0.59051392 3.53869148
v 10.28066757 -0.59051392 3.53869148
v 10.26566246 -0.59051392 3.53307685
v 10.26548515 -0.59057480 3.52184699
v 10.27316498 -0.59051392 3.53307685
v 10.28066757 -0.59051392 3.53307685
v 10.26566246 -0.59051392 3.52184699
v 10.26548515 -0.59057480 3.51061714
v 10.27316498 -0.59051392 3.52184699
v 10.28066757 -0.59051392 3.52184699
v 10.26566246 -0.59051392 3.51061714
v 10.26548515 -0.59057480 3.49938728
v 10.27316498 -0.59051392 3.51061714
v 10.28066757 -0.59051392 3.51061714
v 10.26566246 -0.59051392 3.49938728
v 10.26548515 -0.59057480 3.48815742
v 10.27316498 -0.59051392 3.49938728
v 10.28066757 -0.59051392 3.49938728
v 10.26566246 -0.59051392 3.48815742
v 10.26548515 -0.59057480 3.46590217
v 10.27316498 -0.59051392 3.48815742
v 10.28066757 -0.59051392 3.48815742
v 10.26566246 -0.59051392 3.46590217
v 10.26551773 -0.59060166 3.46578407
v 10.27316498 -0.59051392 3.46590217
v 10.28066757 -0.59051392 3.46590217
v 10.28066757 -0.59057480 3.46575752
v 10.27316498 -0.59057480 3.46575752
v 10.28066757 -0.59071976 3.46569770
v 10.27316498 -0.59071976 3.46569770
v 10.26566246 -0.59057480 3.46575752
v 10.26566246 -0.59071976 3.46569770
v 10.28065536 -0.59389603 3.52305519
v 10.28082962 -0.59372818 3.52317085
v 10.28086769 -0.59387878 3.52313270
v 10.28065941 -0.59369583 3.52313819
v 10.27901726 -0.59367477 3.52310523
v 10.27899010 -0.59386353 3.52300971
v 10.27872742 -0.59355850 3.52298866
v 10.27868607 -0.59372437 3.52286689
v 10.27868607 -0.59683395 3.52289894
v 10.27899010 -0.59683395 3.52300971
v 10.28065536 -0.59683395 3.52305519
v 10.27868607 -0.59994522 3.52286689
v 10.27899010 -0.59980606 3.52300971
v 10.28065536 -0.59977371 3.52305519
v 10.27901726 -0.59999481 3.52310523
v 10.27872742 -0.60010925 3.52298866
v 10.28065941 -0.59997391 3.52313819
v 10.28082962 -0.59994156 3.52317085
v 10.28086769 -0.59978897 3.52313270
v 10.28095566 -0.59980606 3.52330818
v 10.28082962 -0.59994156 3.52317085
v 10.28086769 -0.59978897 3.52313270
v 10.28086769 -0.59997955 3.52332282
v 10.28086769 -0.59997955 3.53160041
v 10.28095566 -0.59980606 3.53161537
v 10.28065544 -0.60005585 3.52333778
v 10.28065941 -0.59997391 3.52313819
v 10.27901726 -0.59999481 3.52310523
v 10.28082962 -0.59994156 3.53175239
v 10.28086769 -0.59978897 3.53179084
v 10.28065544 -0.60005585 3.53158576
v 10.28065941 -0.59997391 3.53178535
v 10.27899010 -0.60009018 3.53162971
v 10.27899010 -0.60009018 3.52329414
v 10.27872742 -0.60010925 3.52298866
v 10.27868607 -0.60023315 3.52315254
v 10.27868607 -0.60023315 3.53177131
v 10.27901726 -0.59999481 3.53181831
v 10.27872742 -0.60010925 3.53193489
v 10.28095566 -0.59386353 3.53161537
v 10.28082962 -0.59372818 3.53175239
v 10.28086769 -0.59387878 3.53179084
v 10.28095566 -0.59683395 3.53161537
v 10.28086769 -0.59683395 3.53179084
v 10.28095566 -0.59980606 3.53161537
v 10.28086769 -0.59978897 3.53179084
v 10.28095566 -0.59683395 3.52330818
v 10.28095566 -0.59980606 3.52330818
v 10.28086769 -0.59978897 3.52313270
v 10.28095566 -0.59386353 3.52330818
v 10.28086769 -0.59683395 3.52313270
v 10.28065536 -0.59977371 3.52305519
v 10.28065536 -0.59683395 3.52305519
v 10.28086769 -0.59387878 3.52313270
v 10.28065536 -0.59389603 3.52305519
v 10.28082962 -0.59372818 3.52317085
v 10.28086769 -0.59368820 3.52332282
v 10.28086769 -0.59368820 3.53160041
v 10.28095566 -0.59386353 3.53161537
v 10.28086769 -0.59368820 3.53160041
v 10.28082962 -0.59372818 3.53175239
v 10.28065544 -0.59361191 3.53158576
v 10.28065544 -0.59361191 3.52333778
v 10.28086769 -0.59368820 3.52332282
v 10.28082962 -0.59372818 3.52317085
v 10.28065941 -0.59369583 3.52313819
v 10.27899010 -0.59357956 3.52329414
v 10.27899010 -0.59357956 3.53162971
v 10.27901726 -0.59367477 3.52310523
v 10.27868607 -0.59343460 3.52315254
v 10.27868607 -0.59372437 3.53205665
v 10.27901726 -0.59367477 3.53181831
v 10.27872742 -0.59355850 3.53193488
v 10.27899010 -0.59386353 3.53191352
v 10.28065941 -0.59369583 3.53178535
v 10.27899010 -0.59683395 3.53191352
v 10.28065536 -0.59389603 3.53186836
v 10.28082962 -0.59372818 3.53175239
v 10.28086769 -0.59387878 3.53179084
v 10.28086769 -0.59683395 3.53179084
v 10.28065536 -0.59683395 3.53186836
v 10.28086769 -0.59978897 3.53179084
v 10.28065536 -0.59977371 3.53186836
v 10.28082962 -0.59994156 3.53175239
v 10.28065941 -0.59997391 3.53178535
v 10.27899010 -0.59980606 3.53191352
v 10.27868607 -0.59683395 3.53202461
v 10.27868607 -0.59994522 3.53205665
v 10.27872742 -0.60010925 3.53193489
v 10.27901726 -0.59999481 3.53181831
v 10.27899010 -0.60009018 3.53162971
v 10.28065544 -0.60005585 3.53158576
v 10.25557480 -0.59069870 3.56931190
v 10.25801353 -0.59683197 3.56976509
v 10.25801353 -0.59079025 3.56896980
v 10.25557480 -0.59683197 3.57011970
v 10.25801353 -0.60287369 3.56896980
v 10.25557480 -0.60296524 3.56931190
v 10.25953064 -0.59683197 3.56904914
v 10.25953064 -0.59097717 3.56827827
v 10.25953064 -0.60268875 3.56827827
v 10.25801353 -0.60850357 3.56663764
v 10.25557480 -0.60868088 3.56694465
v 10.25953064 -0.60814697 3.56601753
v 10.25801353 -0.61333847 3.56292793
v 10.25557480 -0.61359009 3.56317878
v 10.25953064 -0.61283310 3.56242195
v 10.25801353 -0.61704849 3.55809333
v 10.25557480 -0.61735535 3.55827095
v 10.25953064 -0.61642883 3.55773567
v 10.25801353 -0.61938003 3.55246345
v 10.25953064 -0.61868805 3.55227821
v 10.25557480 -0.57394272 3.54028846
v 10.25527321 -0.57713211 3.54642188
v 10.25557480 -0.57313431 3.54642188
v 10.25527321 -0.57845154 3.54149696
v 10.25557480 -0.57631058 3.53457282
v 10.25527321 -0.57977264 3.53657203
v 10.25557480 -0.58007584 3.52966499
v 10.25527321 -0.58337784 3.53296668
v 10.25557480 -0.58498306 3.52589912
v 10.25527321 -0.58698303 3.52936134
v 10.25557480 -0.59069870 3.52353156
v 10.25527321 -0.59190750 3.52804176
v 10.25557480 -0.59683197 3.52272407
v 10.25527321 -0.59683197 3.52672187
v 10.25557480 -0.60296524 3.52353157
v 10.25527321 -0.60175827 3.52804176
v 10.25557480 -0.60868088 3.52589912
v 10.25527321 -0.60668289 3.52936134
v 10.25557480 -0.61359009 3.52966499
v 10.25527321 -0.61028793 3.53296668
v 10.25557480 -0.61735535 3.53457283
v 10.25527321 -0.61389313 3.53657203
v 10.25557480 -0.61972321 3.54028846
v 10.25527321 -0.61521255 3.54149696
v 10.25557480 -0.62052963 3.54642189
v 10.25527321 -0.61653183 3.54642189
v 10.25557480 -0.57394272 3.54028846
v 10.25557480 -0.57313431 3.54642188
v 10.25801353 -0.57348892 3.54642188
v 10.25801353 -0.57428390 3.54038032
v 10.25557480 -0.57631058 3.53457282
v 10.25953064 -0.57497604 3.54056526
v 10.25953064 -0.57420578 3.54642188
v 10.25953064 -0.57723709 3.53510810
v 10.25801369 -0.57661743 3.53475013
v 10.25557480 -0.58007584 3.52966499
v 10.25953064 -0.58083267 3.53042182
v 10.25801369 -0.58032562 3.52991584
v 10.25953064 -0.58551880 3.52682594
v 10.25557480 -0.58498306 3.52589912
v 10.25801369 -0.58516037 3.52620612
v 10.25557480 -0.59069870 3.52353156
v 10.25801369 -0.59079025 3.52387397
v 10.25557480 -0.59683197 3.52272407
v 10.25801369 -0.59683197 3.52307868
v 10.25953064 -0.59683197 3.52379463
v 10.25953064 -0.59097717 3.52456550
v 10.25557480 -0.60296524 3.52353157
v 10.25557480 -0.59683197 3.52272407
v 10.25801369 -0.59683197 3.52307868
v 10.25801369 -0.60287369 3.52387397
v 10.25557480 -0.60868088 3.52589912
v 10.25953064 -0.60268875 3.52456550
v 10.25953064 -0.59683197 3.52379463
v 10.25953064 -0.60814697 3.52682594
v 10.25801369 -0.60850357 3.52620613
v 10.25557480 -0.61359009 3.52966499
v 10.25953064 -0.61283310 3.53042182
v 10.25801369 -0.61333847 3.52991584
v 10.25557480 -0.61735535 3.53457283
v 10.25953064 -0.61642883 3.53510810
v 10.25801369 -0.61704849 3.53475013
v 10.25557480 -0.61972321 3.54028846
v 10.25953064 -0.61868805 3.54056526
v 10.25801353 -0.61938003 3.54038032
v 10.25557480 -0.62052963 3.54642189
v 10.25953064 -0.61946014 3.54642189
v 10.25801353 -0.62017502 3.54642189
v 10.25557480 -0.61972320 3.55255531
v 10.25557480 -0.62052963 3.54642189
v 10.25801353 -0.62017502 3.54642189
v 10.25801353 -0.61938003 3.55246345
v 10.25557480 -0.61735535 3.55827095
v 10.25953064 -0.61868805 3.55227821
v 10.25953064 -0.61946014 3.54642189
v 10.25953064 -0.61868805 3.54056526
v 10.26005112 -0.61842682 3.54642189
v 10.25953064 -0.61946014 3.54642189
v 10.26005112 -0.61769089 3.54083320
v 10.25953064 -0.61642883 3.53510810
v 10.26012306 -0.61627624 3.54642189
v 10.26005112 -0.61553268 3.53562507
v 10.25953064 -0.61283310 3.53042182
v 10.26012306 -0.61561279 3.54138954
v 10.26005112 -0.61210098 3.53115303
v 10.25953064 -0.60814697 3.52682594
v 10.26027199 -0.61473389 3.54162483
v 10.26027199 -0.61536697 3.54642189
v 10.26027199 -0.61288269 3.53715522
v 10.26012306 -0.61367020 3.53670021
v 10.26027199 -0.60993729 3.53331672
v 10.26012321 -0.61058151 3.53267341
v 10.26027199 -0.60609940 3.53037116
v 10.26005112 -0.60762848 3.52772163
v 10.25953064 -0.60268875 3.52456550
v 10.26012321 -0.60655502 3.52958351
v 10.26027199 -0.60162872 3.52851966
v 10.26005112 -0.60242172 3.52556404
v 10.25953064 -0.59683197 3.52379463
v 10.26012321 -0.60186508 3.52764106
v 10.26027199 -0.59683197 3.52788825
v 10.26005112 -0.59683197 3.52482856
v 10.25953064 -0.59097717 3.52456550
v 10.26012321 -0.59683197 3.52697853
v 10.26027199 -0.59203522 3.52851966
v 10.26005112 -0.59124405 3.52556404
v 10.25953064 -0.58551880 3.52682594
v 10.26012321 -0.59180069 3.52764106
v 10.26027199 -0.58756638 3.53037116
v 10.26005112 -0.58603546 3.52772163
v 10.25953064 -0.58083267 3.53042182
v 10.26012321 -0.58711075 3.52958351
v 10.26027199 -0.58372681 3.53331672
v 10.26005112 -0.58156296 3.53115302
v 10.25953064 -0.57723709 3.53510810
v 10.26012321 -0.58308426 3.53267341
v 10.26027199 -0.58078125 3.53715522
v 10.26005112 -0.57813309 3.53562507
v 10.25953064 -0.57497604 3.54056526
v 10.26012306 -0.57999390 3.53670020
v 10.26027199 -0.57893005 3.54162483
v 10.26005112 -0.57597488 3.54083320
v 10.25953064 -0.57420578 3.54642188
v 10.26005112 -0.57523910 3.54642188
v 10.26012306 -0.57805115 3.54138954
v 10.26027199 -0.57829895 3.54642188
v 10.26012306 -0.57738953 3.54642188
v 10.25953064 -0.57497604 3.55227821
v 10.26005112 -0.57523910 3.54642188
v 10.25953064 -0.57420578 3.54642188
v 10.26005112 -0.57597488 3.55201057
v 10.25953064 -0.57723709 3.55773567
v 10.26012306 -0.57738953 3.54642188
v 10.26005112 -0.57813309 3.55721870
v 10.25953064 -0.58083267 3.56242194
v 10.26012306 -0.57805115 3.55145423
v 10.26005112 -0.58156296 3.56169074
v 10.25953064 -0.58551880 3.56601753
v 10.26027199 -0.57893005 3.55121894
v 10.26027199 -0.57829895 3.54642188
v 10.26027199 -0.58078125 3.55568855
v 10.26012306 -0.57999390 3.55614326
v 10.26027199 -0.58372681 3.55952705
v 10.26012306 -0.58308426 3.56017036
v 10.26027199 -0.58756637 3.56247260
v 10.26005112 -0.58603546 3.56512214
v 10.25953064 -0.59097717 3.56827827
v 10.26012306 -0.58711075 3.56326026
v 10.25996681 -0.59124786 3.56768562
v 10.26013298 -0.59123642 3.56531349
v 10.26027199 -0.59203522 3.56432411
v 10.25987984 -0.59130127 3.56785346
v 10.25953064 -0.59683197 3.56904914
v 10.26012093 -0.59136795 3.56555213
v 10.25997650 -0.59137741 3.56758460
v 10.25996841 -0.59143081 3.56770210
v 10.25996559 -0.59155670 3.56775215
v 10.25999611 -0.59683197 3.56779548
v 10.25953064 -0.60268875 3.56827827
v 10.25994942 -0.60212250 3.56777778
v 10.26014931 -0.59144607 3.56525520
v 10.26012985 -0.59141754 3.56542976
v 10.26013412 -0.59153763 3.56537910
v 10.26016212 -0.59683197 3.56538215
v 10.26027199 -0.59683197 3.56495551
v 10.26013382 -0.60212814 3.56537971
v 10.26012932 -0.60224838 3.56543037
v 10.26011971 -0.60229782 3.56555244
v 10.25996117 -0.60229782 3.56760749
v 10.25986298 -0.60237793 3.56787910
v 10.25995232 -0.60224640 3.56772743
v 10.26005112 -0.60762848 3.56512214
v 10.25953064 -0.60814697 3.56601753
v 10.25953064 -0.61283310 3.56242195
v 10.26005112 -0.61210098 3.56169075
v 10.25953064 -0.61642883 3.55773567
v 10.26005112 -0.61553268 3.55721870
v 10.25953064 -0.61868805 3.55227821
v 10.26012306 -0.61058151 3.56017036
v 10.26005112 -0.61769089 3.55201057
v 10.25953064 -0.61946014 3.54642189
v 10.26005112 -0.61842682 3.54642189
v 10.26027199 -0.60993728 3.55952705
v 10.26027199 -0.61288269 3.55568855
v 10.26012306 -0.61367020 3.55614326
v 10.26027199 -0.61473389 3.55121894
v 10.26012306 -0.61561279 3.55145423
v 10.26012306 -0.61627624 3.54642189
v 10.26027199 -0.61536697 3.54642189
v 10.26007889 -0.59683197 3.56548835
v 10.26013382 -0.60212814 3.56537971
v 10.26016212 -0.59683197 3.56538215
v 10.26007126 -0.59163101 3.56547187
v 10.26013412 -0.59153763 3.56537910
v 10.26012985 -0.59141754 3.56542976
v 10.25993301 -0.59169021 3.56552986
v 10.26004326 -0.59153198 3.56554298
v 10.25991646 -0.59157760 3.56558540
v 10.25557480 -0.61972320 3.55255531
v 10.25527321 -0.61653183 3.54642189
v 10.25557480 -0.62052963 3.54642189
v 10.25527321 -0.61521255 3.55134681
v 10.25557480 -0.61735535 3.55827095
v 10.25527321 -0.61389313 3.55627174
v 10.25557480 -0.61359009 3.56317878
v 10.25527321 -0.61028793 3.55987709
v 10.25557480 -0.60868088 3.56694465
v 10.25527321 -0.60668289 3.56348213
v 10.25557480 -0.60296524 3.56931190
v 10.25527321 -0.60175827 3.56480201
v 10.25557480 -0.59683197 3.57011970
v 10.25527321 -0.59683197 3.56612159
v 10.25557480 -0.59069870 3.56931190
v 10.25527321 -0.59190750 3.56480201
v 10.25557480 -0.58498306 3.56694465
v 10.25527321 -0.58698303 3.56348213
v 10.25557480 -0.58007583 3.56317878
v 10.25527321 -0.58337784 3.55987708
v 10.25557480 -0.57631058 3.55827094
v 10.25527321 -0.57977264 3.55627174
v 10.25557480 -0.57394272 3.55255531
v 10.25527321 -0.57845154 3.55134681
v 10.25557480 -0.57313431 3.54642188
v 10.25527321 -0.57713211 3.54642188
v 10.25953064 -0.59097717 3.52456550
v 10.25801369 -0.58516037 3.52620612
v 10.25953064 -0.58551880 3.52682594
v 10.25801369 -0.59079025 3.52387397
v 10.26289360 -0.60520523 3.54866523
v 10.26348274 -0.61162064 3.54642189
v 10.26289360 -0.60550079 3.54642188
v 10.26348274 -0.61111740 3.55024940
v 10.26289360 -0.60433975 3.55075599
v 10.26386665 -0.61141281 3.55032844
v 10.26348274 -0.61162064 3.54642189
v 10.26348274 -0.61111740 3.55024940
v 10.26386665 -0.61192566 3.54642189
v 10.26450813 -0.61251861 3.54642189
v 10.26348274 -0.60963974 3.55381599
v 10.26289360 -0.60296127 3.55255134
v 10.26386665 -0.60990478 3.55396858
v 10.26348274 -0.60963974 3.55381599
v 10.26450813 -0.61198471 3.55048164
v 10.26348274 -0.60728912 3.55687873
v 10.26289360 -0.60116730 3.55392890
v 10.26386665 -0.60750641 3.55709480
v 10.26348274 -0.60728912 3.55687873
v 10.26348274 -0.60422729 3.55922920
v 10.26289360 -0.59907593 3.55479499
v 10.26451500 -0.61228989 3.55056343
v 10.26450813 -0.61251861 3.54642189
v 10.26450813 -0.61198471 3.55048164
v 10.26451500 -0.61283508 3.54642189
v 10.26451500 -0.61228989 3.55056343
v 10.26346039 -0.61363968 3.54642189
v 10.26451500 -0.61283508 3.54642189
v 10.26450813 -0.61041763 3.55426521
v 10.26386665 -0.60437973 3.55949348
v 10.26348274 -0.60422729 3.55922920
v 10.26348274 -0.60066025 3.56070655
v 10.26289360 -0.59683197 3.55509040
v 10.26451500 -0.61069031 3.55442298
v 10.26450813 -0.61041763 3.55426521
v 10.26346039 -0.61306579 3.55077156
v 10.26451500 -0.61069031 3.55442298
v 10.26450813 -0.60792404 3.55751380
v 10.26386665 -0.60073837 3.56100135
v 10.26348274 -0.60066025 3.56070655
v 10.26348274 -0.59683197 3.56121040
v 10.26289360 -0.59459000 3.55479499
v 10.26451500 -0.60814697 3.55773719
v 10.26450813 -0.60792404 3.55751380
v 10.26450813 -0.60467529 3.56000678
v 10.26386665 -0.59683197 3.56151557
v 10.26348274 -0.59683197 3.56121040
v 10.26348274 -0.59300567 3.56070655
v 10.26289360 -0.59249847 3.55392890
v 10.26451500 -0.60814697 3.55773719
v 10.26346039 -0.61138809 3.55482490
v 10.26451500 -0.60483353 3.56028022
v 10.26450813 -0.60467529 3.56000678
v 10.26450813 -0.60089279 3.56157386
v 10.26386665 -0.59292557 3.56100135
v 10.26348274 -0.59300567 3.56070655
v 10.26348274 -0.58943863 3.55922920
v 10.26289360 -0.59070267 3.55255134
v 10.26346039 -0.60871704 3.55830574
v 10.26451500 -0.60483353 3.56028022
v 10.26346039 -0.60523575 3.56097663
v 10.26132660 -0.60932525 3.55891548
v 10.26451500 -0.60097473 3.56187873
v 10.26451500 -0.60097473 3.56187873
v 10.26346039 -0.60118255 3.56265571
v 10.26450813 -0.60089279 3.56157386
v 10.26451500 -0.59683197 3.56242408
v 10.26451500 -0.59683197 3.56242408
v 10.26346039 -0.59683197 3.56322822
v 10.26451500 -0.59269104 3.56187873
v 10.26450813 -0.59683197 3.56210822
v 10.26451500 -0.59269104 3.56187873
v 10.26450813 -0.59683197 3.56210822
v 10.26450813 -0.59277298 3.56157386
v 10.26450813 -0.59277298 3.56157386
v 10.26132660 -0.61213348 3.55525611
v 10.26451500 -0.58883224 3.56028022
v 10.26346039 -0.59248321 3.56265571
v 10.26451500 -0.58883224 3.56028022
v 10.26386665 -0.58928604 3.55949348
v 10.26348274 -0.58943863 3.55922920
v 10.26450813 -0.58898865 3.56000678
v 10.26450813 -0.58898865 3.56000678
v 10.26386665 -0.58615951 3.55709480
v 10.26132660 -0.61389892 3.55099494
v 10.26132660 -0.61450134 3.54642189
v 10.26027199 -0.61536697 3.54642189
v 10.26027199 -0.61473389 3.55121894
v 10.26027199 -0.61288269 3.55568855
v 10.26027199 -0.60993728 3.55952705
v 10.26132660 -0.60566666 3.56172309
v 10.26027199 -0.60609939 3.56247261
v 10.26132660 -0.60140564 3.56348823
v 10.26027199 -0.60162872 3.56432411
v 10.26132660 -0.59683197 3.56409034
v 10.26027199 -0.59683197 3.56495551
v 10.26132660 -0.59226028 3.56348823
v 10.26027199 -0.59203522 3.56432411
v 10.26132660 -0.58799911 3.56172309
v 10.26027199 -0.58756637 3.56247260
v 10.26132660 -0.58433868 3.55891548
v 10.26027199 -0.58372681 3.55952705
v 10.26346039 -0.58843002 3.56097663
v 10.26132660 -0.58153046 3.55525611
v 10.26027199 -0.58078125 3.55568855
v 10.26346039 -0.58494888 3.55830573
v 10.26451500 -0.58551697 3.55773719
v 10.26451500 -0.58551697 3.55773719
v 10.26132660 -0.57976700 3.55099494
v 10.26027199 -0.57893005 3.55121894
v 10.26346039 -0.58227783 3.55482490
v 10.26450813 -0.58574005 3.55751380
v 10.26450813 -0.58574005 3.55751380
v 10.26451500 -0.58297363 3.55442298
v 10.26451500 -0.58297363 3.55442298
v 10.26132660 -0.57916458 3.54642188
v 10.26027199 -0.57829895 3.54642188
v 10.26346039 -0.58059814 3.55077155
v 10.26346039 -0.58002624 3.54642188
v 10.26451500 -0.58083084 3.54642188
v 10.26451500 -0.58137604 3.55056342
v 10.26450813 -0.58324814 3.55426521
v 10.26451500 -0.58137604 3.55056342
v 10.26451500 -0.58083084 3.54642188
v 10.26450813 -0.58168106 3.55048164
v 10.26450813 -0.58114532 3.54642188
v 10.26386665 -0.58173828 3.54642188
v 10.26450813 -0.58114532 3.54642188
v 10.26450813 -0.58168106 3.55048164
v 10.26386665 -0.58376114 3.55396858
v 10.26450813 -0.58324814 3.55426521
v 10.26386665 -0.58225296 3.55032844
v 10.26348274 -0.58637482 3.55687873
v 10.26348274 -0.58637482 3.55687873
v 10.26289360 -0.58932617 3.55075599
v 10.26348274 -0.58402603 3.55381599
v 10.26348274 -0.58402603 3.55381599
v 10.26289360 -0.58845871 3.54866523
v 10.26348274 -0.58254852 3.55024940
v 10.26348274 -0.58254852 3.55024940
v 10.26348274 -0.58204330 3.54642188
v 10.26289360 -0.58816315 3.54642188
v 10.26348274 -0.58204330 3.54642188
v 10.26289360 -0.58845871 3.54417823
v 10.26348274 -0.58204330 3.54642188
v 10.26289360 -0.58816315 3.54642188
v 10.26348274 -0.58254852 3.54259437
v 10.26289360 -0.58932617 3.54208747
v 10.26386665 -0.58225296 3.54251533
v 10.26348274 -0.58204330 3.54642188
v 10.26348274 -0.58254852 3.54259437
v 10.26386665 -0.58173828 3.54642188
v 10.26450813 -0.58114532 3.54642188
v 10.26348274 -0.58402603 3.53902747
v 10.26289360 -0.59070267 3.54029243
v 10.26386665 -0.58376114 3.53887489
v 10.26348274 -0.58402603 3.53902747
v 10.26450813 -0.58168106 3.54236183
v 10.26348274 -0.58637482 3.53596473
v 10.26289360 -0.59249847 3.53891487
v 10.26386665 -0.58615952 3.53574897
v 10.26348274 -0.58637482 3.53596473
v 10.26348274 -0.58943863 3.53361457
v 10.26289360 -0.59459000 3.53804878
v 10.26451500 -0.58137604 3.54228034
v 10.26450813 -0.58114532 3.54642188
v 10.26450813 -0.58168106 3.54236183
v 10.26451500 -0.58083084 3.54642188
v 10.26451500 -0.58137604 3.54228034
v 10.26346039 -0.58002624 3.54642188
v 10.26451500 -0.58083084 3.54642188
v 10.26450813 -0.58324814 3.53857856
v 10.26386665 -0.58928604 3.53335029
v 10.26348274 -0.58943863 3.53361457
v 10.26348274 -0.59300568 3.53213722
v 10.26289360 -0.59683197 3.53775337
v 10.26451500 -0.58297363 3.53842048
v 10.26450813 -0.58324814 3.53857856
v 10.26346039 -0.58059814 3.54207221
v 10.26451500 -0.58297363 3.53842048
v 10.26450813 -0.58574005 3.53532966
v 10.26386665 -0.59292557 3.53184211
v 10.26348274 -0.59300568 3.53213722
v 10.26348274 -0.59683197 3.53163337
v 10.26289360 -0.59907593 3.53804878
v 10.26451500 -0.58551697 3.53510658
v 10.26450813 -0.58574005 3.53532966
v 10.26450813 -0.58898865 3.53283698
v 10.26386665 -0.59683197 3.53132820
v 10.26348274 -0.59683197 3.53163337
v 10.26348274 -0.60066025 3.53213722
v 10.26289360 -0.60116730 3.53891487
v 10.26451500 -0.58551697 3.53510658
v 10.26346039 -0.58227783 3.53801887
v 10.26451500 -0.58883224 3.53256355
v 10.26450813 -0.58898865 3.53283698
v 10.26450813 -0.59277298 3.53126960
v 10.26386665 -0.60073837 3.53184211
v 10.26348274 -0.60066025 3.53213722
v 10.26348274 -0.60422729 3.53361457
v 10.26289360 -0.60296127 3.54029243
v 10.26346039 -0.58494888 3.53453803
v 10.26451500 -0.58883224 3.53256355
v 10.26451500 -0.59269104 3.53096504
v 10.26450813 -0.59277298 3.53126960
v 10.26450813 -0.59683197 3.53073554
v 10.26386665 -0.60437973 3.53335029
v 10.26348274 -0.60422729 3.53361457
v 10.26348274 -0.60728912 3.53596473
v 10.26289360 -0.60433975 3.54208747
v 10.26346039 -0.58843002 3.53186714
v 10.26451500 -0.59269104 3.53096504
v 10.26451500 -0.59683197 3.53041938
v 10.26450813 -0.59683197 3.53073554
v 10.26450813 -0.60089279 3.53126960
v 10.26386665 -0.60750641 3.53574897
v 10.26348274 -0.60728912 3.53596473
v 10.26348274 -0.60963974 3.53902748
v 10.26289360 -0.60520523 3.54417823
v 10.26346039 -0.59248322 3.53018806
v 10.26451500 -0.59683197 3.53041938
v 10.26451500 -0.60097473 3.53096504
v 10.26450813 -0.60089279 3.53126960
v 10.26450813 -0.60467529 3.53283699
v 10.26386665 -0.60990478 3.53887489
v 10.26348274 -0.60963974 3.53902748
v 10.26348274 -0.61111740 3.54259437
v 10.26289360 -0.60550079 3.54642188
v 10.26348274 -0.61162064 3.54642189
v 10.26386665 -0.61192566 3.54642189
v 10.26348274 -0.61111740 3.54259437
v 10.26348274 -0.61162064 3.54642189
v 10.26386665 -0.61141281 3.54251533
v 10.26450813 -0.60792404 3.53532966
v 10.26451500 -0.60483353 3.53256355
v 10.26450813 -0.60467529 3.53283699
v 10.26450813 -0.61198471 3.54236183
v 10.26450813 -0.61251861 3.54642189
v 10.26451500 -0.61283508 3.54642189
v 10.26450813 -0.61198471 3.54236183
v 10.26450813 -0.61251861 3.54642189
v 10.26450813 -0.61041763 3.53857856
v 10.26451500 -0.60814697 3.53510658
v 10.26450813 -0.60792404 3.53532966
v 10.26451500 -0.61228989 3.54228034
v 10.26450813 -0.61041763 3.53857856
v 10.26451500 -0.61069031 3.53842048
v 10.26451500 -0.61283508 3.54642189
v 10.26346039 -0.61306580 3.54207221
v 10.26451500 -0.61228989 3.54228034
v 10.26346039 -0.61363968 3.54642189
v 10.26132660 -0.61450134 3.54642189
v 10.26346039 -0.61138809 3.53801887
v 10.26451500 -0.61069031 3.53842048
v 10.26346039 -0.60871704 3.53453803
v 10.26451500 -0.60814697 3.53510658
v 10.26346039 -0.60523575 3.53186714
v 10.26451500 -0.60483353 3.53256355
v 10.26132660 -0.61389893 3.54184883
v 10.26132660 -0.61213348 3.53758735
v 10.26027199 -0.61473389 3.54162483
v 10.26027199 -0.61536697 3.54642189
v 10.26027199 -0.61288269 3.53715522
v 10.26027199 -0.60993729 3.53331672
v 10.26132660 -0.60932526 3.53392829
v 10.26027199 -0.60609940 3.53037116
v 10.26132660 -0.60566666 3.53112068
v 10.26027199 -0.60162872 3.52851966
v 10.26346039 -0.60118256 3.53018806
v 10.26451500 -0.60097473 3.53096504
v 10.26132660 -0.60140564 3.52935554
v 10.26027199 -0.59683197 3.52788825
v 10.26346039 -0.59683197 3.52961555
v 10.26132660 -0.59683197 3.52875312
v 10.26027199 -0.59203522 3.52851966
v 10.26132660 -0.59226028 3.52935554
v 10.26027199 -0.58756638 3.53037116
v 10.26132660 -0.58799911 3.53112068
v 10.26027199 -0.58372681 3.53331672
v 10.26132660 -0.58433868 3.53392829
v 10.26027199 -0.58078125 3.53715522
v 10.26132660 -0.58153046 3.53758735
v 10.26027199 -0.57893005 3.54162483
v 10.26132660 -0.57976700 3.54184882
v 10.26027199 -0.57829895 3.54642188
v 10.26132660 -0.57916458 3.54642188
v 10.26132660 -0.60566666 3.56172309
v 10.26132660 -0.60932525 3.55891548
v 10.26346039 -0.60871704 3.55830574
v 10.26346039 -0.60523575 3.56097663
v 10.26132660 -0.60140564 3.56348823
v 10.26346039 -0.60118255 3.56265571
v 10.26132660 -0.59683197 3.56409034
v 10.26346039 -0.59683197 3.56322822
v 10.26132660 -0.59226028 3.56348823
v 10.26346039 -0.59248321 3.56265571
v 10.26451500 -0.59269104 3.56187873
v 10.25801353 -0.59683197 3.56976509
v 10.25953064 -0.59097717 3.56827827
v 10.25801353 -0.59079025 3.56896980
v 10.25953064 -0.58551880 3.56601753
v 10.25801353 -0.58516037 3.56663764
v 10.25953064 -0.58083267 3.56242194
v 10.25557480 -0.58498306 3.56694465
v 10.25557480 -0.59069870 3.56931190
v 10.25557480 -0.58007583 3.56317878
v 10.25801353 -0.58032562 3.56292793
v 10.25953064 -0.57723709 3.55773567
v 10.25557480 -0.57631058 3.55827094
v 10.25801353 -0.57661743 3.55809333
v 10.25953064 -0.57497604 3.55227821
v 10.25557480 -0.57394272 3.55255531
v 10.25801353 -0.57428390 3.55246345
v 10.25557480 -0.57313431 3.54642188
v 10.25953064 -0.57420578 3.54642188
v 10.25801353 -0.57428390 3.55246345
v 10.25953064 -0.57497604 3.55227821
v 10.25801353 -0.57348892 3.54642188
v 10.25557480 -0.57313431 3.54642188
v 10.26289360 -0.58845871 3.54866523
v 10.26289360 -0.58845871 3.54417823
v 10.26289360 -0.58816315 3.54642188
v 10.26289360 -0.58932617 3.54208747
v 10.26289360 -0.58932617 3.55075599
v 10.26289360 -0.59070267 3.55255134
v 10.26289360 -0.59070267 3.54029243
v 10.26289360 -0.59249847 3.55392890
v 10.26289360 -0.59249847 3.53891487
v 10.26289360 -0.59459000 3.55479499
v 10.26289360 -0.59459000 3.53804878
v 10.26289360 -0.59683197 3.55509040
v 10.26289360 -0.59683197 3.53775337
v 10.26289360 -0.59907593 3.55479499
v 10.26289360 -0.59907593 3.53804878
v 10.26289360 -0.60116730 3.55392890
v 10.26289360 -0.60116730 3.53891487
v 10.26289360 -0.60296127 3.55255134
v 10.26289360 -0.60296127 3.54029243
v 10.26289360 -0.60433975 3.55075599
v 10.26289360 -0.60433975 3.54208747
v 10.26289360 -0.60520523 3.54866523
v 10.26289360 -0.60520523 3.54417823
v 10.26289360 -0.60550079 3.54642188
v 10.25527321 -0.57845154 3.54149696
v 10.25527321 -0.57845154 3.55134681
v 10.25527321 -0.57713211 3.54642188
v 10.25527321 -0.57977264 3.53657203
v 10.25527321 -0.57977264 3.55627174
v 10.25527321 -0.58337784 3.53296668
v 10.25527321 -0.58337784 3.55987708
v 10.25527321 -0.58698303 3.52936134
v 10.25527321 -0.58698303 3.56348213
v 10.25527321 -0.59190750 3.52804176
v 10.25527321 -0.59190750 3.56480201
v 10.25527321 -0.59683197 3.52672187
v 10.25527321 -0.59683197 3.56612159
v 10.25527321 -0.60175827 3.52804176
v 10.25527321 -0.60175827 3.56480201
v 10.25527321 -0.60668289 3.52936134
v 10.25527321 -0.60668289 3.56348213
v 10.25527321 -0.61028793 3.53296668
v 10.25527321 -0.61028793 3.55987709
v 10.25527321 -0.61389313 3.53657203
v 10.25527321 -0.61389313 3.55627174
v 10.25527321 -0.61521255 3.55134681
v 10.25527321 -0.61521255 3.54149696
v 10.25527321 -0.61653183 3.54642189
v 10.25754318 -0.59683197 3.56563178
v 10.25760208 -0.60191269 3.56553871
v 10.25760254 -0.59683197 3.56552345
v 10.25754318 -0.60181747 3.56563178
v 10.25754158 -0.60193756 3.56568153
v 10.25757553 -0.60201004 3.56561073
v 10.25773849 -0.60197571 3.56548103
v 10.25772202 -0.60208633 3.56553657
v 10.25760254 -0.59683197 3.56552345
v 10.25760208 -0.60191269 3.56553871
v 10.25773849 -0.60197571 3.56548103
v 10.25773849 -0.59683197 3.56548103
v 10.25993301 -0.60197571 3.56552986
v 10.25772202 -0.60208633 3.56553657
v 10.25991646 -0.60208633 3.56558540
v 10.26007111 -0.60203476 3.56547218
v 10.26004295 -0.60213211 3.56554328
v 10.26013382 -0.60212814 3.56537971
v 10.26012932 -0.60224838 3.56543037
v 10.26007889 -0.59683197 3.56548835
v 10.25993301 -0.59683197 3.56552986
v 10.25993301 -0.59169021 3.56552986
v 10.25773849 -0.59169021 3.56548103
v 10.25991646 -0.59157760 3.56558540
v 10.25772202 -0.59157760 3.56553657
v 10.25760208 -0.59175308 3.56553871
v 10.25757553 -0.59165588 3.56561073
v 10.25754318 -0.59184845 3.56563178
v 10.25754318 -0.59683197 3.56563178
v 10.25753380 -0.59683197 3.56754585
v 10.25753441 -0.59175690 3.56753059
v 10.25766670 -0.59169586 3.56759437
v 10.25766670 -0.59683197 3.56759437
v 10.25753441 -0.60190903 3.56753059
v 10.25986130 -0.59169586 3.56764320
v 10.25765381 -0.59157959 3.56753852
v 10.25984825 -0.59158157 3.56758857
v 10.25766670 -0.60197189 3.56759437
v 10.25765388 -0.60208633 3.56753822
v 10.25986130 -0.59683197 3.56764320
v 10.25986130 -0.60197006 3.56764320
v 10.25997017 -0.59163482 3.56768684
v 10.25995872 -0.59153961 3.56761665
v 10.25997948 -0.59683197 3.56768958
v 10.25996536 -0.60203094 3.56769447
v 10.25995583 -0.60212631 3.56762153
v 10.26006310 -0.59146133 3.56564124
v 10.25991646 -0.59157760 3.56558540
v 10.26004326 -0.59153198 3.56554298
v 10.26012093 -0.59136795 3.56555213
v 10.26012985 -0.59141754 3.56542976
v 10.25997742 -0.59145950 3.56752082
v 10.25997650 -0.59137741 3.56758460
v 10.25996841 -0.59143081 3.56770210
v 10.25995872 -0.59153961 3.56761665
v 10.25997307 -0.60220444 3.56752632
v 10.25984795 -0.60208435 3.56758674
v 10.25995583 -0.60212631 3.56762153
v 10.25986702 -0.60214340 3.56747505
v 10.25765388 -0.60208633 3.56753822
v 10.25992722 -0.60214340 3.56569770
v 10.26006279 -0.60220444 3.56564155
v 10.26004295 -0.60213211 3.56554328
v 10.25991646 -0.60208633 3.56558540
v 10.25773277 -0.60214340 3.56564887
v 10.25772202 -0.60208633 3.56553657
v 10.25759644 -0.60208237 3.56570869
v 10.25767235 -0.60214340 3.56742652
v 10.25751251 -0.60200805 3.56745735
v 10.25754013 -0.60208237 3.56736091
v 10.25995583 -0.60212631 3.56762153
v 10.25984795 -0.60208435 3.56758674
v 10.25986130 -0.60197006 3.56764320
v 10.25766670 -0.60197189 3.56759437
v 10.25765388 -0.60208633 3.56753822
v 10.25996117 -0.60229782 3.56760749
v 10.25995583 -0.60212631 3.56762153
v 10.25995232 -0.60224640 3.56772743
v 10.25997307 -0.60220444 3.56752632
v 10.26006279 -0.60220444 3.56564155
v 10.26011971 -0.60229782 3.56555244
v 10.26012932 -0.60224838 3.56543037
v 10.26004295 -0.60213211 3.56554328
v 10.25995232 -0.60224640 3.56772743
v 10.25995583 -0.60212631 3.56762153
v 10.25996536 -0.60203094 3.56769447
v 10.25994942 -0.60212250 3.56777778
v 10.25999611 -0.59683197 3.56779548
v 10.25997948 -0.59683197 3.56768958
v 10.25996559 -0.59155670 3.56775215
v 10.25997017 -0.59163482 3.56768684
v 10.25995872 -0.59153961 3.56761665
v 10.25996841 -0.59143081 3.56770210
v 10.25759644 -0.59158340 3.56570869
v 10.25754158 -0.59172638 3.56568183
v 10.25757553 -0.59165588 3.56561073
v 10.25753738 -0.59167679 3.56580207
v 10.25748772 -0.59167679 3.56726661
v 10.25754021 -0.59158340 3.56736274
v 10.25751244 -0.59165771 3.56745796
v 10.25748367 -0.59172836 3.56738593
v 10.25765381 -0.59157959 3.56753852
v 10.25757553 -0.59165588 3.56561073
v 10.25754318 -0.59184845 3.56563178
v 10.25760208 -0.59175308 3.56553871
v 10.25754158 -0.59172638 3.56568183
v 10.25754013 -0.60208237 3.56736091
v 10.25748367 -0.60193756 3.56738532
v 10.25751251 -0.60200805 3.56745735
v 10.25748772 -0.60198898 3.56726509
v 10.25753738 -0.60198898 3.56580207
v 10.25759644 -0.60208237 3.56570869
v 10.25757553 -0.60201004 3.56561073
v 10.25754158 -0.60193756 3.56568153
v 10.25772202 -0.60208633 3.56553657
v 10.25751251 -0.60200805 3.56745735
v 10.25748367 -0.60193756 3.56738532
v 10.25748199 -0.60181366 3.56743537
v 10.25753441 -0.60190903 3.56753059
v 10.25765388 -0.60208633 3.56753822
v 10.25753380 -0.59683197 3.56754585
v 10.25748199 -0.59683197 3.56743537
v 10.25753441 -0.59175690 3.56753059
v 10.25748199 -0.59185226 3.56743537
v 10.25748367 -0.59172836 3.56738593
v 10.25751244 -0.59165771 3.56745796
v 10.25766670 -0.59169586 3.56759437
v 10.25765381 -0.59157959 3.56753852
v 10.25748199 -0.60181366 3.56743537
v 10.25748367 -0.60193756 3.56738532
v 10.25748772 -0.60198898 3.56726509
v 10.25748772 -0.60181366 3.56726509
v 10.25753738 -0.60198898 3.56580207
v 10.25748199 -0.59683197 3.56743537
v 10.25753738 -0.60181747 3.56580207
v 10.25754158 -0.60193756 3.56568153
v 10.25754318 -0.60181747 3.56563178
v 10.25748772 -0.59683197 3.56726570
v 10.25753738 -0.59683197 3.56580207
v 10.25754318 -0.59683197 3.56563178
v 10.25754318 -0.59184845 3.56563178
v 10.25753738 -0.59184845 3.56580207
v 10.25754158 -0.59172638 3.56568183
v 10.25753738 -0.59167679 3.56580207
v 10.25748772 -0.59185226 3.56726661
v 10.25748199 -0.59185226 3.56743537
v 10.25748772 -0.59167679 3.56726661
v 10.25748367 -0.59172836 3.56738593
v 10.25754021 -0.59158340 3.56736274
v 10.25767242 -0.59152237 3.56742866
v 10.25765381 -0.59157959 3.56753852
v 10.25984825 -0.59158157 3.56758857
v 10.25773277 -0.59152237 3.56564918
v 10.25759644 -0.59158340 3.56570869
v 10.25757553 -0.59165588 3.56561073
v 10.25772202 -0.59157760 3.56553657
v 10.25992729 -0.59152237 3.56569770
v 10.25991646 -0.59157760 3.56558540
v 10.26006310 -0.59146133 3.56564124
v 10.25986687 -0.59152237 3.56747749
v 10.25995872 -0.59153961 3.56761665
v 10.25997742 -0.59145950 3.56752082
vt 0.43138519 0.81238061
vt 0.22595067 0.81238228
vt 0.22595017 0.80103779
vt 0.59121639 0.02062571
vt 0.78875583 0.00876468
vt 0.78873616 0.02054322
vt 0.42498371 0.53244239
vt 0.42046368 0.53004372
vt 0.42565632 0.53159446
vt 0.42498371 0.53244239
vt 0.41972610 0.53092784
vt 0.42046368 0.53004372
vt 0.21282913 0.83906412
vt 0.41770893 0.83992022
vt 0.21282911 0.83988935
vt 0.21282913 0.83906412
vt 0.41852376 0.83906740
vt 0.41770893 0.83992022
vt 0.00707152 0.83906919
vt 0.21282911 0.83988935
vt 0.00792908 0.83991873
vt 0.58648968 0.00799423
vt 0.78875583 0.00876468
vt 0.58692551 0.00885534
vt 0.60872871 0.55223531
vt 0.60837185 0.56732327
vt 0.60828257 0.55223793
vt 0.70647204 0.55497015
vt 0.70440733 0.55073011
vt 0.70472604 0.55398649
vt 0.70659739 0.55534422
vt 0.70530474 0.55172366
vt 0.71091920 0.55512655
vt 0.51554674 0.72136897
vt 0.50913829 0.79201269
vt 0.50922078 0.72159952
vt 0.51554674 0.79221702
vt 0.00433645 0.51608968
vt 0.00874351 0.52054024
vt 0.00563427 0.51919281
vt 0.00879040 0.51609915
vt 0.22755887 0.52259266
vt 0.00418861 0.26242942
vt 0.22757897 0.51812166
vt 0.44591898 0.52227265
vt 0.00868205 0.26244694
vt 0.44665372 0.51806355
vt 0.44982013 0.52108175
vt 0.45110443 0.51808900
vt 0.22881009 0.26336789
vt 0.44885734 0.26430583
vt 0.45335346 0.26432550
vt 0.45335039 0.01051015
vt 0.44888261 0.01051050
vt 0.45202678 0.00740302
vt 0.44892192 0.00605243
vt 0.22975968 0.00863314
vt 0.22977674 0.00414866
vt 0.01075861 0.00884438
vt 0.01075436 0.00438869
vt 0.00629383 0.00880814
vt 0.00764113 0.00571388
vt 0.41598949 0.84239078
vt 0.21282911 0.84076363
vt 0.41698772 0.84080660
vt 0.21282910 0.84239352
vt 0.00866816 0.84080368
vt 0.00966723 0.84238780
vt 0.57938904 0.49067152
vt 0.58602470 0.49739283
vt 0.58137065 0.49544472
vt 0.59035891 0.48563838
vt 0.78785330 0.49822772
vt 0.57939285 0.25311100
vt 0.78787708 0.48644924
vt 0.98973787 0.49821740
vt 0.59036463 0.25313127
vt 0.98544836 0.48644233
vt 0.99440134 0.49628699
vt 0.99640220 0.49151969
vt 0.78835863 0.25349629
vt 0.98631263 0.25386131
vt 0.99728805 0.25388157
vt 0.99727857 0.01624179
vt 0.98630613 0.02127868
vt 0.99529523 0.01146710
vt 0.99063903 0.00951952
vt 0.78873616 0.02054322
vt 0.59121639 0.02062571
vt 0.58026510 0.01555210
vt 0.58226430 0.01078624
vt 0.00235225 0.61063957
vt 0.00796756 0.54056805
vt 0.00758637 0.61039275
vt 0.00263375 0.54030204
vt 0.00877321 0.80100262
vt 0.01553691 0.81445414
vt 0.00378266 0.80294687
vt 0.02056241 0.81240165
vt 0.22595067 0.81238228
vt 0.22595017 0.80103779
vt 0.43138519 0.81238061
vt 0.44218743 0.80124182
vt 0.44825995 0.80292845
vt 0.43645832 0.81445408
vt 0.01140246 0.53092802
vt 0.00712828 0.53392690
vt 0.00614476 0.53244239
vt 0.01240137 0.53251201
vt 0.55037600 0.54977477
vt 0.53841966 0.53843427
vt 0.54047239 0.53341174
vt 0.55233288 0.54480022
vt 0.54048735 0.29283643
vt 0.55230659 0.29283655
vt 0.55233568 0.04087400
vt 0.54047412 0.05226326
vt 0.53841960 0.04724234
vt 0.55037755 0.03590071
vt 0.29077020 0.72085261
vt 0.29090557 0.79348969
vt 0.07231072 0.72245032
vt 0.07258262 0.79210794
vt 0.51439810 0.61178172
vt 0.51966017 0.54153687
vt 0.51966017 0.61204171
vt 0.51431632 0.54178083
vt 0.00439439 0.84380335
vt 0.00341073 0.84231913
vt 0.00434399 0.63133830
vt 0.01028689 0.63123113
vt 0.00955759 0.63295269
vt 0.00505218 0.62969083
vt 0.42224801 0.84231645
vt 0.42126507 0.84380263
vt 0.57093263 0.51823097
vt 0.55899394 0.50690639
vt 0.56104648 0.50188369
vt 0.57289296 0.51325941
vt 0.57287014 0.26130176
vt 0.56106097 0.26130170
vt 0.56104773 0.02072328
vt 0.57290214 0.00934064
vt 0.55899394 0.01570177
vt 0.57094592 0.00436532
vt 0.22687083 0.71387237
vt 0.44554725 0.64230424
vt 0.44586286 0.71213990
vt 0.22675847 0.64098072
vt 0.00787497 0.71281523
vt 0.00797616 0.64297968
vt 0.48852268 0.62198508
vt 0.49302793 0.61872292
vt 0.49373621 0.62037027
vt 0.48779333 0.62026352
vt 0.01202856 0.83014238
vt 0.02379697 0.81861866
vt 0.02882563 0.82066977
vt 0.01701604 0.83209038
vt 0.23425530 0.82068574
vt 0.23425524 0.83206129
vt 0.43968326 0.82067055
vt 0.45149529 0.83209383
vt 0.44471106 0.81861866
vt 0.45648351 0.83014661
vt 0.00263525 0.71308112
vt 0.00263525 0.64274102
vt 0.41872716 0.53251183
vt 0.42400017 0.53392684
vt 0.45088744 0.64204925
vt 0.45110339 0.71238965
vt 0.46296412 0.52734256
vt 0.53322053 0.53268594
vt 0.46271968 0.53268594
vt 0.53296041 0.52742434
vt 0.24904324 0.63123304
vt 0.24904321 0.63299167
vt 0.48852834 0.63295960
vt 0.48779911 0.63123810
vt 0.21556413 0.53088617
vt 0.21556413 0.53251612
vt 0.49303403 0.62969804
vt 0.49374211 0.63134569
vt 0.24903706 0.62201780
vt 0.24903707 0.62025911
vt 0.01028052 0.62025779
vt 0.00955107 0.62197936
vt 0.00433766 0.62036419
vt 0.00504603 0.61871690
vt 0.26114440 0.53951490
vt 0.26097780 0.61240959
vt 0.53356922 0.27400279
vt 0.46170360 0.02099913
vt 0.53152782 0.02060914
vt 0.46067154 0.27417600
vt 0.46143672 0.01566547
vt 0.53177398 0.01537496
vt 0.06725521 0.79236126
vt 0.06708340 0.72219729
vt 0.45297664 0.51815253
vt 0.45109057 0.52249044
vt 0.51924711 0.61386889
vt 0.51449335 0.61358285
vt 0.55197215 0.03447711
vt 0.55393845 0.03945744
vt 0.51383066 0.53998888
vt 0.51924068 0.53964961
vt 0.44564268 0.52414501
vt 0.50942343 0.71978593
vt 0.51515520 0.71957588
vt 0.44358593 0.79966390
vt 0.44973227 0.80137950
vt 0.51505417 0.79406840
vt 0.50863010 0.79380131
vt 0.57450002 0.51468068
vt 0.57253265 0.51966017
vt 0.46083114 0.53226495
vt 0.46117151 0.52685541
vt 0.00431722 0.52052194
vt 0.00246415 0.51613551
vt 0.53476167 0.52751946
vt 0.53504926 0.53230345
vt 0.00229934 0.80139607
vt 0.00729163 0.79943734
vt 0.07310025 0.79388899
vt 0.06770684 0.79423392
vt 0.00868887 0.52240652
vt 0.06744604 0.72041070
vt 0.07220314 0.72064716
vt 0.44897720 0.00418693
vt 0.45335981 0.00607955
vt 0.45073935 0.71418005
vt 0.44597152 0.71394664
vt 0.45795909 0.83169073
vt 0.45296621 0.83365005
vt 0.44503161 0.64052105
vt 0.45043656 0.64017427
vt 0.45521683 0.01047081
vt 0.00747684 0.61219865
vt 0.00271591 0.61242980
vt 0.55393445 0.54621559
vt 0.55196851 0.55119628
vt 0.00305947 0.53841996
vt 0.00846026 0.53877997
vt 0.01554423 0.83364725
vt 0.01055164 0.83168757
vt 0.00308077 0.64086437
vt 0.00848659 0.64119476
vt 0.00631966 0.00438088
vt 0.01071354 0.00252414
vt 0.00777189 0.71462226
vt 0.00300484 0.71487039
vt 0.57253975 0.00294250
vt 0.57450557 0.00792336
vt 0.45991528 0.02149272
vt 0.45955437 0.01609182
vt 0.00442916 0.00875372
vt 0.53356427 0.01573843
vt 0.53333372 0.02049941
vt 0.00232633 0.26242220
vt 0.53542823 0.27399760
vt 0.57449394 0.26130176
vt 0.45889989 0.27418041
vt 0.26097271 0.61426854
vt 0.45521677 0.26433372
vt 0.29076695 0.71899760
vt 0.22755052 0.52445918
vt 0.22595020 0.79944658
vt 0.29090631 0.79525828
vt 0.55392748 0.29283655
vt 0.26114866 0.53774369
vt 0.22687370 0.71573246
vt 0.22978382 0.00228643
vt 0.23425524 0.83363861
vt 0.22675574 0.63921499
vt 0.00866816 0.84080368
vt 0.00273722 0.84147066
vt 0.00341073 0.84231913
vt 0.00196848 0.84058249
vt 0.00895872 0.62294853
vt 0.00379445 0.62131166
vt 0.00379445 0.62131166
vt 0.00818436 0.62386239
vt 0.00309128 0.62225837
vt 0.00895872 0.62294853
vt 0.48852834 0.63295960
vt 0.49428287 0.63229090
vt 0.48911855 0.63392705
vt 0.49374211 0.63134569
vt 0.49497974 0.63323051
vt 0.48988739 0.63483548
vt 0.42224801 0.84231645
vt 0.42291877 0.84146863
vt 0.41698772 0.84080660
vt 0.42368072 0.84058619
vt 0.49427864 0.62131697
vt 0.48911455 0.62295383
vt 0.48911455 0.62295383
vt 0.49497974 0.62226140
vt 0.48988748 0.62386638
vt 0.49427864 0.62131697
vt 0.42131782 0.52919739
vt 0.42642298 0.53070849
vt 0.00547272 0.53159493
vt 0.01066523 0.53004414
vt 0.01066523 0.53004414
vt 0.00470752 0.53071058
vt 0.00981206 0.52919877
vt 0.00547272 0.53159493
vt 0.00434399 0.63133830
vt 0.00896672 0.63392073
vt 0.00380220 0.63228458
vt 0.00955759 0.63295269
vt 0.00819597 0.63483089
vt 0.00310251 0.63322735
vt 0.24903703 0.62386638
vt 0.00818436 0.62386239
vt 0.24903704 0.62297428
vt 0.48988748 0.62386638
vt 0.21282911 0.83988935
vt 0.41770893 0.83992022
vt 0.00792908 0.83991873
vt 0.24904321 0.63394719
vt 0.24904320 0.63483542
vt 0.48911855 0.63392705
vt 0.24904321 0.63394719
vt 0.00896672 0.63392073
vt 0.21556413 0.52919334
vt 0.21556413 0.53001332
vt 0.21556413 0.53001332
vt 0.58148897 0.01007521
vt 0.01016183 0.84322977
vt 0.00439439 0.84380335
vt 0.00966723 0.84238780
vt 0.00500699 0.84461904
vt 0.57937282 0.01510030
vt 0.00553444 0.61782426
vt 0.01068612 0.61934620
vt 0.99607342 0.01075846
vt 0.99817282 0.01579297
vt 0.48739365 0.63032645
vt 0.49303403 0.62969804
vt 0.48779911 0.63123810
vt 0.49254572 0.62880522
vt 0.99107784 0.00865960
vt 0.42065284 0.84461904
vt 0.41598949 0.84239078
vt 0.42126507 0.84380263
vt 0.41549507 0.84323299
vt 0.58059269 0.49615288
vt 0.57849509 0.49111998
vt 0.48738775 0.61935192
vt 0.49253953 0.61783022
vt 0.58558565 0.49825233
vt 0.42338768 0.53474259
vt 0.41823259 0.53335387
vt 0.99517673 0.49699855
vt 0.99017358 0.49907905
vt 0.01289592 0.53335398
vt 0.00774081 0.53474265
vt 0.99729478 0.49197179
vt 0.00554054 0.62879807
vt 0.01028689 0.63123113
vt 0.00505218 0.62969083
vt 0.01069243 0.63031954
vt 0.58026510 0.01555210
vt 0.57849509 0.25310934
vt 0.57937282 0.01510030
vt 0.57939285 0.25311100
vt 0.57849509 0.49111998
vt 0.57938904 0.49067152
vt 0.24903709 0.61934102
vt 0.41549507 0.84323299
vt 0.21282908 0.84324223
vt 0.01016183 0.84322977
vt 0.78875721 0.00789928
vt 0.99107784 0.00865960
vt 0.99063903 0.00951952
vt 0.78875583 0.00876468
vt 0.58648968 0.00799423
vt 0.24904326 0.63031483
vt 0.48739365 0.63032645
vt 0.01069243 0.63031954
vt 0.99818623 0.25388324
vt 0.21556413 0.53336477
vt 0.78785151 0.49909317
vt 0.54058874 0.00995946
vt 0.54845405 0.01782471
vt 0.54058874 0.01782477
vt 0.54845405 0.00995946
vt 0.54058874 0.00209409
vt 0.54845405 0.00209409
vt 0.60865492 0.61081111
vt 0.60869259 0.61658907
vt 0.60863817 0.61635262
vt 0.60882509 0.61679226
vt 0.60829747 0.61675721
vt 0.60821211 0.61652881
vt 0.60840434 0.61697614
vt 0.61417282 0.62247539
vt 0.61418623 0.62194145
vt 0.60890186 0.61081266
vt 0.61440855 0.62203109
vt 0.61440432 0.62249529
vt 0.61463255 0.62194544
vt 0.61463612 0.62247968
vt 0.62050468 0.61708713
vt 0.61440986 0.62188661
vt 0.61451024 0.61086166
vt 0.60904366 0.60335654
vt 0.61457545 0.60348254
vt 0.60872543 0.60335302
vt 0.60821396 0.61080837
vt 0.60828531 0.60334790
vt 0.62008727 0.61689550
vt 0.62011969 0.61091417
vt 0.62022346 0.61669481
vt 0.62061548 0.61687011
vt 0.62011462 0.60345316
vt 0.62043303 0.60345560
vt 0.62011021 0.59605372
vt 0.61463338 0.59654826
vt 0.60918933 0.59596157
vt 0.62028223 0.61645931
vt 0.62070507 0.61664325
vt 0.62080783 0.61092246
vt 0.62036675 0.61091715
vt 0.62087333 0.60345858
vt 0.62090993 0.59606111
vt 0.62079895 0.59605992
vt 0.62109601 0.58233696
vt 0.62098467 0.58233619
vt 0.62112409 0.56724793
vt 0.62067825 0.56724840
vt 0.62104523 0.55216211
vt 0.62048411 0.59637123
vt 0.62049222 0.59567618
vt 0.62038022 0.59594423
vt 0.61944711 0.59460419
vt 0.62059915 0.55216473
vt 0.62094986 0.53707379
vt 0.61928469 0.59485036
vt 0.62050390 0.53707731
vt 0.62063181 0.50947934
vt 0.62024051 0.50986630
vt 0.61440450 0.50931025
vt 0.61440760 0.50975645
vt 0.60819507 0.50956738
vt 0.61458832 0.53711486
vt 0.61466497 0.55219841
vt 0.61475199 0.56725073
vt 0.60859036 0.50994813
vt 0.60819507 0.53714335
vt 0.60864103 0.53714168
vt 0.60828257 0.55223793
vt 0.60872871 0.55223531
vt 0.60881513 0.56732017
vt 0.60929179 0.58214629
vt 0.60837185 0.56732327
vt 0.61482549 0.58166099
vt 0.60860229 0.58216292
vt 0.60849226 0.58216381
vt 0.60838830 0.59595299
vt 0.60890579 0.58185267
vt 0.60849965 0.59595400
vt 0.60891509 0.58253968
vt 0.60880893 0.59627211
vt 0.60881531 0.59557581
vt 0.60902345 0.58226717
vt 0.60892159 0.59584659
vt 0.60997987 0.58360696
vt 0.61027265 0.59494925
vt 0.61003828 0.59477675
vt 0.61464077 0.59553611
vt 0.61014181 0.58335811
vt 0.60988122 0.59452814
vt 0.61060941 0.59466273
vt 0.61040127 0.59443623
vt 0.61018592 0.59421909
vt 0.61027861 0.58392501
vt 0.61050266 0.58370900
vt 0.61464316 0.59519511
vt 0.61904639 0.59501898
vt 0.61038172 0.58318645
vt 0.61071807 0.58348227
vt 0.61481315 0.58301771
vt 0.61481643 0.58267522
vt 0.61886007 0.58356750
vt 0.61920053 0.58328348
vt 0.61943281 0.58345729
vt 0.61906618 0.58379489
vt 0.61958331 0.58370739
vt 0.61927921 0.58401263
vt 0.61875761 0.58408666
vt 0.61915064 0.59428674
vt 0.61882025 0.59398520
vt 0.61892760 0.59450084
vt 0.61862260 0.59419721
vt 0.61871350 0.59472549
vt 0.61464530 0.59486544
vt 0.61756927 0.59285146
vt 0.61744773 0.59302998
vt 0.61735761 0.59294367
vt 0.56801134 0.57349598
vt 0.57587671 0.58136129
vt 0.56801134 0.58136129
vt 0.57587671 0.57349598
vt 0.56801134 0.56563061
vt 0.57587671 0.56563061
vt 0.54241544 0.03217781
vt 0.54288656 0.02425039
vt 0.54286516 0.03194761
vt 0.54245597 0.02415603
vt 0.54076117 0.03257954
vt 0.54249352 0.02392536
vt 0.54293972 0.02402157
vt 0.54078805 0.02371901
vt 0.54074270 0.02394915
vt 0.54054660 0.03270018
vt 0.54059094 0.02367163
vt 0.54052544 0.02389657
vt 0.63218355 0.53548074
vt 0.63223046 0.50926423
vt 0.63266104 0.50898677
vt 0.63260561 0.53548038
vt 0.63223976 0.54990840
vt 0.63434112 0.50782925
vt 0.63266623 0.54990757
vt 0.63224256 0.56433207
vt 0.63440126 0.53548527
vt 0.63457239 0.50767034
vt 0.63437796 0.54990518
vt 0.63266897 0.56433201
vt 0.63224429 0.57875645
vt 0.63437927 0.56433165
vt 0.63267070 0.57875639
vt 0.63224614 0.59318084
vt 0.63438118 0.57875615
vt 0.63267255 0.59318078
vt 0.63224685 0.60039306
vt 0.63438302 0.59318054
vt 0.63267320 0.60039312
vt 0.63224441 0.60760248
vt 0.63438374 0.60039294
vt 0.63266903 0.60760200
vt 0.63225204 0.61310500
vt 0.63438237 0.60760337
vt 0.63268173 0.61319661
vt 0.63264537 0.61342567
vt 0.63220012 0.61333299
vt 0.63432688 0.61362654
vt 0.63437128 0.61339694
vt 0.63452441 0.61367440
vt 0.63459337 0.60760349
vt 0.63458985 0.61344874
vt 0.63480425 0.60760373
vt 0.62733519 0.50676250
vt 0.63223046 0.50926423
vt 0.62718475 0.50712037
vt 0.63266104 0.50898677
vt 0.62801647 0.50521904
vt 0.63434112 0.50782925
vt 0.62809086 0.50503868
vt 0.63457239 0.50767034
vt 0.60865492 0.61081111
vt 0.60821211 0.61652881
vt 0.60821396 0.61080837
vt 0.60863817 0.61635262
vt 0.60869259 0.61658907
vt 0.55998206 0.62253457
vt 0.55448872 0.62440467
vt 0.55955040 0.62225628
vt 0.55463946 0.62476355
vt 0.56166637 0.62369627
vt 0.55532217 0.62631202
vt 0.56189817 0.62385571
vt 0.55539668 0.62649292
vt 0.67939335 0.58943307
vt 0.67932892 0.58966219
vt 0.67921233 0.58956003
vt 0.67910957 0.58975643
vt 0.67930663 0.58980405
vt 0.67889982 0.61730558
vt 0.67909712 0.61730605
vt 0.67893291 0.63174641
vt 0.67913455 0.63174617
vt 0.67893535 0.64624768
vt 0.67913747 0.64624774
vt 0.67892385 0.66075337
vt 0.67912591 0.66075361
vt 0.67890763 0.67525578
vt 0.67910957 0.67525601
vt 0.67889982 0.68249953
vt 0.67910135 0.68249953
vt 0.67890662 0.68972230
vt 0.67910635 0.68972075
vt 0.67899585 0.69595462
vt 0.67918950 0.69601792
vt 0.67914325 0.69624305
vt 0.67896473 0.69619167
vt 0.67939335 0.58943307
vt 0.67946649 0.58962113
vt 0.67932892 0.58966219
vt 0.68689340 0.58855480
vt 0.68687201 0.58835602
vt 0.69467139 0.58798993
vt 0.69465691 0.58779085
vt 0.45643818 0.68626338
vt 0.45656720 0.68607920
vt 0.45667094 0.68619710
vt 0.45676580 0.68597567
vt 0.45681429 0.68617398
vt 0.48435807 0.68599391
vt 0.48435754 0.68579257
vt 0.49881685 0.68601477
vt 0.49881706 0.68581307
vt 0.51330793 0.68602389
vt 0.51330799 0.68582195
vt 0.52780217 0.68602395
vt 0.52780217 0.68582207
vt 0.54229224 0.68601948
vt 0.54229218 0.68581778
vt 0.54952687 0.68601781
vt 0.54952705 0.68581659
vt 0.55673474 0.68602896
vt 0.55673635 0.68582958
vt 0.56302065 0.68611401
vt 0.56295758 0.68592066
vt 0.56319416 0.68588966
vt 0.56324536 0.68606788
vt 0.53828740 0.56098807
vt 0.53835481 0.56075126
vt 0.53845060 0.56088167
vt 0.53819656 0.56080467
vt 0.53828698 0.56051469
vt 0.53845042 0.56062078
vt 0.53819668 0.56069803
vt 0.54405379 0.55197042
vt 0.53157789 0.55650228
vt 0.53146869 0.55667907
vt 0.54390544 0.55183083
vt 0.52485722 0.55221480
vt 0.52474564 0.55238962
vt 0.53747463 0.54742730
vt 0.53080493 0.54305083
vt 0.53092825 0.54284781
vt 0.53760648 0.54723066
vt 0.54405212 0.55165094
vt 0.54421854 0.55180645
vt 0.54076117 0.03257954
vt 0.54061985 0.03290707
vt 0.54054660 0.03270018
vt 0.54082841 0.03279662
vt 0.54248792 0.03238606
vt 0.54241544 0.03217781
vt 0.52523339 0.00500643
vt 0.52490586 0.00514781
vt 0.52501625 0.00493920
vt 0.52511275 0.00522101
vt 0.63596696 0.50645596
vt 0.63599682 0.50669259
vt 0.63586324 0.50663227
vt 0.63612533 0.50660503
vt 0.63620663 0.50680715
vt 0.63600397 0.50683904
vt 0.63600153 0.53548312
vt 0.63620663 0.53548312
vt 0.63599694 0.54990679
vt 0.63619787 0.54990685
vt 0.63599825 0.56433147
vt 0.63619924 0.56433147
vt 0.63600016 0.57875597
vt 0.63620108 0.57875592
vt 0.63600194 0.59318036
vt 0.63620287 0.59318030
vt 0.63600272 0.60039240
vt 0.63620377 0.60039240
vt 0.63599986 0.60760671
vt 0.63620281 0.60760689
vt 0.63599396 0.61399221
vt 0.63619661 0.61403710
vt 0.63615197 0.61426848
vt 0.63593429 0.61421549
vt 0.52374226 0.00685567
vt 0.52353454 0.00680393
vt 0.52364135 0.00658858
vt 0.52392495 0.00665569
vt 0.53450692 0.00685567
vt 0.53446126 0.00664794
vt 0.53468758 0.00658739
vt 0.53474265 0.00680906
vt 0.53891194 0.03407061
vt 0.53917909 0.03417158
vt 0.53896368 0.03427839
vt 0.53911191 0.03388792
vt 0.53911966 0.02335167
vt 0.53891194 0.02330595
vt 0.53895855 0.02307028
vt 0.53918022 0.02312529
vt 0.56353647 0.62472159
vt 0.56345493 0.62492412
vt 0.56332624 0.62483644
vt 0.56333333 0.62468964
vt 0.56313419 0.62470621
vt 0.56353647 0.59597743
vt 0.56319249 0.62489694
vt 0.56333506 0.59597754
vt 0.56351978 0.58156765
vt 0.55584210 0.62759233
vt 0.55591887 0.62778610
vt 0.55547410 0.62668210
vt 0.56331897 0.58156776
vt 0.56351864 0.56715697
vt 0.56209582 0.62399095
vt 0.55539668 0.62649292
vt 0.56189817 0.62385571
vt 0.56312984 0.59597754
vt 0.56214046 0.59597641
vt 0.56193417 0.59597635
vt 0.56331789 0.56715697
vt 0.56351805 0.55274683
vt 0.56311822 0.58156788
vt 0.56212521 0.58156937
vt 0.56191343 0.58156955
vt 0.56331730 0.55274683
vt 0.56351739 0.53833675
vt 0.56311709 0.56715697
vt 0.56212419 0.56715703
vt 0.56191236 0.56715709
vt 0.56311649 0.55274683
vt 0.56331664 0.53833675
vt 0.56212360 0.55274689
vt 0.56191176 0.55274689
vt 0.56311584 0.53833675
vt 0.56331623 0.53113186
vt 0.56212294 0.53833675
vt 0.56191111 0.53833681
vt 0.56311542 0.53113192
vt 0.56331176 0.52392501
vt 0.56212246 0.53113151
vt 0.56191063 0.53113157
vt 0.56311077 0.52392519
vt 0.56330502 0.51754636
vt 0.56211752 0.52392817
vt 0.56190687 0.52392846
vt 0.56311268 0.51761729
vt 0.56211126 0.51801282
vt 0.56190246 0.51808941
vt 0.56183708 0.51786405
vt 0.56205040 0.51778805
vt 0.56305230 0.51739049
vt 0.56324542 0.51732337
vt 0.56329638 0.62507331
vt 0.56332624 0.62483644
vt 0.56345493 0.62492412
vt 0.56319249 0.62489694
vt 0.55591887 0.62778610
vt 0.55599582 0.62797976
vt 0.68689340 0.58855480
vt 0.69467139 0.58798993
vt 0.69468582 0.58818907
vt 0.68691456 0.58875185
vt 0.67946649 0.58962113
vt 0.68724668 0.61726940
vt 0.69516540 0.61721194
vt 0.67949444 0.58980644
vt 0.67932892 0.58966219
vt 0.67930663 0.58980405
vt 0.67909712 0.61730605
vt 0.67929816 0.61730647
vt 0.67913455 0.63174617
vt 0.67933619 0.63174587
vt 0.67913747 0.64624774
vt 0.68725091 0.63175410
vt 0.69516295 0.63175857
vt 0.67933953 0.64624780
vt 0.67912591 0.66075361
vt 0.68724060 0.64625651
vt 0.69514197 0.64626575
vt 0.67932802 0.66075379
vt 0.67910957 0.67525601
vt 0.68722707 0.66076136
vt 0.69512683 0.66076916
vt 0.67931151 0.67525625
vt 0.67910135 0.68249953
vt 0.68721181 0.67526448
vt 0.69511425 0.67527604
vt 0.67930293 0.68249953
vt 0.67910635 0.68972075
vt 0.68720031 0.68251330
vt 0.69510400 0.68253571
vt 0.67930794 0.68971944
vt 0.67918950 0.69601792
vt 0.68717968 0.68975288
vt 0.69508100 0.68980539
vt 0.67938894 0.69605196
vt 0.68712336 0.69622588
vt 0.69502866 0.69630128
vt 0.69503462 0.69653654
vt 0.68711954 0.69646066
vt 0.67936540 0.69628102
vt 0.67914325 0.69624305
vt 0.54845405 0.00209409
vt 0.54058874 0.00189286
vt 0.54845405 0.00189286
vt 0.54058874 0.00209409
vt 0.58035159 0.50463384
vt 0.58821690 0.50463384
vt 0.58821690 0.50483513
vt 0.58035159 0.50483507
vt 0.58035147 0.53345817
vt 0.58821678 0.53345823
vt 0.58035147 0.54790121
vt 0.58821672 0.54790127
vt 0.58035141 0.56234425
vt 0.58821672 0.56234425
vt 0.58035135 0.57678729
vt 0.58821666 0.57678735
vt 0.58035129 0.59123027
vt 0.58821660 0.59123033
vt 0.58035129 0.59845185
vt 0.58821654 0.59845191
vt 0.58035123 0.60567337
vt 0.58821654 0.60567337
vt 0.58035117 0.61975300
vt 0.58803433 0.61242461
vt 0.58816314 0.61222798
vt 0.58821654 0.61199903
vt 0.60174596 0.50922000
vt 0.59406292 0.51597124
vt 0.59406292 0.50189161
vt 0.60187483 0.50941670
vt 0.60192823 0.50964564
vt 0.60192823 0.51597124
vt 0.59406292 0.52319282
vt 0.60192823 0.52319282
vt 0.59406292 0.53041434
vt 0.60192823 0.53041434
vt 0.59406292 0.54485732
vt 0.60192823 0.54485732
vt 0.59406292 0.55930036
vt 0.60192823 0.55930036
vt 0.59406292 0.57374340
vt 0.60192823 0.57374340
vt 0.59406292 0.58818644
vt 0.60192823 0.58818644
vt 0.59406292 0.61680955
vt 0.60192823 0.61680955
vt 0.60192823 0.61701077
vt 0.59406292 0.61701077
vt 0.62868601 0.50356328
vt 0.63586324 0.50663227
vt 0.62861204 0.50374961
vt 0.63596696 0.50645596
vt 0.57587671 0.56563061
vt 0.56801134 0.56542939
vt 0.57587671 0.56542939
vt 0.56801134 0.56563061
vt 0.56331730 0.55274683
vt 0.56331664 0.53833675
vt 0.56351739 0.53833675
vt 0.56351703 0.53113180
vt 0.56331623 0.53113186
vt 0.56351447 0.52392483
vt 0.56331176 0.52392501
vt 0.56350744 0.51750153
vt 0.56330502 0.51754636
vt 0.56324542 0.51732337
vt 0.56346279 0.51727039
vt 0.62816811 0.50485009
vt 0.63457239 0.50767034
vt 0.62809086 0.50503868
vt 0.63476956 0.50753552
vt 0.62853539 0.50394273
vt 0.63580519 0.50682259
vt 0.62861204 0.50374961
vt 0.63586324 0.50663227
vt 0.63599682 0.50669259
vt 0.63600397 0.50683904
vt 0.63460320 0.53548527
vt 0.63440126 0.53548527
vt 0.63437796 0.54990518
vt 0.63480937 0.53548515
vt 0.63579792 0.53548312
vt 0.63600153 0.53548312
vt 0.63458997 0.54990524
vt 0.63437927 0.56433165
vt 0.63480198 0.54990536
vt 0.63579595 0.54990673
vt 0.63599694 0.54990679
vt 0.63459134 0.56433165
vt 0.63438118 0.57875615
vt 0.63480335 0.56433159
vt 0.63579726 0.56433147
vt 0.63599825 0.56433147
vt 0.63459325 0.57875615
vt 0.63438302 0.59318054
vt 0.63480526 0.57875609
vt 0.63579917 0.57875597
vt 0.63600016 0.57875597
vt 0.63459504 0.59318054
vt 0.63438374 0.60039294
vt 0.63480705 0.59318054
vt 0.63580096 0.59318036
vt 0.63600194 0.59318036
vt 0.63459575 0.60039294
vt 0.63438237 0.60760337
vt 0.63459337 0.60760349
vt 0.63480777 0.60039294
vt 0.63480425 0.60760373
vt 0.63580173 0.60039240
vt 0.63600272 0.60039240
vt 0.63579863 0.60760659
vt 0.63599986 0.60760671
vt 0.63479888 0.61352545
vt 0.63458985 0.61344874
vt 0.63580143 0.61392128
vt 0.63599396 0.61399221
vt 0.63593429 0.61421549
vt 0.63574100 0.61414832
vt 0.63473797 0.61375046
vt 0.63452441 0.61367440
vt 0.56166637 0.62369627
vt 0.56193417 0.59597635
vt 0.56189817 0.62385571
vt 0.56173211 0.59597647
vt 0.55998206 0.62253457
vt 0.56191343 0.58156955
vt 0.55993575 0.59597600
vt 0.55955040 0.62225628
vt 0.55951339 0.59597564
vt 0.56170160 0.58156967
vt 0.56191236 0.56715709
vt 0.55999130 0.58156633
vt 0.55956531 0.58156556
vt 0.56170052 0.56715709
vt 0.56191176 0.55274689
vt 0.55999190 0.56715709
vt 0.55956590 0.56715709
vt 0.56169999 0.55274689
vt 0.56191111 0.53833681
vt 0.55999118 0.55274701
vt 0.55956519 0.55274701
vt 0.56169933 0.53833681
vt 0.56191063 0.53113157
vt 0.55999053 0.53833687
vt 0.55956447 0.53833687
vt 0.56169885 0.53113157
vt 0.56190687 0.52392846
vt 0.55998993 0.53113163
vt 0.55956399 0.53113174
vt 0.56169611 0.52392870
vt 0.56190246 0.51808941
vt 0.55998462 0.52393007
vt 0.55956042 0.52392966
vt 0.56168413 0.51814127
vt 0.55999649 0.51834160
vt 0.55956721 0.51843315
vt 0.55951530 0.51820546
vt 0.55996007 0.51811272
vt 0.56163979 0.51791185
vt 0.56183708 0.51786405
vt 0.53391629 0.00524217
vt 0.52511275 0.00522101
vt 0.52523339 0.00500643
vt 0.53386372 0.00502497
vt 0.53409392 0.00497955
vt 0.53414124 0.00517666
vt 0.53388762 0.00327414
vt 0.52563512 0.00335217
vt 0.52501625 0.00493920
vt 0.52542681 0.00327975
vt 0.53365684 0.00331163
vt 0.53379130 0.00282794
vt 0.53356260 0.00288111
vt 0.52586526 0.00290251
vt 0.52566791 0.00279814
vt 0.53828740 0.56098807
vt 0.53147060 0.56484735
vt 0.53819656 0.56080467
vt 0.53157866 0.56502134
vt 0.52481323 0.56911284
vt 0.52492410 0.56928599
vt 0.53084594 0.57841688
vt 0.53748691 0.57405543
vt 0.53761846 0.57425147
vt 0.53096879 0.57861900
vt 0.54405266 0.56983560
vt 0.54390609 0.56965607
vt 0.53845060 0.56088167
vt 0.54421878 0.56968021
vt 0.54405415 0.56951654
vt 0.54296947 0.03214496
vt 0.54241544 0.03217781
vt 0.54286516 0.03194761
vt 0.54248792 0.03238606
vt 0.54421854 0.55180645
vt 0.54434061 0.55194962
vt 0.54418176 0.55213249
vt 0.54405379 0.55197042
vt 0.53845042 0.56062078
vt 0.53860021 0.56075120
vt 0.53835481 0.56075126
vt 0.53845060 0.56088167
vt 0.54405415 0.56951654
vt 0.54418188 0.56935459
vt 0.54434061 0.56953710
vt 0.54421878 0.56968021
vt 0.53461868 0.00639230
vt 0.53468758 0.00658739
vt 0.53446126 0.00664794
vt 0.53438991 0.00645351
vt 0.53421694 0.00538874
vt 0.52409244 0.00645155
vt 0.52392495 0.00665569
vt 0.52364135 0.00658858
vt 0.52382112 0.00635844
vt 0.52500582 0.00543875
vt 0.52474111 0.00534534
vt 0.52490586 0.00514781
vt 0.52511275 0.00522101
vt 0.53399241 0.00544935
vt 0.53414124 0.00517666
vt 0.53391629 0.00524217
vt 0.54052544 0.02389657
vt 0.54037887 0.02359593
vt 0.54059094 0.02367163
vt 0.54031825 0.02382046
vt 0.53937531 0.02319419
vt 0.54032886 0.03280705
vt 0.54054660 0.03270018
vt 0.54061985 0.03290707
vt 0.54042232 0.03307182
vt 0.53931606 0.03372049
vt 0.53940922 0.03399175
vt 0.53917909 0.03417158
vt 0.53911191 0.03388792
vt 0.53931409 0.02342296
vt 0.53918022 0.02312529
vt 0.53911966 0.02335167
vt 0.56330162 0.70192283
vt 0.56346118 0.69402903
vt 0.56353647 0.70192879
vt 0.56322682 0.69403285
vt 0.56328321 0.68628961
vt 0.55676562 0.69408834
vt 0.55681854 0.70197493
vt 0.56305462 0.68631309
vt 0.56324536 0.68606788
vt 0.56302065 0.68611401
vt 0.55673474 0.68602896
vt 0.55673325 0.68623018
vt 0.54952687 0.68601781
vt 0.54952675 0.68621904
vt 0.54229224 0.68601948
vt 0.54953486 0.69410682
vt 0.54955631 0.70200360
vt 0.54229230 0.68622124
vt 0.52780217 0.68602395
vt 0.54229379 0.69411433
vt 0.54230124 0.70201206
vt 0.52780223 0.68622589
vt 0.51330793 0.68602389
vt 0.52780265 0.69411927
vt 0.52780378 0.70201397
vt 0.51330787 0.68622583
vt 0.49881685 0.68601477
vt 0.51330811 0.69411993
vt 0.51330918 0.70201564
vt 0.49881661 0.68621647
vt 0.48435807 0.68599391
vt 0.49881187 0.69411695
vt 0.49880934 0.70202106
vt 0.48435852 0.68619376
vt 0.45681429 0.68617398
vt 0.48431882 0.69409949
vt 0.48427963 0.70202106
vt 0.45681778 0.68636322
vt 0.45667094 0.68619710
vt 0.45581564 0.69392711
vt 0.45531973 0.70176697
vt 0.45511883 0.70175415
vt 0.45561430 0.69390738
vt 0.45491791 0.70174146
vt 0.45541629 0.69388795
vt 0.45663020 0.68633664
vt 0.45643818 0.68626338
vt 0.61744767 0.58509612
vt 0.61752516 0.58530915
vt 0.61739796 0.58526778
vt 0.61761600 0.58522391
vt 0.61875761 0.58408666
vt 0.61854881 0.58389169
vt 0.61906618 0.58379489
vt 0.61886007 0.58356750
vt 0.61481315 0.58301771
vt 0.61481023 0.58334887
vt 0.61480129 0.58478069
vt 0.61071807 0.58348227
vt 0.61102766 0.58381671
vt 0.61216420 0.58506101
vt 0.61081010 0.58401400
vt 0.61050266 0.58370900
vt 0.61199319 0.58518803
vt 0.61208373 0.58527482
vt 0.61221230 0.58523476
vt 0.61221939 0.58540022
vt 0.61208373 0.58527482
vt 0.61221230 0.58523476
vt 0.61205161 0.58540648
vt 0.61190552 0.59278727
vt 0.61207122 0.59279603
vt 0.61187112 0.58536756
vt 0.61199319 0.58518803
vt 0.61081010 0.58401400
vt 0.61193585 0.59291822
vt 0.61206257 0.59295911
vt 0.61172545 0.59282357
vt 0.61184537 0.59300333
vt 0.61051959 0.59393179
vt 0.61061132 0.58422762
vt 0.61050266 0.58370900
vt 0.61027861 0.58392501
vt 0.61018592 0.59421909
vt 0.61070848 0.59414268
vt 0.61040127 0.59443623
vt 0.61722302 0.59281904
vt 0.61735761 0.59294367
vt 0.61722994 0.59298342
vt 0.61465365 0.59308916
vt 0.61465263 0.59326369
vt 0.61207122 0.59279603
vt 0.61206257 0.59295911
vt 0.61479878 0.58513129
vt 0.61221939 0.58540022
vt 0.61221230 0.58523476
vt 0.61738878 0.58543158
vt 0.61480010 0.58495623
vt 0.61216420 0.58506101
vt 0.61480129 0.58478069
vt 0.61739796 0.58526778
vt 0.61744767 0.58509612
vt 0.61752516 0.58530915
vt 0.61755556 0.58544052
vt 0.61738932 0.59281278
vt 0.61722302 0.59281904
vt 0.61738932 0.59281278
vt 0.61735761 0.59294367
vt 0.61756927 0.59285146
vt 0.61773580 0.58540434
vt 0.61755556 0.58544052
vt 0.61752516 0.58530915
vt 0.61761600 0.58522391
vt 0.61894554 0.58429796
vt 0.61882025 0.59398520
vt 0.61875761 0.58408666
vt 0.61927921 0.58401263
vt 0.61871350 0.59472549
vt 0.61862260 0.59419721
vt 0.61892760 0.59450084
vt 0.61840624 0.59439325
vt 0.61744773 0.59302998
vt 0.61464530 0.59486544
vt 0.61727774 0.59315622
vt 0.61735761 0.59294367
vt 0.61722994 0.59298342
vt 0.61465263 0.59326369
vt 0.61465174 0.59343857
vt 0.61206257 0.59295911
vt 0.61201346 0.59313029
vt 0.61193585 0.59291822
vt 0.61184537 0.59300333
vt 0.61091828 0.59433699
vt 0.61464316 0.59519511
vt 0.61060941 0.59466273
vt 0.61040127 0.59443623
vt 0.61070848 0.59414268
vt 0.61051959 0.59393179
vt 0.61172545 0.59282357
vt 0.65184331 0.59692377
vt 0.65633631 0.58186555
vt 0.65633631 0.59692377
vt 0.65184331 0.58186555
vt 0.65633631 0.56680739
vt 0.65184331 0.56680739
vt 0.65951586 0.58186555
vt 0.65951586 0.59692377
vt 0.65951586 0.56680739
vt 0.65633631 0.55174917
vt 0.65184331 0.55174917
vt 0.65951586 0.55174917
vt 0.65633631 0.53952289
vt 0.65184331 0.53952289
vt 0.65951586 0.53952289
vt 0.65633631 0.52729660
vt 0.65184331 0.52729660
vt 0.65951586 0.52729660
vt 0.65633631 0.51507032
vt 0.65951586 0.51507032
vt 0.67322731 0.53721035
vt 0.66430110 0.52472055
vt 0.67322731 0.52472055
vt 0.66430110 0.53721035
vt 0.67322731 0.54970020
vt 0.66430110 0.54970020
vt 0.67322731 0.56219000
vt 0.66430116 0.56219000
vt 0.67322731 0.57467985
vt 0.66430116 0.57467985
vt 0.67322731 0.58716965
vt 0.66430116 0.58716965
vt 0.67322731 0.59965950
vt 0.66430116 0.59965950
vt 0.67322731 0.61214930
vt 0.66430116 0.61214930
vt 0.67322731 0.62463909
vt 0.66430116 0.62463909
vt 0.67322731 0.63712895
vt 0.66430116 0.63712895
vt 0.67322731 0.64961880
vt 0.66430116 0.64961880
vt 0.67322731 0.66210860
vt 0.66430116 0.66210860
vt 0.67322731 0.67459840
vt 0.66430116 0.67459840
vt 0.50077134 0.64717573
vt 0.48758653 0.64717573
vt 0.48758653 0.64269894
vt 0.50077134 0.64269894
vt 0.51395619 0.64717573
vt 0.50077134 0.63953090
vt 0.48758653 0.63953090
vt 0.51395619 0.63953084
vt 0.51395619 0.64269894
vt 0.52714097 0.64717573
vt 0.52714097 0.63953084
vt 0.52714097 0.64269894
vt 0.54032582 0.63953084
vt 0.54032588 0.64717573
vt 0.54032588 0.64269894
vt 0.55351073 0.64717573
vt 0.55351073 0.64269894
vt 0.56669551 0.64717573
vt 0.56669551 0.64269894
vt 0.56669551 0.63953084
vt 0.55351073 0.63953084
vt 0.57988036 0.64717573
vt 0.56669551 0.64717573
vt 0.56669551 0.64269894
vt 0.57988036 0.64269894
vt 0.59306520 0.64717573
vt 0.57988036 0.63953084
vt 0.56669551 0.63953084
vt 0.59306520 0.63953084
vt 0.59306520 0.64269894
vt 0.60625005 0.64717573
vt 0.60625005 0.63953084
vt 0.60625005 0.64269894
vt 0.61943489 0.64717573
vt 0.61943489 0.63953084
vt 0.61943489 0.64269894
vt 0.63261974 0.64717573
vt 0.63261974 0.63953084
vt 0.63261974 0.64269894
vt 0.64580458 0.64717573
vt 0.64580458 0.63953084
vt 0.64580458 0.64269894
vt 0.65184331 0.51507032
vt 0.65184331 0.50284404
vt 0.65633631 0.50284404
vt 0.65633631 0.51507032
vt 0.65184331 0.52729660
vt 0.65951586 0.51507032
vt 0.65951586 0.50284404
vt 0.59477842 0.66362935
vt 0.60741282 0.66111928
vt 0.60741282 0.66362935
vt 0.59477842 0.66111928
vt 0.58214408 0.66362941
vt 0.60741282 0.65628839
vt 0.58214402 0.66111928
vt 0.56950969 0.66362941
vt 0.59477842 0.65628839
vt 0.56950969 0.66111928
vt 0.55687529 0.66362941
vt 0.59477842 0.65422738
vt 0.60741282 0.65422738
vt 0.58214402 0.65422738
vt 0.58214402 0.65628839
vt 0.56950969 0.65422738
vt 0.56950969 0.65628839
vt 0.55687529 0.65422738
vt 0.55687529 0.66111928
vt 0.54424089 0.66362941
vt 0.55687529 0.65628839
vt 0.54424089 0.65422738
vt 0.54424089 0.66111928
vt 0.53160655 0.66362941
vt 0.54424089 0.65628839
vt 0.53160655 0.65422738
vt 0.53160655 0.66111928
vt 0.51897216 0.66362941
vt 0.53160655 0.65628839
vt 0.51897216 0.65422738
vt 0.51897216 0.66111928
vt 0.50633776 0.66362941
vt 0.51897216 0.65628839
vt 0.50633776 0.65422738
vt 0.50633776 0.66111928
vt 0.49370337 0.66362941
vt 0.50633776 0.65628839
vt 0.49370337 0.65422738
vt 0.49370337 0.66111928
vt 0.48106900 0.66362941
vt 0.49370337 0.65628839
vt 0.48106900 0.65422738
vt 0.48106900 0.66111928
vt 0.46843460 0.66362941
vt 0.48106900 0.65628839
vt 0.46843460 0.65422738
vt 0.46843460 0.66111928
vt 0.45580032 0.66362941
vt 0.45580032 0.66111928
vt 0.46843460 0.65628839
vt 0.45580032 0.65422738
vt 0.45580032 0.65628839
vt 0.68941671 0.50888455
vt 0.68333399 0.50454223
vt 0.68452382 0.50346756
vt 0.68822688 0.50995928
vt 0.69430959 0.51430160
vt 0.68104410 0.50661063
vt 0.69311976 0.51537633
vt 0.69920248 0.51971865
vt 0.68593699 0.51202762
vt 0.69801265 0.52079332
vt 0.70409542 0.52513564
vt 0.68496007 0.51291001
vt 0.68006718 0.50749296
vt 0.68985295 0.51832706
vt 0.69082987 0.51744467
vt 0.69474584 0.52374405
vt 0.69572276 0.52286166
vt 0.69963878 0.52916110
vt 0.70290560 0.52621037
vt 0.71121186 0.53445125
vt 0.70061564 0.52827871
vt 0.71000016 0.53501517
vt 0.70573145 0.53513610
vt 0.70398504 0.53663981
vt 0.71033055 0.53509474
vt 0.71299016 0.54494005
vt 0.70616984 0.53536063
vt 0.70982647 0.53525680
vt 0.71004242 0.53534400
vt 0.71013916 0.53556645
vt 0.71062028 0.54504192
vt 0.71212566 0.55556643
vt 0.71101111 0.55456614
vt 0.70563769 0.53551835
vt 0.70595169 0.53545666
vt 0.70586747 0.53567588
vt 0.70624959 0.54523122
vt 0.70546204 0.54526490
vt 0.70668882 0.55479348
vt 0.70679027 0.55500621
vt 0.70701516 0.55508524
vt 0.71072006 0.55489886
vt 0.71124285 0.55502111
vt 0.71093255 0.55479491
vt 0.70740843 0.55405265
vt 0.70850146 0.55526280
vt 0.70241642 0.56075907
vt 0.70132339 0.55954891
vt 0.69633138 0.56625533
vt 0.69523835 0.56504518
vt 0.69024634 0.57175159
vt 0.69921970 0.55721992
vt 0.68915331 0.57054144
vt 0.68416131 0.57724792
vt 0.68306822 0.57603776
vt 0.69832230 0.55622637
vt 0.69223726 0.56172264
vt 0.69313467 0.56271619
vt 0.68615222 0.56721896
vt 0.68704963 0.56821245
vt 0.68096459 0.57370871
vt 0.68006718 0.57271522
vt 0.50318527 0.00609946
vt 0.49109337 0.00592321
vt 0.50318569 0.00581920
vt 0.51507604 0.00620395
vt 0.51527733 0.00596106
vt 0.51554674 0.00604767
vt 0.51492918 0.00649583
vt 0.51531208 0.00635052
vt 0.51519877 0.00658345
vt 0.59193689 0.68008292
vt 0.60329938 0.66966325
vt 0.60329938 0.68008292
vt 0.59193689 0.66966325
vt 0.58057433 0.68008292
vt 0.58057433 0.66966325
vt 0.56921184 0.68008292
vt 0.56921184 0.66966325
vt 0.55784935 0.68008292
vt 0.55784935 0.66966325
vt 0.54385495 0.68008292
vt 0.54385495 0.66966325
vt 0.52986056 0.68008292
vt 0.52986056 0.66966325
vt 0.51586622 0.68008292
vt 0.51586622 0.66966325
vt 0.50187182 0.68008292
vt 0.50187182 0.66966325
vt 0.49050930 0.68008292
vt 0.49050930 0.66966325
vt 0.47914678 0.68008292
vt 0.47914678 0.66966325
vt 0.46778429 0.68008292
vt 0.46778429 0.66966325
vt 0.45642179 0.68008292
vt 0.45642176 0.66966325
vt 0.55351073 0.63953084
vt 0.54032588 0.64269894
vt 0.54032582 0.63953084
vt 0.55351073 0.64269894
vt 0.65168601 0.71024793
vt 0.65951586 0.69790858
vt 0.65951586 0.71024793
vt 0.65168601 0.69790858
vt 0.64385617 0.71024793
vt 0.65168601 0.69703001
vt 0.65951586 0.69790858
vt 0.65168601 0.69790858
vt 0.65951586 0.69703001
vt 0.65951586 0.69544113
vt 0.64385617 0.69790858
vt 0.63602632 0.71024793
vt 0.64385617 0.69703001
vt 0.64385617 0.69790858
vt 0.65168601 0.69544113
vt 0.63602632 0.69790858
vt 0.62819648 0.71024793
vt 0.63602632 0.69703001
vt 0.63602632 0.69790858
vt 0.62819648 0.69790858
vt 0.62153423 0.71024793
vt 0.65168601 0.69480640
vt 0.65951586 0.69544113
vt 0.65168601 0.69544113
vt 0.65951586 0.69480640
vt 0.65168601 0.69480640
vt 0.65951586 0.69244033
vt 0.65951586 0.69480640
vt 0.64385617 0.69544113
vt 0.62819648 0.69703001
vt 0.62819648 0.69790858
vt 0.62153423 0.69790858
vt 0.61487198 0.71024793
vt 0.64385617 0.69480640
vt 0.64385617 0.69544113
vt 0.65168601 0.69244033
vt 0.64385617 0.69480640
vt 0.63602632 0.69544113
vt 0.62153423 0.69703001
vt 0.62153423 0.69790858
vt 0.61487198 0.69790858
vt 0.60820973 0.71024793
vt 0.63602632 0.69480640
vt 0.63602632 0.69544113
vt 0.62819648 0.69544113
vt 0.61487198 0.69703001
vt 0.61487198 0.69790858
vt 0.60820973 0.69790858
vt 0.60154748 0.71024793
vt 0.63602632 0.69480640
vt 0.64385617 0.69244033
vt 0.62819648 0.69480640
vt 0.62819648 0.69544113
vt 0.62153423 0.69544113
vt 0.60820973 0.69703001
vt 0.60820973 0.69790858
vt 0.60154748 0.69790858
vt 0.59371763 0.71024793
vt 0.63602632 0.69244033
vt 0.62819648 0.69480640
vt 0.62819648 0.69244033
vt 0.63602632 0.68853837
vt 0.62153423 0.69480640
vt 0.62153423 0.69480640
vt 0.62153423 0.69244033
vt 0.62153423 0.69544113
vt 0.61487198 0.69480640
vt 0.61487198 0.69480640
vt 0.61487198 0.69244033
vt 0.60820973 0.69480640
vt 0.61487198 0.69544113
vt 0.60820973 0.69480640
vt 0.61487198 0.69544113
vt 0.60820973 0.69544113
vt 0.60820973 0.69544113
vt 0.64385617 0.68853837
vt 0.60154748 0.69480640
vt 0.60820973 0.69244033
vt 0.60154748 0.69480640
vt 0.60154748 0.69703001
vt 0.60154748 0.69790858
vt 0.60154748 0.69544113
vt 0.60154748 0.69544113
vt 0.59371763 0.69703001
vt 0.65168601 0.68853837
vt 0.65951586 0.68853837
vt 0.65951586 0.68608677
vt 0.65168601 0.68608677
vt 0.64385617 0.68608677
vt 0.63602632 0.68608677
vt 0.62819648 0.68853837
vt 0.62819648 0.68608677
vt 0.62153423 0.68853837
vt 0.62153423 0.68608677
vt 0.61487198 0.68853837
vt 0.61487198 0.68608677
vt 0.60820973 0.68853837
vt 0.60820973 0.68608677
vt 0.60154748 0.68853837
vt 0.60154748 0.68608677
vt 0.59371763 0.68853837
vt 0.59371763 0.68608677
vt 0.60154748 0.69244033
vt 0.58588779 0.68853837
vt 0.58588779 0.68608677
vt 0.59371763 0.69244033
vt 0.59371763 0.69480640
vt 0.59371763 0.69480640
vt 0.57805794 0.68853837
vt 0.57805794 0.68608677
vt 0.58588779 0.69244033
vt 0.59371763 0.69544113
vt 0.59371763 0.69544113
vt 0.58588779 0.69480640
vt 0.58588779 0.69480640
vt 0.57022810 0.68853837
vt 0.57022810 0.68608677
vt 0.57805794 0.69244033
vt 0.57022810 0.69244033
vt 0.57022810 0.69480640
vt 0.57805794 0.69480640
vt 0.58588779 0.69544113
vt 0.57805794 0.69480640
vt 0.57022810 0.69480640
vt 0.57805794 0.69544113
vt 0.57022810 0.69544113
vt 0.57022810 0.69703001
vt 0.57022810 0.69544113
vt 0.57805794 0.69544113
vt 0.58588779 0.69703001
vt 0.58588779 0.69544113
vt 0.57805794 0.69703001
vt 0.59371763 0.69790858
vt 0.59371763 0.69790858
vt 0.58588779 0.71024793
vt 0.58588779 0.69790858
vt 0.58588779 0.69790858
vt 0.57805794 0.71024793
vt 0.57805794 0.69790858
vt 0.57805794 0.69790858
vt 0.57022810 0.69790858
vt 0.57022810 0.71024793
vt 0.57022810 0.69790858
vt 0.72533041 0.64574349
vt 0.71301687 0.63838363
vt 0.72533041 0.63838363
vt 0.71301687 0.64574349
vt 0.72533041 0.65310329
vt 0.71214014 0.64574349
vt 0.71301687 0.63838363
vt 0.71301687 0.64574349
vt 0.71214014 0.63838363
vt 0.71055460 0.63838363
vt 0.71301687 0.65310329
vt 0.72533041 0.66046309
vt 0.71214014 0.65310329
vt 0.71301687 0.65310329
vt 0.71055460 0.64574349
vt 0.71301687 0.66046309
vt 0.72533041 0.66782296
vt 0.71214014 0.66046309
vt 0.71301687 0.66046309
vt 0.71301687 0.66782296
vt 0.72533041 0.67518276
vt 0.70992124 0.64574349
vt 0.71055460 0.63838363
vt 0.71055460 0.64574349
vt 0.70992124 0.63838363
vt 0.70992124 0.64574349
vt 0.70756006 0.63838363
vt 0.70992124 0.63838363
vt 0.71055460 0.65310329
vt 0.71214014 0.66782296
vt 0.71301687 0.66782296
vt 0.71301687 0.67518276
vt 0.72533041 0.68254256
vt 0.70992124 0.65310329
vt 0.71055460 0.65310329
vt 0.70756006 0.64574349
vt 0.70992124 0.65310329
vt 0.71055460 0.66046309
vt 0.71214014 0.67518276
vt 0.71301687 0.67518276
vt 0.71301687 0.68254256
vt 0.72533041 0.68990242
vt 0.70992124 0.66046309
vt 0.71055460 0.66046309
vt 0.71055460 0.66782296
vt 0.71214014 0.68254256
vt 0.71301687 0.68254256
vt 0.71301687 0.68990242
vt 0.72533041 0.69726223
vt 0.70992124 0.66046309
vt 0.70756006 0.65310329
vt 0.70992124 0.66782296
vt 0.71055460 0.66782296
vt 0.71055460 0.67518276
vt 0.71214014 0.68990242
vt 0.71301687 0.68990242
vt 0.71301687 0.69726223
vt 0.72533041 0.70462209
vt 0.70756006 0.66046309
vt 0.70992124 0.66782296
vt 0.70992124 0.67518276
vt 0.71055460 0.67518276
vt 0.71055460 0.68254256
vt 0.71214014 0.69726223
vt 0.71301687 0.69726223
vt 0.71301687 0.70462209
vt 0.72533041 0.71198189
vt 0.70756006 0.66782296
vt 0.70992124 0.67518276
vt 0.70992124 0.68254256
vt 0.71055460 0.68254256
vt 0.71055460 0.68990242
vt 0.71214014 0.70462209
vt 0.71301687 0.70462209
vt 0.71301687 0.71198189
vt 0.72533041 0.71934170
vt 0.70756006 0.67518276
vt 0.70992124 0.68254256
vt 0.70992124 0.68990242
vt 0.71055460 0.68990242
vt 0.71055460 0.69726223
vt 0.71214014 0.71198189
vt 0.71301687 0.71198189
vt 0.71301687 0.71934175
vt 0.72533041 0.72670156
vt 0.71301687 0.72670156
vt 0.71214014 0.72670156
vt 0.71301687 0.71934175
vt 0.71301687 0.72670156
vt 0.71214014 0.71934175
vt 0.71055460 0.70462209
vt 0.70992124 0.69726223
vt 0.71055460 0.69726223
vt 0.71055460 0.71934175
vt 0.71055460 0.72670156
vt 0.70992124 0.72670156
vt 0.71055460 0.71934175
vt 0.71055460 0.72670156
vt 0.71055460 0.71198189
vt 0.70992124 0.70462209
vt 0.71055460 0.70462209
vt 0.70992124 0.71934175
vt 0.71055460 0.71198189
vt 0.70992124 0.71198189
vt 0.70992124 0.72670156
vt 0.70756006 0.71934175
vt 0.70992124 0.71934175
vt 0.70756006 0.72670156
vt 0.70366627 0.72670156
vt 0.70756006 0.71198189
vt 0.70992124 0.71198189
vt 0.70756006 0.70462209
vt 0.70992124 0.70462209
vt 0.70756006 0.69726223
vt 0.70992124 0.69726223
vt 0.70366627 0.71934175
vt 0.70366627 0.71198189
vt 0.70121980 0.71934175
vt 0.70121980 0.72670156
vt 0.70121980 0.71198189
vt 0.70121980 0.70462209
vt 0.70366627 0.70462209
vt 0.70121980 0.69726223
vt 0.70366627 0.69726223
vt 0.70121980 0.68990242
vt 0.70756006 0.68990242
vt 0.70992124 0.68990242
vt 0.70366627 0.68990242
vt 0.70121980 0.68254256
vt 0.70756006 0.68254256
vt 0.70366627 0.68254256
vt 0.70121980 0.67518276
vt 0.70366627 0.67518276
vt 0.70121980 0.66782296
vt 0.70366627 0.66782296
vt 0.70121980 0.66046309
vt 0.70366627 0.66046309
vt 0.70121980 0.65310329
vt 0.70366627 0.65310329
vt 0.70121980 0.64574349
vt 0.70366627 0.64574349
vt 0.70121980 0.63838363
vt 0.70366627 0.63838363
vt 0.62819648 0.68853837
vt 0.63602632 0.68853837
vt 0.63602632 0.69244033
vt 0.62819648 0.69244033
vt 0.62153423 0.68853837
vt 0.62153423 0.69244033
vt 0.61487198 0.68853837
vt 0.61487198 0.69244033
vt 0.60820973 0.68853837
vt 0.60820973 0.69244033
vt 0.60820973 0.69480640
vt 0.65633631 0.58186555
vt 0.65951586 0.59692377
vt 0.65633631 0.59692377
vt 0.65951586 0.61198199
vt 0.65633631 0.61198199
vt 0.65951586 0.62420827
vt 0.65184331 0.61198199
vt 0.65184331 0.59692377
vt 0.65184331 0.62420827
vt 0.65633631 0.62420827
vt 0.65951586 0.63643456
vt 0.65184331 0.63643456
vt 0.65633631 0.63643456
vt 0.65951586 0.64866084
vt 0.65184325 0.64866084
vt 0.65633631 0.64866084
vt 0.65184325 0.66088712
vt 0.65951586 0.66088712
vt 0.65633631 0.64866084
vt 0.65951586 0.64866084
vt 0.65633631 0.66088712
vt 0.65184325 0.66088712
vt 0.55256742 0.59768379
vt 0.55169624 0.59106684
vt 0.55256742 0.59431797
vt 0.55001336 0.58815193
vt 0.55169630 0.60093492
vt 0.55001336 0.60384983
vt 0.54763329 0.58577186
vt 0.54763335 0.60622990
vt 0.54471838 0.58408898
vt 0.54471844 0.60791278
vt 0.54146725 0.58321786
vt 0.54146725 0.60878396
vt 0.53810143 0.58321780
vt 0.53810143 0.60878396
vt 0.53485030 0.58408898
vt 0.53485030 0.60791284
vt 0.53193539 0.58577192
vt 0.53193539 0.60622990
vt 0.52955538 0.58815193
vt 0.52955538 0.60384989
vt 0.52787244 0.59106684
vt 0.52787244 0.60093498
vt 0.52700132 0.59431797
vt 0.52700132 0.59768379
vt 0.74900585 0.61955577
vt 0.76078272 0.60777885
vt 0.75647205 0.61524510
vt 0.74153960 0.62386638
vt 0.76509333 0.60031259
vt 0.73291832 0.62386638
vt 0.76509333 0.59169137
vt 0.72429705 0.62386638
vt 0.76509333 0.58307004
vt 0.71683079 0.61955577
vt 0.76078272 0.57560378
vt 0.70936459 0.61524510
vt 0.75647211 0.56813753
vt 0.70505393 0.60777891
vt 0.74900585 0.56382692
vt 0.70074332 0.60031265
vt 0.74153960 0.55951625
vt 0.70074332 0.59169137
vt 0.73291832 0.55951625
vt 0.70074332 0.58307004
vt 0.72429705 0.55951625
vt 0.71683079 0.56382692
vt 0.70505393 0.57560378
vt 0.70936459 0.56813753
vt 0.50317729 0.01096904
vt 0.49207249 0.01061112
vt 0.50317770 0.01070940
vt 0.49226514 0.01084626
vt 0.49198005 0.01093256
vt 0.49183691 0.01074207
vt 0.49194130 0.01034117
vt 0.49167660 0.01041645
vt 0.50317770 0.01070940
vt 0.49207249 0.01061112
vt 0.49194130 0.01034117
vt 0.50317812 0.01044333
vt 0.49144131 0.00645745
vt 0.49167660 0.01041645
vt 0.49117145 0.00654399
vt 0.49129465 0.00616562
vt 0.49105829 0.00631148
vt 0.49109337 0.00592321
vt 0.49082309 0.00600880
vt 0.50318527 0.00609946
vt 0.50318480 0.00637627
vt 0.51492918 0.00649583
vt 0.51441520 0.01037776
vt 0.51519877 0.00658345
vt 0.51467949 0.01045394
vt 0.51428312 0.01064724
vt 0.51451814 0.01077902
vt 0.51408976 0.01088178
vt 0.50317729 0.01096904
vt 0.47289991 0.00648046
vt 0.46172604 0.00653130
vt 0.46159130 0.00626045
vt 0.47289991 0.00621253
vt 0.48407862 0.00652993
vt 0.46108350 0.00230026
vt 0.46131667 0.00633836
vt 0.46080849 0.00238925
vt 0.48421401 0.00625885
vt 0.48448771 0.00633848
vt 0.47290048 0.00232053
vt 0.48475400 0.00228834
vt 0.46092916 0.00206888
vt 0.46068972 0.00220233
vt 0.47290036 0.00208288
vt 0.48490259 0.00205487
vt 0.48514268 0.00219238
vt 0.55917758 0.00320596
vt 0.55879563 0.00307864
vt 0.55902988 0.00296295
vt 0.55942315 0.00300246
vt 0.55934000 0.00271821
vt 0.55923003 0.00782561
vt 0.55942315 0.00795686
vt 0.55934179 0.00822681
vt 0.55908328 0.00807118
vt 0.55371439 0.02367634
vt 0.55336064 0.02351296
vt 0.55356944 0.02343470
vt 0.55345464 0.02379632
vt 0.54938340 0.02393907
vt 0.55339134 0.02816319
vt 0.55369020 0.02830732
vt 0.55354327 0.02855116
vt 0.55330855 0.02843732
vt 0.54954815 0.02786022
vt 0.54948330 0.02812141
vt 0.54928178 0.02773881
vt 0.54945940 0.02420300
vt 0.54906410 0.02410704
vt 0.54920000 0.02433419
vt 0.48514268 0.00219238
vt 0.48502836 0.00238311
vt 0.48475400 0.00228834
vt 0.48421401 0.00625885
vt 0.48448771 0.00633848
vt 0.55393851 0.02350473
vt 0.55356944 0.02343470
vt 0.55385488 0.02323359
vt 0.55371439 0.02367634
vt 0.55369020 0.02830732
vt 0.55393851 0.02851015
vt 0.55385524 0.02879381
vt 0.55354327 0.02855116
vt 0.48538184 0.00194055
vt 0.48514268 0.00219238
vt 0.48490259 0.00205487
vt 0.48510474 0.00185746
vt 0.47290039 0.00184488
vt 0.47290036 0.00208288
vt 0.46075577 0.00191575
vt 0.46092916 0.00206888
vt 0.46068972 0.00220233
vt 0.46047682 0.00199485
vt 0.55477804 0.00378680
vt 0.55447185 0.00369328
vt 0.55465680 0.00355721
vt 0.55455309 0.00396752
vt 0.55447632 0.00700307
vt 0.55469877 0.00719780
vt 0.55456150 0.00742644
vt 0.55437756 0.00727880
vt 0.55488545 0.00759441
vt 0.51451814 0.01077902
vt 0.51408976 0.01088178
vt 0.51428312 0.01064724
vt 0.51437438 0.01096904
vt 0.54920000 0.02433419
vt 0.54888403 0.02425361
vt 0.54906410 0.02410704
vt 0.54898274 0.02452672
vt 0.54905200 0.02755624
vt 0.54928178 0.02773881
vt 0.54915959 0.02797174
vt 0.54897135 0.02783483
vt 0.54948330 0.02812141
vt 0.48431987 0.00666612
vt 0.48417264 0.00685567
vt 0.48388076 0.00676441
vt 0.48407862 0.00652993
vt 0.48448771 0.00633848
vt 0.47289991 0.00648046
vt 0.47289991 0.00674188
vt 0.46172604 0.00653130
vt 0.46192375 0.00676560
vt 0.46163082 0.00685567
vt 0.46148357 0.00666606
vt 0.46159130 0.00626045
vt 0.46131667 0.00633836
vt 0.45482826 0.53072160
vt 0.45510295 0.53083277
vt 0.45521677 0.53110117
vt 0.45482898 0.53110111
vt 0.45521677 0.53436249
vt 0.44372752 0.53072160
vt 0.45483512 0.53436249
vt 0.45510519 0.53463131
vt 0.45483583 0.53474259
vt 0.44372752 0.53109932
vt 0.44372752 0.53436238
vt 0.44372752 0.53474259
vt 0.43261895 0.53474259
vt 0.43261990 0.53436232
vt 0.43234974 0.53463125
vt 0.43223822 0.53436226
vt 0.43262786 0.53109753
vt 0.43262878 0.53072160
vt 0.43223822 0.53109747
vt 0.43235260 0.53083169
vt 0.55469877 0.00719780
vt 0.55496138 0.00733078
vt 0.55488545 0.00759441
vt 0.55886936 0.00800872
vt 0.55504137 0.00366706
vt 0.55477804 0.00378680
vt 0.55465680 0.00355721
vt 0.55497640 0.00340760
vt 0.55887920 0.00335228
vt 0.55879563 0.00307864
vt 0.55917758 0.00320596
vt 0.55896068 0.00772488
vt 0.55908328 0.00807118
vt 0.55923003 0.00782561
vt 0.43138519 0.81238061
vt 0.22595067 0.81238228
vt 0.22595017 0.80103779
vt 0.59121639 0.02062571
vt 0.78875583 0.00876468
vt 0.78873616 0.02054322
vt 0.42498371 0.53244239
vt 0.42046368 0.53004372
vt 0.42565632 0.53159446
vt 0.42498371 0.53244239
vt 0.41972610 0.53092784
vt 0.42046368 0.53004372
vt 0.21282913 0.83906412
vt 0.41770893 0.83992022
vt 0.21282911 0.83988935
vt 0.21282913 0.83906412
vt 0.41852376 0.83906740
vt 0.41770893 0.83992022
vt 0.00707152 0.83906919
vt 0.21282911 0.83988935
vt 0.00792908 0.83991873
vt 0.58648968 0.00799423
vt 0.78875583 0.00876468
vt 0.58692551 0.00885534
vt 0.60872871 0.55223531
vt 0.60837185 0.56732327
vt 0.60828257 0.55223793
vt 0.70647204 0.55497015
vt 0.70440733 0.55073011
vt 0.70472604 0.55398649
vt 0.70659739 0.55534422
vt 0.70530474 0.55172366
vt 0.71091920 0.55512655
vt 0.51554674 0.72136897
vt 0.50913829 0.79201269
vt 0.50922078 0.72159952
vt 0.51554674 0.79221702
vt 0.00433645 0.51608968
vt 0.00874351 0.52054024
vt 0.00563427 0.51919281
vt 0.00879040 0.51609915
vt 0.22755887 0.52259266
vt 0.00418861 0.26242942
vt 0.22757897 0.51812166
vt 0.44591898 0.52227265
vt 0.00868205 0.26244694
vt 0.44665372 0.51806355
vt 0.44982013 0.52108175
vt 0.45110443 0.51808900
vt 0.22881009 0.26336789
vt 0.44885734 0.26430583
vt 0.45335346 0.26432550
vt 0.45335039 0.01051015
vt 0.44888261 0.01051050
vt 0.45202678 0.00740302
vt 0.44892192 0.00605243
vt 0.22975968 0.00863314
vt 0.22977674 0.00414866
vt 0.01075861 0.00884438
vt 0.01075436 0.00438869
vt 0.00629383 0.00880814
vt 0.00764113 0.00571388
vt 0.41598949 0.84239078
vt 0.21282911 0.84076363
vt 0.41698772 0.84080660
vt 0.21282910 0.84239352
vt 0.00866816 0.84080368
vt 0.00966723 0.84238780
vt 0.57938904 0.49067152
vt 0.58602470 0.49739283
vt 0.58137065 0.49544472
vt 0.59035891 0.48563838
vt 0.78785330 0.49822772
vt 0.57939285 0.25311100
vt 0.78787708 0.48644924
vt 0.98973787 0.49821740
vt 0.59036463 0.25313127
vt 0.98544836 0.48644233
vt 0.99440134 0.49628699
vt 0.99640220 0.49151969
vt 0.78835863 0.25349629
vt 0.98631263 0.25386131
vt 0.99728805 0.25388157
vt 0.99727857 0.01624179
vt 0.98630613 0.02127868
vt 0.99529523 0.01146710
vt 0.99063903 0.00951952
vt 0.78873616 0.02054322
vt 0.59121639 0.02062571
vt 0.58026510 0.01555210
vt 0.58226430 0.01078624
vt 0.00235225 0.61063957
vt 0.00796756 0.54056805
vt 0.00758637 0.61039275
vt 0.00263375 0.54030204
vt 0.00877321 0.80100262
vt 0.01553691 0.81445414
vt 0.00378266 0.80294687
vt 0.02056241 0.81240165
vt 0.22595067 0.81238228
vt 0.22595017 0.80103779
vt 0.43138519 0.81238061
vt 0.44218743 0.80124182
vt 0.44825995 0.80292845
vt 0.43645832 0.81445408
vt 0.01140246 0.53092802
vt 0.00712828 0.53392690
vt 0.00614476 0.53244239
vt 0.01240137 0.53251201
vt 0.55037600 0.54977477
vt 0.53841966 0.53843427
vt 0.54047239 0.53341174
vt 0.55233288 0.54480022
vt 0.54048735 0.29283643
vt 0.55230659 0.29283655
vt 0.55233568 0.04087400
vt 0.54047412 0.05226326
vt 0.53841960 0.04724234
vt 0.55037755 0.03590071
vt 0.29077020 0.72085261
vt 0.29090557 0.79348969
vt 0.07231072 0.72245032
vt 0.07258262 0.79210794
vt 0.51439810 0.61178172
vt 0.51966017 0.54153687
vt 0.51966017 0.61204171
vt 0.51431632 0.54178083
vt 0.00439439 0.84380335
vt 0.00341073 0.84231913
vt 0.00434399 0.63133830
vt 0.01028689 0.63123113
vt 0.00955759 0.63295269
vt 0.00505218 0.62969083
vt 0.42224801 0.84231645
vt 0.42126507 0.84380263
vt 0.57093263 0.51823097
vt 0.55899394 0.50690639
vt 0.56104648 0.50188369
vt 0.57289296 0.51325941
vt 0.57287014 0.26130176
vt 0.56106097 0.26130170
vt 0.56104773 0.02072328
vt 0.57290214 0.00934064
vt 0.55899394 0.01570177
vt 0.57094592 0.00436532
vt 0.22687083 0.71387237
vt 0.44554725 0.64230424
vt 0.44586286 0.71213990
vt 0.22675847 0.64098072
vt 0.00787497 0.71281523
vt 0.00797616 0.64297968
vt 0.48852268 0.62198508
vt 0.49302793 0.61872292
vt 0.49373621 0.62037027
vt 0.48779333 0.62026352
vt 0.01202856 0.83014238
vt 0.02379697 0.81861866
vt 0.02882563 0.82066977
vt 0.01701604 0.83209038
vt 0.23425530 0.82068574
vt 0.23425524 0.83206129
vt 0.43968326 0.82067055
vt 0.45149529 0.83209383
vt 0.44471106 0.81861866
vt 0.45648351 0.83014661
vt 0.00263525 0.71308112
vt 0.00263525 0.64274102
vt 0.41872716 0.53251183
vt 0.42400017 0.53392684
vt 0.45088744 0.64204925
vt 0.45110339 0.71238965
vt 0.46296412 0.52734256
vt 0.53322053 0.53268594
vt 0.46271968 0.53268594
vt 0.53296041 0.52742434
vt 0.24904324 0.63123304
vt 0.24904321 0.63299167
vt 0.48852834 0.63295960
vt 0.48779911 0.63123810
vt 0.21556413 0.53088617
vt 0.21556413 0.53251612
vt 0.49303403 0.62969804
vt 0.49374211 0.63134569
vt 0.24903706 0.62201780
vt 0.24903707 0.62025911
vt 0.01028052 0.62025779
vt 0.00955107 0.62197936
vt 0.00433766 0.62036419
vt 0.00504603 0.61871690
vt 0.26114440 0.53951490
vt 0.26097780 0.61240959
vt 0.53356922 0.27400279
vt 0.46170360 0.02099913
vt 0.53152782 0.02060914
vt 0.46067154 0.27417600
vt 0.46143672 0.01566547
vt 0.53177398 0.01537496
vt 0.06725521 0.79236126
vt 0.06708340 0.72219729
vt 0.45297664 0.51815253
vt 0.45109057 0.52249044
vt 0.51924711 0.61386889
vt 0.51449335 0.61358285
vt 0.55197215 0.03447711
vt 0.55393845 0.03945744
vt 0.51383066 0.53998888
vt 0.51924068 0.53964961
vt 0.44564268 0.52414501
vt 0.50942343 0.71978593
vt 0.51515520 0.71957588
vt 0.44358593 0.79966390
vt 0.44973227 0.80137950
vt 0.51505417 0.79406840
vt 0.50863010 0.79380131
vt 0.57450002 0.51468068
vt 0.57253265 0.51966017
vt 0.46083114 0.53226495
vt 0.46117151 0.52685541
vt 0.00431722 0.52052194
vt 0.00246415 0.51613551
vt 0.53476167 0.52751946
vt 0.53504926 0.53230345
vt 0.00229934 0.80139607
vt 0.00729163 0.79943734
vt 0.07310025 0.79388899
vt 0.06770684 0.79423392
vt 0.00868887 0.52240652
vt 0.06744604 0.72041070
vt 0.07220314 0.72064716
vt 0.44897720 0.00418693
vt 0.45335981 0.00607955
vt 0.45073935 0.71418005
vt 0.44597152 0.71394664
vt 0.45795909 0.83169073
vt 0.45296621 0.83365005
vt 0.44503161 0.64052105
vt 0.45043656 0.64017427
vt 0.45521683 0.01047081
vt 0.00747684 0.61219865
vt 0.00271591 0.61242980
vt 0.55393445 0.54621559
vt 0.55196851 0.55119628
vt 0.00305947 0.53841996
vt 0.00846026 0.53877997
vt 0.01554423 0.83364725
vt 0.01055164 0.83168757
vt 0.00308077 0.64086437
vt 0.00848659 0.64119476
vt 0.00631966 0.00438088
vt 0.01071354 0.00252414
vt 0.00777189 0.71462226
vt 0.00300484 0.71487039
vt 0.57253975 0.00294250
vt 0.57450557 0.00792336
vt 0.45991528 0.02149272
vt 0.45955437 0.01609182
vt 0.00442916 0.00875372
vt 0.53356427 0.01573843
vt 0.53333372 0.02049941
vt 0.00232633 0.26242220
vt 0.53542823 0.27399760
vt 0.57449394 0.26130176
vt 0.45889989 0.27418041
vt 0.26097271 0.61426854
vt 0.45521677 0.26433372
vt 0.29076695 0.71899760
vt 0.22755052 0.52445918
vt 0.22595020 0.79944658
vt 0.29090631 0.79525828
vt 0.55392748 0.29283655
vt 0.26114866 0.53774369
vt 0.22687370 0.71573246
vt 0.22978382 0.00228643
vt 0.23425524 0.83363861
vt 0.22675574 0.63921499
vt 0.00866816 0.84080368
vt 0.00273722 0.84147066
vt 0.00341073 0.84231913
vt 0.00196848 0.84058249
vt 0.00895872 0.62294853
vt 0.00379445 0.62131166
vt 0.00379445 0.62131166
vt 0.00818436 0.62386239
vt 0.00309128 0.62225837
vt 0.00895872 0.62294853
vt 0.48852834 0.63295960
vt 0.49428287 0.63229090
vt 0.48911855 0.63392705
vt 0.49374211 0.63134569
vt 0.49497974 0.63323051
vt 0.48988739 0.63483548
vt 0.42224801 0.84231645
vt 0.42291877 0.84146863
vt 0.41698772 0.84080660
vt 0.42368072 0.84058619
vt 0.49427864 0.62131697
vt 0.48911455 0.62295383
vt 0.48911455 0.62295383
vt 0.49497974 0.62226140
vt 0.48988748 0.62386638
vt 0.49427864 0.62131697
vt 0.42131782 0.52919739
vt 0.42642298 0.53070849
vt 0.00547272 0.53159493
vt 0.01066523 0.53004414
vt 0.01066523 0.53004414
vt 0.00470752 0.53071058
vt 0.00981206 0.52919877
vt 0.00547272 0.53159493
vt 0.00434399 0.63133830
vt 0.00896672 0.63392073
vt 0.00380220 0.63228458
vt 0.00955759 0.63295269
vt 0.00819597 0.63483089
vt 0.00310251 0.63322735
vt 0.24903703 0.62386638
vt 0.00818436 0.62386239
vt 0.24903704 0.62297428
vt 0.48988748 0.62386638
vt 0.21282911 0.83988935
vt 0.41770893 0.83992022
vt 0.00792908 0.83991873
vt 0.24904321 0.63394719
vt 0.24904320 0.63483542
vt 0.48911855 0.63392705
vt 0.24904321 0.63394719
vt 0.00896672 0.63392073
vt 0.21556413 0.52919334
vt 0.21556413 0.53001332
vt 0.21556413 0.53001332
vt 0.58148897 0.01007521
vt 0.01016183 0.84322977
vt 0.00439439 0.84380335
vt 0.00966723 0.84238780
vt 0.00500699 0.84461904
vt 0.57937282 0.01510030
vt 0.00553444 0.61782426
vt 0.01068612 0.61934620
vt 0.99607342 0.01075846
vt 0.99817282 0.01579297
vt 0.48739365 0.63032645
vt 0.49303403 0.62969804
vt 0.48779911 0.63123810
vt 0.49254572 0.62880522
vt 0.99107784 0.00865960
vt 0.42065284 0.84461904
vt 0.41598949 0.84239078
vt 0.42126507 0.84380263
vt 0.41549507 0.84323299
vt 0.58059269 0.49615288
vt 0.57849509 0.49111998
vt 0.48738775 0.61935192
vt 0.49253953 0.61783022
vt 0.58558565 0.49825233
vt 0.42338768 0.53474259
vt 0.41823259 0.53335387
vt 0.99517673 0.49699855
vt 0.99017358 0.49907905
vt 0.01289592 0.53335398
vt 0.00774081 0.53474265
vt 0.99729478 0.49197179
vt 0.00554054 0.62879807
vt 0.01028689 0.63123113
vt 0.00505218 0.62969083
vt 0.01069243 0.63031954
vt 0.58026510 0.01555210
vt 0.57849509 0.25310934
vt 0.57937282 0.01510030
vt 0.57939285 0.25311100
vt 0.57849509 0.49111998
vt 0.57938904 0.49067152
vt 0.24903709 0.61934102
vt 0.41549507 0.84323299
vt 0.21282908 0.84324223
vt 0.01016183 0.84322977
vt 0.78875721 0.00789928
vt 0.99107784 0.00865960
vt 0.99063903 0.00951952
vt 0.78875583 0.00876468
vt 0.58648968 0.00799423
vt 0.24904326 0.63031483
vt 0.48739365 0.63032645
vt 0.01069243 0.63031954
vt 0.99818623 0.25388324
vt 0.21556413 0.53336477
vt 0.78785151 0.49909317
vt 0.54058874 0.00995946
vt 0.54845405 0.01782471
vt 0.54058874 0.01782477
vt 0.54845405 0.00995946
vt 0.54058874 0.00209409
vt 0.54845405 0.00209409
vt 0.60865492 0.61081111
vt 0.60869259 0.61658907
vt 0.60863817 0.61635262
vt 0.60882509 0.61679226
vt 0.60829747 0.61675721
vt 0.60821211 0.61652881
vt 0.60840434 0.61697614
vt 0.61417282 0.62247539
vt 0.61418623 0.62194145
vt 0.60890186 0.61081266
vt 0.61440855 0.62203109
vt 0.61440432 0.62249529
vt 0.61463255 0.62194544
vt 0.61463612 0.62247968
vt 0.62050468 0.61708713
vt 0.61440986 0.62188661
vt 0.61451024 0.61086166
vt 0.60904366 0.60335654
vt 0.61457545 0.60348254
vt 0.60872543 0.60335302
vt 0.60821396 0.61080837
vt 0.60828531 0.60334790
vt 0.62008727 0.61689550
vt 0.62011969 0.61091417
vt 0.62022346 0.61669481
vt 0.62061548 0.61687011
vt 0.62011462 0.60345316
vt 0.62043303 0.60345560
vt 0.62011021 0.59605372
vt 0.61463338 0.59654826
vt 0.60918933 0.59596157
vt 0.62028223 0.61645931
vt 0.62070507 0.61664325
vt 0.62080783 0.61092246
vt 0.62036675 0.61091715
vt 0.62087333 0.60345858
vt 0.62090993 0.59606111
vt 0.62079895 0.59605992
vt 0.62109601 0.58233696
vt 0.62098467 0.58233619
vt 0.62112409 0.56724793
vt 0.62067825 0.56724840
vt 0.62104523 0.55216211
vt 0.62048411 0.59637123
vt 0.62049222 0.59567618
vt 0.62038022 0.59594423
vt 0.61944711 0.59460419
vt 0.62059915 0.55216473
vt 0.62094986 0.53707379
vt 0.61928469 0.59485036
vt 0.62050390 0.53707731
vt 0.62063181 0.50947934
vt 0.62024051 0.50986630
vt 0.61440450 0.50931025
vt 0.61440760 0.50975645
vt 0.60819507 0.50956738
vt 0.61458832 0.53711486
vt 0.61466497 0.55219841
vt 0.61475199 0.56725073
vt 0.60859036 0.50994813
vt 0.60819507 0.53714335
vt 0.60864103 0.53714168
vt 0.60828257 0.55223793
vt 0.60872871 0.55223531
vt 0.60881513 0.56732017
vt 0.60929179 0.58214629
vt 0.60837185 0.56732327
vt 0.61482549 0.58166099
vt 0.60860229 0.58216292
vt 0.60849226 0.58216381
vt 0.60838830 0.59595299
vt 0.60890579 0.58185267
vt 0.60849965 0.59595400
vt 0.60891509 0.58253968
vt 0.60880893 0.59627211
vt 0.60881531 0.59557581
vt 0.60902345 0.58226717
vt 0.60892159 0.59584659
vt 0.60997987 0.58360696
vt 0.61027265 0.59494925
vt 0.61003828 0.59477675
vt 0.61464077 0.59553611
vt 0.61014181 0.58335811
vt 0.60988122 0.59452814
vt 0.61060941 0.59466273
vt 0.61040127 0.59443623
vt 0.61018592 0.59421909
vt 0.61027861 0.58392501
vt 0.61050266 0.58370900
vt 0.61464316 0.59519511
vt 0.61904639 0.59501898
vt 0.61038172 0.58318645
vt 0.61071807 0.58348227
vt 0.61481315 0.58301771
vt 0.61481643 0.58267522
vt 0.61886007 0.58356750
vt 0.61920053 0.58328348
vt 0.61943281 0.58345729
vt 0.61906618 0.58379489
vt 0.61958331 0.58370739
vt 0.61927921 0.58401263
vt 0.61875761 0.58408666
vt 0.61915064 0.59428674
vt 0.61882025 0.59398520
vt 0.61892760 0.59450084
vt 0.61862260 0.59419721
vt 0.61871350 0.59472549
vt 0.61464530 0.59486544
vt 0.61756927 0.59285146
vt 0.61744773 0.59302998
vt 0.61735761 0.59294367
vt 0.56801134 0.57349598
vt 0.57587671 0.58136129
vt 0.56801134 0.58136129
vt 0.57587671 0.57349598
vt 0.56801134 0.56563061
vt 0.57587671 0.56563061
vt 0.54241544 0.03217781
vt 0.54288656 0.02425039
vt 0.54286516 0.03194761
vt 0.54245597 0.02415603
vt 0.54076117 0.03257954
vt 0.54249352 0.02392536
vt 0.54293972 0.02402157
vt 0.54078805 0.02371901
vt 0.54074270 0.02394915
vt 0.54054660 0.03270018
vt 0.54059094 0.02367163
vt 0.54052544 0.02389657
vt 0.63218355 0.53548074
vt 0.63223046 0.50926423
vt 0.63266104 0.50898677
vt 0.63260561 0.53548038
vt 0.63223976 0.54990840
vt 0.63434112 0.50782925
vt 0.63266623 0.54990757
vt 0.63224256 0.56433207
vt 0.63440126 0.53548527
vt 0.63457239 0.50767034
vt 0.63437796 0.54990518
vt 0.63266897 0.56433201
vt 0.63224429 0.57875645
vt 0.63437927 0.56433165
vt 0.63267070 0.57875639
vt 0.63224614 0.59318084
vt 0.63438118 0.57875615
vt 0.63267255 0.59318078
vt 0.63224685 0.60039306
vt 0.63438302 0.59318054
vt 0.63267320 0.60039312
vt 0.63224441 0.60760248
vt 0.63438374 0.60039294
vt 0.63266903 0.60760200
vt 0.63225204 0.61310500
vt 0.63438237 0.60760337
vt 0.63268173 0.61319661
vt 0.63264537 0.61342567
vt 0.63220012 0.61333299
vt 0.63432688 0.61362654
vt 0.63437128 0.61339694
vt 0.63452441 0.61367440
vt 0.63459337 0.60760349
vt 0.63458985 0.61344874
vt 0.63480425 0.60760373
vt 0.62733519 0.50676250
vt 0.63223046 0.50926423
vt 0.62718475 0.50712037
vt 0.63266104 0.50898677
vt 0.62801647 0.50521904
vt 0.63434112 0.50782925
vt 0.62809086 0.50503868
vt 0.63457239 0.50767034
vt 0.60865492 0.61081111
vt 0.60821211 0.61652881
vt 0.60821396 0.61080837
vt 0.60863817 0.61635262
vt 0.60869259 0.61658907
vt 0.55998206 0.62253457
vt 0.55448872 0.62440467
vt 0.55955040 0.62225628
vt 0.55463946 0.62476355
vt 0.56166637 0.62369627
vt 0.55532217 0.62631202
vt 0.56189817 0.62385571
vt 0.55539668 0.62649292
vt 0.67939335 0.58943307
vt 0.67932892 0.58966219
vt 0.67921233 0.58956003
vt 0.67910957 0.58975643
vt 0.67930663 0.58980405
vt 0.67889982 0.61730558
vt 0.67909712 0.61730605
vt 0.67893291 0.63174641
vt 0.67913455 0.63174617
vt 0.67893535 0.64624768
vt 0.67913747 0.64624774
vt 0.67892385 0.66075337
vt 0.67912591 0.66075361
vt 0.67890763 0.67525578
vt 0.67910957 0.67525601
vt 0.67889982 0.68249953
vt 0.67910135 0.68249953
vt 0.67890662 0.68972230
vt 0.67910635 0.68972075
vt 0.67899585 0.69595462
vt 0.67918950 0.69601792
vt 0.67914325 0.69624305
vt 0.67896473 0.69619167
vt 0.67939335 0.58943307
vt 0.67946649 0.58962113
vt 0.67932892 0.58966219
vt 0.68689340 0.58855480
vt 0.68687201 0.58835602
vt 0.69467139 0.58798993
vt 0.69465691 0.58779085
vt 0.45643818 0.68626338
vt 0.45656720 0.68607920
vt 0.45667094 0.68619710
vt 0.45676580 0.68597567
vt 0.45681429 0.68617398
vt 0.48435807 0.68599391
vt 0.48435754 0.68579257
vt 0.49881685 0.68601477
vt 0.49881706 0.68581307
vt 0.51330793 0.68602389
vt 0.51330799 0.68582195
vt 0.52780217 0.68602395
vt 0.52780217 0.68582207
vt 0.54229224 0.68601948
vt 0.54229218 0.68581778
vt 0.54952687 0.68601781
vt 0.54952705 0.68581659
vt 0.55673474 0.68602896
vt 0.55673635 0.68582958
vt 0.56302065 0.68611401
vt 0.56295758 0.68592066
vt 0.56319416 0.68588966
vt 0.56324536 0.68606788
vt 0.53828740 0.56098807
vt 0.53835481 0.56075126
vt 0.53845060 0.56088167
vt 0.53819656 0.56080467
vt 0.53828698 0.56051469
vt 0.53845042 0.56062078
vt 0.53819668 0.56069803
vt 0.54405379 0.55197042
vt 0.53157789 0.55650228
vt 0.53146869 0.55667907
vt 0.54390544 0.55183083
vt 0.52485722 0.55221480
vt 0.52474564 0.55238962
vt 0.53747463 0.54742730
vt 0.53080493 0.54305083
vt 0.53092825 0.54284781
vt 0.53760648 0.54723066
vt 0.54405212 0.55165094
vt 0.54421854 0.55180645
vt 0.54076117 0.03257954
vt 0.54061985 0.03290707
vt 0.54054660 0.03270018
vt 0.54082841 0.03279662
vt 0.54248792 0.03238606
vt 0.54241544 0.03217781
vt 0.52523339 0.00500643
vt 0.52490586 0.00514781
vt 0.52501625 0.00493920
vt 0.52511275 0.00522101
vt 0.63596696 0.50645596
vt 0.63599682 0.50669259
vt 0.63586324 0.50663227
vt 0.63612533 0.50660503
vt 0.63620663 0.50680715
vt 0.63600397 0.50683904
vt 0.63600153 0.53548312
vt 0.63620663 0.53548312
vt 0.63599694 0.54990679
vt 0.63619787 0.54990685
vt 0.63599825 0.56433147
vt 0.63619924 0.56433147
vt 0.63600016 0.57875597
vt 0.63620108 0.57875592
vt 0.63600194 0.59318036
vt 0.63620287 0.59318030
vt 0.63600272 0.60039240
vt 0.63620377 0.60039240
vt 0.63599986 0.60760671
vt 0.63620281 0.60760689
vt 0.63599396 0.61399221
vt 0.63619661 0.61403710
vt 0.63615197 0.61426848
vt 0.63593429 0.61421549
vt 0.52374226 0.00685567
vt 0.52353454 0.00680393
vt 0.52364135 0.00658858
vt 0.52392495 0.00665569
vt 0.53450692 0.00685567
vt 0.53446126 0.00664794
vt 0.53468758 0.00658739
vt 0.53474265 0.00680906
vt 0.53891194 0.03407061
vt 0.53917909 0.03417158
vt 0.53896368 0.03427839
vt 0.53911191 0.03388792
vt 0.53911966 0.02335167
vt 0.53891194 0.02330595
vt 0.53895855 0.02307028
vt 0.53918022 0.02312529
vt 0.56353647 0.62472159
vt 0.56345493 0.62492412
vt 0.56332624 0.62483644
vt 0.56333333 0.62468964
vt 0.56313419 0.62470621
vt 0.56353647 0.59597743
vt 0.56319249 0.62489694
vt 0.56333506 0.59597754
vt 0.56351978 0.58156765
vt 0.55584210 0.62759233
vt 0.55591887 0.62778610
vt 0.55547410 0.62668210
vt 0.56331897 0.58156776
vt 0.56351864 0.56715697
vt 0.56209582 0.62399095
vt 0.55539668 0.62649292
vt 0.56189817 0.62385571
vt 0.56312984 0.59597754
vt 0.56214046 0.59597641
vt 0.56193417 0.59597635
vt 0.56331789 0.56715697
vt 0.56351805 0.55274683
vt 0.56311822 0.58156788
vt 0.56212521 0.58156937
vt 0.56191343 0.58156955
vt 0.56331730 0.55274683
vt 0.56351739 0.53833675
vt 0.56311709 0.56715697
vt 0.56212419 0.56715703
vt 0.56191236 0.56715709
vt 0.56311649 0.55274683
vt 0.56331664 0.53833675
vt 0.56212360 0.55274689
vt 0.56191176 0.55274689
vt 0.56311584 0.53833675
vt 0.56331623 0.53113186
vt 0.56212294 0.53833675
vt 0.56191111 0.53833681
vt 0.56311542 0.53113192
vt 0.56331176 0.52392501
vt 0.56212246 0.53113151
vt 0.56191063 0.53113157
vt 0.56311077 0.52392519
vt 0.56330502 0.51754636
vt 0.56211752 0.52392817
vt 0.56190687 0.52392846
vt 0.56311268 0.51761729
vt 0.56211126 0.51801282
vt 0.56190246 0.51808941
vt 0.56183708 0.51786405
vt 0.56205040 0.51778805
vt 0.56305230 0.51739049
vt 0.56324542 0.51732337
vt 0.56329638 0.62507331
vt 0.56332624 0.62483644
vt 0.56345493 0.62492412
vt 0.56319249 0.62489694
vt 0.55591887 0.62778610
vt 0.55599582 0.62797976
vt 0.68689340 0.58855480
vt 0.69467139 0.58798993
vt 0.69468582 0.58818907
vt 0.68691456 0.58875185
vt 0.67946649 0.58962113
vt 0.68724668 0.61726940
vt 0.69516540 0.61721194
vt 0.67949444 0.58980644
vt 0.67932892 0.58966219
vt 0.67930663 0.58980405
vt 0.67909712 0.61730605
vt 0.67929816 0.61730647
vt 0.67913455 0.63174617
vt 0.67933619 0.63174587
vt 0.67913747 0.64624774
vt 0.68725091 0.63175410
vt 0.69516295 0.63175857
vt 0.67933953 0.64624780
vt 0.67912591 0.66075361
vt 0.68724060 0.64625651
vt 0.69514197 0.64626575
vt 0.67932802 0.66075379
vt 0.67910957 0.67525601
vt 0.68722707 0.66076136
vt 0.69512683 0.66076916
vt 0.67931151 0.67525625
vt 0.67910135 0.68249953
vt 0.68721181 0.67526448
vt 0.69511425 0.67527604
vt 0.67930293 0.68249953
vt 0.67910635 0.68972075
vt 0.68720031 0.68251330
vt 0.69510400 0.68253571
vt 0.67930794 0.68971944
vt 0.67918950 0.69601792
vt 0.68717968 0.68975288
vt 0.69508100 0.68980539
vt 0.67938894 0.69605196
vt 0.68712336 0.69622588
vt 0.69502866 0.69630128
vt 0.69503462 0.69653654
vt 0.68711954 0.69646066
vt 0.67936540 0.69628102
vt 0.67914325 0.69624305
vt 0.54845405 0.00209409
vt 0.54058874 0.00189286
vt 0.54845405 0.00189286
vt 0.54058874 0.00209409
vt 0.58035159 0.50463384
vt 0.58821690 0.50463384
vt 0.58821690 0.50483513
vt 0.58035159 0.50483507
vt 0.58035147 0.53345817
vt 0.58821678 0.53345823
vt 0.58035147 0.54790121
vt 0.58821672 0.54790127
vt 0.58035141 0.56234425
vt 0.58821672 0.56234425
vt 0.58035135 0.57678729
vt 0.58821666 0.57678735
vt 0.58035129 0.59123027
vt 0.58821660 0.59123033
vt 0.58035129 0.59845185
vt 0.58821654 0.59845191
vt 0.58035123 0.60567337
vt 0.58821654 0.60567337
vt 0.58035117 0.61975300
vt 0.58803433 0.61242461
vt 0.58816314 0.61222798
vt 0.58821654 0.61199903
vt 0.60174596 0.50922000
vt 0.59406292 0.51597124
vt 0.59406292 0.50189161
vt 0.60187483 0.50941670
vt 0.60192823 0.50964564
vt 0.60192823 0.51597124
vt 0.59406292 0.52319282
vt 0.60192823 0.52319282
vt 0.59406292 0.53041434
vt 0.60192823 0.53041434
vt 0.59406292 0.54485732
vt 0.60192823 0.54485732
vt 0.59406292 0.55930036
vt 0.60192823 0.55930036
vt 0.59406292 0.57374340
vt 0.60192823 0.57374340
vt 0.59406292 0.58818644
vt 0.60192823 0.58818644
vt 0.59406292 0.61680955
vt 0.60192823 0.61680955
vt 0.60192823 0.61701077
vt 0.59406292 0.61701077
vt 0.62868601 0.50356328
vt 0.63586324 0.50663227
vt 0.62861204 0.50374961
vt 0.63596696 0.50645596
vt 0.57587671 0.56563061
vt 0.56801134 0.56542939
vt 0.57587671 0.56542939
vt 0.56801134 0.56563061
vt 0.56331730 0.55274683
vt 0.56331664 0.53833675
vt 0.56351739 0.53833675
vt 0.56351703 0.53113180
vt 0.56331623 0.53113186
vt 0.56351447 0.52392483
vt 0.56331176 0.52392501
vt 0.56350744 0.51750153
vt 0.56330502 0.51754636
vt 0.56324542 0.51732337
vt 0.56346279 0.51727039
vt 0.62816811 0.50485009
vt 0.63457239 0.50767034
vt 0.62809086 0.50503868
vt 0.63476956 0.50753552
vt 0.62853539 0.50394273
vt 0.63580519 0.50682259
vt 0.62861204 0.50374961
vt 0.63586324 0.50663227
vt 0.63599682 0.50669259
vt 0.63600397 0.50683904
vt 0.63460320 0.53548527
vt 0.63440126 0.53548527
vt 0.63437796 0.54990518
vt 0.63480937 0.53548515
vt 0.63579792 0.53548312
vt 0.63600153 0.53548312
vt 0.63458997 0.54990524
vt 0.63437927 0.56433165
vt 0.63480198 0.54990536
vt 0.63579595 0.54990673
vt 0.63599694 0.54990679
vt 0.63459134 0.56433165
vt 0.63438118 0.57875615
vt 0.63480335 0.56433159
vt 0.63579726 0.56433147
vt 0.63599825 0.56433147
vt 0.63459325 0.57875615
vt 0.63438302 0.59318054
vt 0.63480526 0.57875609
vt 0.63579917 0.57875597
vt 0.63600016 0.57875597
vt 0.63459504 0.59318054
vt 0.63438374 0.60039294
vt 0.63480705 0.59318054
vt 0.63580096 0.59318036
vt 0.63600194 0.59318036
vt 0.63459575 0.60039294
vt 0.63438237 0.60760337
vt 0.63459337 0.60760349
vt 0.63480777 0.60039294
vt 0.63480425 0.60760373
vt 0.63580173 0.60039240
vt 0.63600272 0.60039240
vt 0.63579863 0.60760659
vt 0.63599986 0.60760671
vt 0.63479888 0.61352545
vt 0.63458985 0.61344874
vt 0.63580143 0.61392128
vt 0.63599396 0.61399221
vt 0.63593429 0.61421549
vt 0.63574100 0.61414832
vt 0.63473797 0.61375046
vt 0.63452441 0.61367440
vt 0.56166637 0.62369627
vt 0.56193417 0.59597635
vt 0.56189817 0.62385571
vt 0.56173211 0.59597647
vt 0.55998206 0.62253457
vt 0.56191343 0.58156955
vt 0.55993575 0.59597600
vt 0.55955040 0.62225628
vt 0.55951339 0.59597564
vt 0.56170160 0.58156967
vt 0.56191236 0.56715709
vt 0.55999130 0.58156633
vt 0.55956531 0.58156556
vt 0.56170052 0.56715709
vt 0.56191176 0.55274689
vt 0.55999190 0.56715709
vt 0.55956590 0.56715709
vt 0.56169999 0.55274689
vt 0.56191111 0.53833681
vt 0.55999118 0.55274701
vt 0.55956519 0.55274701
vt 0.56169933 0.53833681
vt 0.56191063 0.53113157
vt 0.55999053 0.53833687
vt 0.55956447 0.53833687
vt 0.56169885 0.53113157
vt 0.56190687 0.52392846
vt 0.55998993 0.53113163
vt 0.55956399 0.53113174
vt 0.56169611 0.52392870
vt 0.56190246 0.51808941
vt 0.55998462 0.52393007
vt 0.55956042 0.52392966
vt 0.56168413 0.51814127
vt 0.55999649 0.51834160
vt 0.55956721 0.51843315
vt 0.55951530 0.51820546
vt 0.55996007 0.51811272
vt 0.56163979 0.51791185
vt 0.56183708 0.51786405
vt 0.53391629 0.00524217
vt 0.52511275 0.00522101
vt 0.52523339 0.00500643
vt 0.53386372 0.00502497
vt 0.53409392 0.00497955
vt 0.53414124 0.00517666
vt 0.53388762 0.00327414
vt 0.52563512 0.00335217
vt 0.52501625 0.00493920
vt 0.52542681 0.00327975
vt 0.53365684 0.00331163
vt 0.53379130 0.00282794
vt 0.53356260 0.00288111
vt 0.52586526 0.00290251
vt 0.52566791 0.00279814
vt 0.53828740 0.56098807
vt 0.53147060 0.56484735
vt 0.53819656 0.56080467
vt 0.53157866 0.56502134
vt 0.52481323 0.56911284
vt 0.52492410 0.56928599
vt 0.53084594 0.57841688
vt 0.53748691 0.57405543
vt 0.53761846 0.57425147
vt 0.53096879 0.57861900
vt 0.54405266 0.56983560
vt 0.54390609 0.56965607
vt 0.53845060 0.56088167
vt 0.54421878 0.56968021
vt 0.54405415 0.56951654
vt 0.54296947 0.03214496
vt 0.54241544 0.03217781
vt 0.54286516 0.03194761
vt 0.54248792 0.03238606
vt 0.54421854 0.55180645
vt 0.54434061 0.55194962
vt 0.54418176 0.55213249
vt 0.54405379 0.55197042
vt 0.53845042 0.56062078
vt 0.53860021 0.56075120
vt 0.53835481 0.56075126
vt 0.53845060 0.56088167
vt 0.54405415 0.56951654
vt 0.54418188 0.56935459
vt 0.54434061 0.56953710
vt 0.54421878 0.56968021
vt 0.53461868 0.00639230
vt 0.53468758 0.00658739
vt 0.53446126 0.00664794
vt 0.53438991 0.00645351
vt 0.53421694 0.00538874
vt 0.52409244 0.00645155
vt 0.52392495 0.00665569
vt 0.52364135 0.00658858
vt 0.52382112 0.00635844
vt 0.52500582 0.00543875
vt 0.52474111 0.00534534
vt 0.52490586 0.00514781
vt 0.52511275 0.00522101
vt 0.53399241 0.00544935
vt 0.53414124 0.00517666
vt 0.53391629 0.00524217
vt 0.54052544 0.02389657
vt 0.54037887 0.02359593
vt 0.54059094 0.02367163
vt 0.54031825 0.02382046
vt 0.53937531 0.02319419
vt 0.54032886 0.03280705
vt 0.54054660 0.03270018
vt 0.54061985 0.03290707
vt 0.54042232 0.03307182
vt 0.53931606 0.03372049
vt 0.53940922 0.03399175
vt 0.53917909 0.03417158
vt 0.53911191 0.03388792
vt 0.53931409 0.02342296
vt 0.53918022 0.02312529
vt 0.53911966 0.02335167
vt 0.56330162 0.70192283
vt 0.56346118 0.69402903
vt 0.56353647 0.70192879
vt 0.56322682 0.69403285
vt 0.56328321 0.68628961
vt 0.55676562 0.69408834
vt 0.55681854 0.70197493
vt 0.56305462 0.68631309
vt 0.56324536 0.68606788
vt 0.56302065 0.68611401
vt 0.55673474 0.68602896
vt 0.55673325 0.68623018
vt 0.54952687 0.68601781
vt 0.54952675 0.68621904
vt 0.54229224 0.68601948
vt 0.54953486 0.69410682
vt 0.54955631 0.70200360
vt 0.54229230 0.68622124
vt 0.52780217 0.68602395
vt 0.54229379 0.69411433
vt 0.54230124 0.70201206
vt 0.52780223 0.68622589
vt 0.51330793 0.68602389
vt 0.52780265 0.69411927
vt 0.52780378 0.70201397
vt 0.51330787 0.68622583
vt 0.49881685 0.68601477
vt 0.51330811 0.69411993
vt 0.51330918 0.70201564
vt 0.49881661 0.68621647
vt 0.48435807 0.68599391
vt 0.49881187 0.69411695
vt 0.49880934 0.70202106
vt 0.48435852 0.68619376
vt 0.45681429 0.68617398
vt 0.48431882 0.69409949
vt 0.48427963 0.70202106
vt 0.45681778 0.68636322
vt 0.45667094 0.68619710
vt 0.45581564 0.69392711
vt 0.45531973 0.70176697
vt 0.45511883 0.70175415
vt 0.45561430 0.69390738
vt 0.45491791 0.70174146
vt 0.45541629 0.69388795
vt 0.45663020 0.68633664
vt 0.45643818 0.68626338
vt 0.61744767 0.58509612
vt 0.61752516 0.58530915
vt 0.61739796 0.58526778
vt 0.61761600 0.58522391
vt 0.61875761 0.58408666
vt 0.61854881 0.58389169
vt 0.61906618 0.58379489
vt 0.61886007 0.58356750
vt 0.61481315 0.58301771
vt 0.61481023 0.58334887
vt 0.61480129 0.58478069
vt 0.61071807 0.58348227
vt 0.61102766 0.58381671
vt 0.61216420 0.58506101
vt 0.61081010 0.58401400
vt 0.61050266 0.58370900
vt 0.61199319 0.58518803
vt 0.61208373 0.58527482
vt 0.61221230 0.58523476
vt 0.61221939 0.58540022
vt 0.61208373 0.58527482
vt 0.61221230 0.58523476
vt 0.61205161 0.58540648
vt 0.61190552 0.59278727
vt 0.61207122 0.59279603
vt 0.61187112 0.58536756
vt 0.61199319 0.58518803
vt 0.61081010 0.58401400
vt 0.61193585 0.59291822
vt 0.61206257 0.59295911
vt 0.61172545 0.59282357
vt 0.61184537 0.59300333
vt 0.61051959 0.59393179
vt 0.61061132 0.58422762
vt 0.61050266 0.58370900
vt 0.61027861 0.58392501
vt 0.61018592 0.59421909
vt 0.61070848 0.59414268
vt 0.61040127 0.59443623
vt 0.61722302 0.59281904
vt 0.61735761 0.59294367
vt 0.61722994 0.59298342
vt 0.61465365 0.59308916
vt 0.61465263 0.59326369
vt 0.61207122 0.59279603
vt 0.61206257 0.59295911
vt 0.61479878 0.58513129
vt 0.61221939 0.58540022
vt 0.61221230 0.58523476
vt 0.61738878 0.58543158
vt 0.61480010 0.58495623
vt 0.61216420 0.58506101
vt 0.61480129 0.58478069
vt 0.61739796 0.58526778
vt 0.61744767 0.58509612
vt 0.61752516 0.58530915
vt 0.61755556 0.58544052
vt 0.61738932 0.59281278
vt 0.61722302 0.59281904
vt 0.61738932 0.59281278
vt 0.61735761 0.59294367
vt 0.61756927 0.59285146
vt 0.61773580 0.58540434
vt 0.61755556 0.58544052
vt 0.61752516 0.58530915
vt 0.61761600 0.58522391
vt 0.61894554 0.58429796
vt 0.61882025 0.59398520
vt 0.61875761 0.58408666
vt 0.61927921 0.58401263
vt 0.61871350 0.59472549
vt 0.61862260 0.59419721
vt 0.61892760 0.59450084
vt 0.61840624 0.59439325
vt 0.61744773 0.59302998
vt 0.61464530 0.59486544
vt 0.61727774 0.59315622
vt 0.61735761 0.59294367
vt 0.61722994 0.59298342
vt 0.61465263 0.59326369
vt 0.61465174 0.59343857
vt 0.61206257 0.59295911
vt 0.61201346 0.59313029
vt 0.61193585 0.59291822
vt 0.61184537 0.59300333
vt 0.61091828 0.59433699
vt 0.61464316 0.59519511
vt 0.61060941 0.59466273
vt 0.61040127 0.59443623
vt 0.61070848 0.59414268
vt 0.61051959 0.59393179
vt 0.61172545 0.59282357
vt 0.65184331 0.59692377
vt 0.65633631 0.58186555
vt 0.65633631 0.59692377
vt 0.65184331 0.58186555
vt 0.65633631 0.56680739
vt 0.65184331 0.56680739
vt 0.65951586 0.58186555
vt 0.65951586 0.59692377
vt 0.65951586 0.56680739
vt 0.65633631 0.55174917
vt 0.65184331 0.55174917
vt 0.65951586 0.55174917
vt 0.65633631 0.53952289
vt 0.65184331 0.53952289
vt 0.65951586 0.53952289
vt 0.65633631 0.52729660
vt 0.65184331 0.52729660
vt 0.65951586 0.52729660
vt 0.65633631 0.51507032
vt 0.65951586 0.51507032
vt 0.67322731 0.53721035
vt 0.66430110 0.52472055
vt 0.67322731 0.52472055
vt 0.66430110 0.53721035
vt 0.67322731 0.54970020
vt 0.66430110 0.54970020
vt 0.67322731 0.56219000
vt 0.66430116 0.56219000
vt 0.67322731 0.57467985
vt 0.66430116 0.57467985
vt 0.67322731 0.58716965
vt 0.66430116 0.58716965
vt 0.67322731 0.59965950
vt 0.66430116 0.59965950
vt 0.67322731 0.61214930
vt 0.66430116 0.61214930
vt 0.67322731 0.62463909
vt 0.66430116 0.62463909
vt 0.67322731 0.63712895
vt 0.66430116 0.63712895
vt 0.67322731 0.64961880
vt 0.66430116 0.64961880
vt 0.67322731 0.66210860
vt 0.66430116 0.66210860
vt 0.67322731 0.67459840
vt 0.66430116 0.67459840
vt 0.50077134 0.64717573
vt 0.48758653 0.64717573
vt 0.48758653 0.64269894
vt 0.50077134 0.64269894
vt 0.51395619 0.64717573
vt 0.50077134 0.63953090
vt 0.48758653 0.63953090
vt 0.51395619 0.63953084
vt 0.51395619 0.64269894
vt 0.52714097 0.64717573
vt 0.52714097 0.63953084
vt 0.52714097 0.64269894
vt 0.54032582 0.63953084
vt 0.54032588 0.64717573
vt 0.54032588 0.64269894
vt 0.55351073 0.64717573
vt 0.55351073 0.64269894
vt 0.56669551 0.64717573
vt 0.56669551 0.64269894
vt 0.56669551 0.63953084
vt 0.55351073 0.63953084
vt 0.57988036 0.64717573
vt 0.56669551 0.64717573
vt 0.56669551 0.64269894
vt 0.57988036 0.64269894
vt 0.59306520 0.64717573
vt 0.57988036 0.63953084
vt 0.56669551 0.63953084
vt 0.59306520 0.63953084
vt 0.59306520 0.64269894
vt 0.60625005 0.64717573
vt 0.60625005 0.63953084
vt 0.60625005 0.64269894
vt 0.61943489 0.64717573
vt 0.61943489 0.63953084
vt 0.61943489 0.64269894
vt 0.63261974 0.64717573
vt 0.63261974 0.63953084
vt 0.63261974 0.64269894
vt 0.64580458 0.64717573
vt 0.64580458 0.63953084
vt 0.64580458 0.64269894
vt 0.65184331 0.51507032
vt 0.65184331 0.50284404
vt 0.65633631 0.50284404
vt 0.65633631 0.51507032
vt 0.65184331 0.52729660
vt 0.65951586 0.51507032
vt 0.65951586 0.50284404
vt 0.59477842 0.66362935
vt 0.60741282 0.66111928
vt 0.60741282 0.66362935
vt 0.59477842 0.66111928
vt 0.58214408 0.66362941
vt 0.60741282 0.65628839
vt 0.58214402 0.66111928
vt 0.56950969 0.66362941
vt 0.59477842 0.65628839
vt 0.56950969 0.66111928
vt 0.55687529 0.66362941
vt 0.59477842 0.65422738
vt 0.60741282 0.65422738
vt 0.58214402 0.65422738
vt 0.58214402 0.65628839
vt 0.56950969 0.65422738
vt 0.56950969 0.65628839
vt 0.55687529 0.65422738
vt 0.55687529 0.66111928
vt 0.54424089 0.66362941
vt 0.55687529 0.65628839
vt 0.54424089 0.65422738
vt 0.54424089 0.66111928
vt 0.53160655 0.66362941
vt 0.54424089 0.65628839
vt 0.53160655 0.65422738
vt 0.53160655 0.66111928
vt 0.51897216 0.66362941
vt 0.53160655 0.65628839
vt 0.51897216 0.65422738
vt 0.51897216 0.66111928
vt 0.50633776 0.66362941
vt 0.51897216 0.65628839
vt 0.50633776 0.65422738
vt 0.50633776 0.66111928
vt 0.49370337 0.66362941
vt 0.50633776 0.65628839
vt 0.49370337 0.65422738
vt 0.49370337 0.66111928
vt 0.48106900 0.66362941
vt 0.49370337 0.65628839
vt 0.48106900 0.65422738
vt 0.48106900 0.66111928
vt 0.46843460 0.66362941
vt 0.48106900 0.65628839
vt 0.46843460 0.65422738
vt 0.46843460 0.66111928
vt 0.45580032 0.66362941
vt 0.45580032 0.66111928
vt 0.46843460 0.65628839
vt 0.45580032 0.65422738
vt 0.45580032 0.65628839
vt 0.68941671 0.50888455
vt 0.68333399 0.50454223
vt 0.68452382 0.50346756
vt 0.68822688 0.50995928
vt 0.69430959 0.51430160
vt 0.68104410 0.50661063
vt 0.69311976 0.51537633
vt 0.69920248 0.51971865
vt 0.68593699 0.51202762
vt 0.69801265 0.52079332
vt 0.70409542 0.52513564
vt 0.68496007 0.51291001
vt 0.68006718 0.50749296
vt 0.68985295 0.51832706
vt 0.69082987 0.51744467
vt 0.69474584 0.52374405
vt 0.69572276 0.52286166
vt 0.69963878 0.52916110
vt 0.70290560 0.52621037
vt 0.71121186 0.53445125
vt 0.70061564 0.52827871
vt 0.71000016 0.53501517
vt 0.70573145 0.53513610
vt 0.70398504 0.53663981
vt 0.71033055 0.53509474
vt 0.71299016 0.54494005
vt 0.70616984 0.53536063
vt 0.70982647 0.53525680
vt 0.71004242 0.53534400
vt 0.71013916 0.53556645
vt 0.71062028 0.54504192
vt 0.71212566 0.55556643
vt 0.71101111 0.55456614
vt 0.70563769 0.53551835
vt 0.70595169 0.53545666
vt 0.70586747 0.53567588
vt 0.70624959 0.54523122
vt 0.70546204 0.54526490
vt 0.70668882 0.55479348
vt 0.70679027 0.55500621
vt 0.70701516 0.55508524
vt 0.71072006 0.55489886
vt 0.71124285 0.55502111
vt 0.71093255 0.55479491
vt 0.70740843 0.55405265
vt 0.70850146 0.55526280
vt 0.70241642 0.56075907
vt 0.70132339 0.55954891
vt 0.69633138 0.56625533
vt 0.69523835 0.56504518
vt 0.69024634 0.57175159
vt 0.69921970 0.55721992
vt 0.68915331 0.57054144
vt 0.68416131 0.57724792
vt 0.68306822 0.57603776
vt 0.69832230 0.55622637
vt 0.69223726 0.56172264
vt 0.69313467 0.56271619
vt 0.68615222 0.56721896
vt 0.68704963 0.56821245
vt 0.68096459 0.57370871
vt 0.68006718 0.57271522
vt 0.50318527 0.00609946
vt 0.49109337 0.00592321
vt 0.50318569 0.00581920
vt 0.51507604 0.00620395
vt 0.51527733 0.00596106
vt 0.51554674 0.00604767
vt 0.51492918 0.00649583
vt 0.51531208 0.00635052
vt 0.51519877 0.00658345
vt 0.59193689 0.68008292
vt 0.60329938 0.66966325
vt 0.60329938 0.68008292
vt 0.59193689 0.66966325
vt 0.58057433 0.68008292
vt 0.58057433 0.66966325
vt 0.56921184 0.68008292
vt 0.56921184 0.66966325
vt 0.55784935 0.68008292
vt 0.55784935 0.66966325
vt 0.54385495 0.68008292
vt 0.54385495 0.66966325
vt 0.52986056 0.68008292
vt 0.52986056 0.66966325
vt 0.51586622 0.68008292
vt 0.51586622 0.66966325
vt 0.50187182 0.68008292
vt 0.50187182 0.66966325
vt 0.49050930 0.68008292
vt 0.49050930 0.66966325
vt 0.47914678 0.68008292
vt 0.47914678 0.66966325
vt 0.46778429 0.68008292
vt 0.46778429 0.66966325
vt 0.45642179 0.68008292
vt 0.45642176 0.66966325
vt 0.55351073 0.63953084
vt 0.54032588 0.64269894
vt 0.54032582 0.63953084
vt 0.55351073 0.64269894
vt 0.65168601 0.71024793
vt 0.65951586 0.69790858
vt 0.65951586 0.71024793
vt 0.65168601 0.69790858
vt 0.64385617 0.71024793
vt 0.65168601 0.69703001
vt 0.65951586 0.69790858
vt 0.65168601 0.69790858
vt 0.65951586 0.69703001
vt 0.65951586 0.69544113
vt 0.64385617 0.69790858
vt 0.63602632 0.71024793
vt 0.64385617 0.69703001
vt 0.64385617 0.69790858
vt 0.65168601 0.69544113
vt 0.63602632 0.69790858
vt 0.62819648 0.71024793
vt 0.63602632 0.69703001
vt 0.63602632 0.69790858
vt 0.62819648 0.69790858
vt 0.62153423 0.71024793
vt 0.65168601 0.69480640
vt 0.65951586 0.69544113
vt 0.65168601 0.69544113
vt 0.65951586 0.69480640
vt 0.65168601 0.69480640
vt 0.65951586 0.69244033
vt 0.65951586 0.69480640
vt 0.64385617 0.69544113
vt 0.62819648 0.69703001
vt 0.62819648 0.69790858
vt 0.62153423 0.69790858
vt 0.61487198 0.71024793
vt 0.64385617 0.69480640
vt 0.64385617 0.69544113
vt 0.65168601 0.69244033
vt 0.64385617 0.69480640
vt 0.63602632 0.69544113
vt 0.62153423 0.69703001
vt 0.62153423 0.69790858
vt 0.61487198 0.69790858
vt 0.60820973 0.71024793
vt 0.63602632 0.69480640
vt 0.63602632 0.69544113
vt 0.62819648 0.69544113
vt 0.61487198 0.69703001
vt 0.61487198 0.69790858
vt 0.60820973 0.69790858
vt 0.60154748 0.71024793
vt 0.63602632 0.69480640
vt 0.64385617 0.69244033
vt 0.62819648 0.69480640
vt 0.62819648 0.69544113
vt 0.62153423 0.69544113
vt 0.60820973 0.69703001
vt 0.60820973 0.69790858
vt 0.60154748 0.69790858
vt 0.59371763 0.71024793
vt 0.63602632 0.69244033
vt 0.62819648 0.69480640
vt 0.62819648 0.69244033
vt 0.63602632 0.68853837
vt 0.62153423 0.69480640
vt 0.62153423 0.69480640
vt 0.62153423 0.69244033
vt 0.62153423 0.69544113
vt 0.61487198 0.69480640
vt 0.61487198 0.69480640
vt 0.61487198 0.69244033
vt 0.60820973 0.69480640
vt 0.61487198 0.69544113
vt 0.60820973 0.69480640
vt 0.61487198 0.69544113
vt 0.60820973 0.69544113
vt 0.60820973 0.69544113
vt 0.64385617 0.68853837
vt 0.60154748 0.69480640
vt 0.60820973 0.69244033
vt 0.60154748 0.69480640
vt 0.60154748 0.69703001
vt 0.60154748 0.69790858
vt 0.60154748 0.69544113
vt 0.60154748 0.69544113
vt 0.59371763 0.69703001
vt 0.65168601 0.68853837
vt 0.65951586 0.68853837
vt 0.65951586 0.68608677
vt 0.65168601 0.68608677
vt 0.64385617 0.68608677
vt 0.63602632 0.68608677
vt 0.62819648 0.68853837
vt 0.62819648 0.68608677
vt 0.62153423 0.68853837
vt 0.62153423 0.68608677
vt 0.61487198 0.68853837
vt 0.61487198 0.68608677
vt 0.60820973 0.68853837
vt 0.60820973 0.68608677
vt 0.60154748 0.68853837
vt 0.60154748 0.68608677
vt 0.59371763 0.68853837
vt 0.59371763 0.68608677
vt 0.60154748 0.69244033
vt 0.58588779 0.68853837
vt 0.58588779 0.68608677
vt 0.59371763 0.69244033
vt 0.59371763 0.69480640
vt 0.59371763 0.69480640
vt 0.57805794 0.68853837
vt 0.57805794 0.68608677
vt 0.58588779 0.69244033
vt 0.59371763 0.69544113
vt 0.59371763 0.69544113
vt 0.58588779 0.69480640
vt 0.58588779 0.69480640
vt 0.57022810 0.68853837
vt 0.57022810 0.68608677
vt 0.57805794 0.69244033
vt 0.57022810 0.69244033
vt 0.57022810 0.69480640
vt 0.57805794 0.69480640
vt 0.58588779 0.69544113
vt 0.57805794 0.69480640
vt 0.57022810 0.69480640
vt 0.57805794 0.69544113
vt 0.57022810 0.69544113
vt 0.57022810 0.69703001
vt 0.57022810 0.69544113
vt 0.57805794 0.69544113
vt 0.58588779 0.69703001
vt 0.58588779 0.69544113
vt 0.57805794 0.69703001
vt 0.59371763 0.69790858
vt 0.59371763 0.69790858
vt 0.58588779 0.71024793
vt 0.58588779 0.69790858
vt 0.58588779 0.69790858
vt 0.57805794 0.71024793
vt 0.57805794 0.69790858
vt 0.57805794 0.69790858
vt 0.57022810 0.69790858
vt 0.57022810 0.71024793
vt 0.57022810 0.69790858
vt 0.72533041 0.64574349
vt 0.71301687 0.63838363
vt 0.72533041 0.63838363
vt 0.71301687 0.64574349
vt 0.72533041 0.65310329
vt 0.71214014 0.64574349
vt 0.71301687 0.63838363
vt 0.71301687 0.64574349
vt 0.71214014 0.63838363
vt 0.71055460 0.63838363
vt 0.71301687 0.65310329
vt 0.72533041 0.66046309
vt 0.71214014 0.65310329
vt 0.71301687 0.65310329
vt 0.71055460 0.64574349
vt 0.71301687 0.66046309
vt 0.72533041 0.66782296
vt 0.71214014 0.66046309
vt 0.71301687 0.66046309
vt 0.71301687 0.66782296
vt 0.72533041 0.67518276
vt 0.70992124 0.64574349
vt 0.71055460 0.63838363
vt 0.71055460 0.64574349
vt 0.70992124 0.63838363
vt 0.70992124 0.64574349
vt 0.70756006 0.63838363
vt 0.70992124 0.63838363
vt 0.71055460 0.65310329
vt 0.71214014 0.66782296
vt 0.71301687 0.66782296
vt 0.71301687 0.67518276
vt 0.72533041 0.68254256
vt 0.70992124 0.65310329
vt 0.71055460 0.65310329
vt 0.70756006 0.64574349
vt 0.70992124 0.65310329
vt 0.71055460 0.66046309
vt 0.71214014 0.67518276
vt 0.71301687 0.67518276
vt 0.71301687 0.68254256
vt 0.72533041 0.68990242
vt 0.70992124 0.66046309
vt 0.71055460 0.66046309
vt 0.71055460 0.66782296
vt 0.71214014 0.68254256
vt 0.71301687 0.68254256
vt 0.71301687 0.68990242
vt 0.72533041 0.69726223
vt 0.70992124 0.66046309
vt 0.70756006 0.65310329
vt 0.70992124 0.66782296
vt 0.71055460 0.66782296
vt 0.71055460 0.67518276
vt 0.71214014 0.68990242
vt 0.71301687 0.68990242
vt 0.71301687 0.69726223
vt 0.72533041 0.70462209
vt 0.70756006 0.66046309
vt 0.70992124 0.66782296
vt 0.70992124 0.67518276
vt 0.71055460 0.67518276
vt 0.71055460 0.68254256
vt 0.71214014 0.69726223
vt 0.71301687 0.69726223
vt 0.71301687 0.70462209
vt 0.72533041 0.71198189
vt 0.70756006 0.66782296
vt 0.70992124 0.67518276
vt 0.70992124 0.68254256
vt 0.71055460 0.68254256
vt 0.71055460 0.68990242
vt 0.71214014 0.70462209
vt 0.71301687 0.70462209
vt 0.71301687 0.71198189
vt 0.72533041 0.71934170
vt 0.70756006 0.67518276
vt 0.70992124 0.68254256
vt 0.70992124 0.68990242
vt 0.71055460 0.68990242
vt 0.71055460 0.69726223
vt 0.71214014 0.71198189
vt 0.71301687 0.71198189
vt 0.71301687 0.71934175
vt 0.72533041 0.72670156
vt 0.71301687 0.72670156
vt 0.71214014 0.72670156
vt 0.71301687 0.71934175
vt 0.71301687 0.72670156
vt 0.71214014 0.71934175
vt 0.71055460 0.70462209
vt 0.70992124 0.69726223
vt 0.71055460 0.69726223
vt 0.71055460 0.71934175
vt 0.71055460 0.72670156
vt 0.70992124 0.72670156
vt 0.71055460 0.71934175
vt 0.71055460 0.72670156
vt 0.71055460 0.71198189
vt 0.70992124 0.70462209
vt 0.71055460 0.70462209
vt 0.70992124 0.71934175
vt 0.71055460 0.71198189
vt 0.70992124 0.71198189
vt 0.70992124 0.72670156
vt 0.70756006 0.71934175
vt 0.70992124 0.71934175
vt 0.70756006 0.72670156
vt 0.70366627 0.72670156
vt 0.70756006 0.71198189
vt 0.70992124 0.71198189
vt 0.70756006 0.70462209
vt 0.70992124 0.70462209
vt 0.70756006 0.69726223
vt 0.70992124 0.69726223
vt 0.70366627 0.71934175
vt 0.70366627 0.71198189
vt 0.70121980 0.71934175
vt 0.70121980 0.72670156
vt 0.70121980 0.71198189
vt 0.70121980 0.70462209
vt 0.70366627 0.70462209
vt 0.70121980 0.69726223
vt 0.70366627 0.69726223
vt 0.70121980 0.68990242
vt 0.70756006 0.68990242
vt 0.70992124 0.68990242
vt 0.70366627 0.68990242
vt 0.70121980 0.68254256
vt 0.70756006 0.68254256
vt 0.70366627 0.68254256
vt 0.70121980 0.67518276
vt 0.70366627 0.67518276
vt 0.70121980 0.66782296
vt 0.70366627 0.66782296
vt 0.70121980 0.66046309
vt 0.70366627 0.66046309
vt 0.70121980 0.65310329
vt 0.70366627 0.65310329
vt 0.70121980 0.64574349
vt 0.70366627 0.64574349
vt 0.70121980 0.63838363
vt 0.70366627 0.63838363
vt 0.62819648 0.68853837
vt 0.63602632 0.68853837
vt 0.63602632 0.69244033
vt 0.62819648 0.69244033
vt 0.62153423 0.68853837
vt 0.62153423 0.69244033
vt 0.61487198 0.68853837
vt 0.61487198 0.69244033
vt 0.60820973 0.68853837
vt 0.60820973 0.69244033
vt 0.60820973 0.69480640
vt 0.65633631 0.58186555
vt 0.65951586 0.59692377
vt 0.65633631 0.59692377
vt 0.65951586 0.61198199
vt 0.65633631 0.61198199
vt 0.65951586 0.62420827
vt 0.65184331 0.61198199
vt 0.65184331 0.59692377
vt 0.65184331 0.62420827
vt 0.65633631 0.62420827
vt 0.65951586 0.63643456
vt 0.65184331 0.63643456
vt 0.65633631 0.63643456
vt 0.65951586 0.64866084
vt 0.65184325 0.64866084
vt 0.65633631 0.64866084
vt 0.65184325 0.66088712
vt 0.65951586 0.66088712
vt 0.65633631 0.64866084
vt 0.65951586 0.64866084
vt 0.65633631 0.66088712
vt 0.65184325 0.66088712
vt 0.55256742 0.59768379
vt 0.55169624 0.59106684
vt 0.55256742 0.59431797
vt 0.55001336 0.58815193
vt 0.55169630 0.60093492
vt 0.55001336 0.60384983
vt 0.54763329 0.58577186
vt 0.54763335 0.60622990
vt 0.54471838 0.58408898
vt 0.54471844 0.60791278
vt 0.54146725 0.58321786
vt 0.54146725 0.60878396
vt 0.53810143 0.58321780
vt 0.53810143 0.60878396
vt 0.53485030 0.58408898
vt 0.53485030 0.60791284
vt 0.53193539 0.58577192
vt 0.53193539 0.60622990
vt 0.52955538 0.58815193
vt 0.52955538 0.60384989
vt 0.52787244 0.59106684
vt 0.52787244 0.60093498
vt 0.52700132 0.59431797
vt 0.52700132 0.59768379
vt 0.74900585 0.61955577
vt 0.76078272 0.60777885
vt 0.75647205 0.61524510
vt 0.74153960 0.62386638
vt 0.76509333 0.60031259
vt 0.73291832 0.62386638
vt 0.76509333 0.59169137
vt 0.72429705 0.62386638
vt 0.76509333 0.58307004
vt 0.71683079 0.61955577
vt 0.76078272 0.57560378
vt 0.70936459 0.61524510
vt 0.75647211 0.56813753
vt 0.70505393 0.60777891
vt 0.74900585 0.56382692
vt 0.70074332 0.60031265
vt 0.74153960 0.55951625
vt 0.70074332 0.59169137
vt 0.73291832 0.55951625
vt 0.70074332 0.58307004
vt 0.72429705 0.55951625
vt 0.71683079 0.56382692
vt 0.70505393 0.57560378
vt 0.70936459 0.56813753
vt 0.50317729 0.01096904
vt 0.49207249 0.01061112
vt 0.50317770 0.01070940
vt 0.49226514 0.01084626
vt 0.49198005 0.01093256
vt 0.49183691 0.01074207
vt 0.49194130 0.01034117
vt 0.49167660 0.01041645
vt 0.50317770 0.01070940
vt 0.49207249 0.01061112
vt 0.49194130 0.01034117
vt 0.50317812 0.01044333
vt 0.49144131 0.00645745
vt 0.49167660 0.01041645
vt 0.49117145 0.00654399
vt 0.49129465 0.00616562
vt 0.49105829 0.00631148
vt 0.49109337 0.00592321
vt 0.49082309 0.00600880
vt 0.50318527 0.00609946
vt 0.50318480 0.00637627
vt 0.51492918 0.00649583
vt 0.51441520 0.01037776
vt 0.51519877 0.00658345
vt 0.51467949 0.01045394
vt 0.51428312 0.01064724
vt 0.51451814 0.01077902
vt 0.51408976 0.01088178
vt 0.50317729 0.01096904
vt 0.47289991 0.00648046
vt 0.46172604 0.00653130
vt 0.46159130 0.00626045
vt 0.47289991 0.00621253
vt 0.48407862 0.00652993
vt 0.46108350 0.00230026
vt 0.46131667 0.00633836
vt 0.46080849 0.00238925
vt 0.48421401 0.00625885
vt 0.48448771 0.00633848
vt 0.47290048 0.00232053
vt 0.48475400 0.00228834
vt 0.46092916 0.00206888
vt 0.46068972 0.00220233
vt 0.47290036 0.00208288
vt 0.48490259 0.00205487
vt 0.48514268 0.00219238
vt 0.55917758 0.00320596
vt 0.55879563 0.00307864
vt 0.55902988 0.00296295
vt 0.55942315 0.00300246
vt 0.55934000 0.00271821
vt 0.55923003 0.00782561
vt 0.55942315 0.00795686
vt 0.55934179 0.00822681
vt 0.55908328 0.00807118
vt 0.55371439 0.02367634
vt 0.55336064 0.02351296
vt 0.55356944 0.02343470
vt 0.55345464 0.02379632
vt 0.54938340 0.02393907
vt 0.55339134 0.02816319
vt 0.55369020 0.02830732
vt 0.55354327 0.02855116
vt 0.55330855 0.02843732
vt 0.54954815 0.02786022
vt 0.54948330 0.02812141
vt 0.54928178 0.02773881
vt 0.54945940 0.02420300
vt 0.54906410 0.02410704
vt 0.54920000 0.02433419
vt 0.48514268 0.00219238
vt 0.48502836 0.00238311
vt 0.48475400 0.00228834
vt 0.48421401 0.00625885
vt 0.48448771 0.00633848
vt 0.55393851 0.02350473
vt 0.55356944 0.02343470
vt 0.55385488 0.02323359
vt 0.55371439 0.02367634
vt 0.55369020 0.02830732
vt 0.55393851 0.02851015
vt 0.55385524 0.02879381
vt 0.55354327 0.02855116
vt 0.48538184 0.00194055
vt 0.48514268 0.00219238
vt 0.48490259 0.00205487
vt 0.48510474 0.00185746
vt 0.47290039 0.00184488
vt 0.47290036 0.00208288
vt 0.46075577 0.00191575
vt 0.46092916 0.00206888
vt 0.46068972 0.00220233
vt 0.46047682 0.00199485
vt 0.55477804 0.00378680
vt 0.55447185 0.00369328
vt 0.55465680 0.00355721
vt 0.55455309 0.00396752
vt 0.55447632 0.00700307
vt 0.55469877 0.00719780
vt 0.55456150 0.00742644
vt 0.55437756 0.00727880
vt 0.55488545 0.00759441
vt 0.51451814 0.01077902
vt 0.51408976 0.01088178
vt 0.51428312 0.01064724
vt 0.51437438 0.01096904
vt 0.54920000 0.02433419
vt 0.54888403 0.02425361
vt 0.54906410 0.02410704
vt 0.54898274 0.02452672
vt 0.54905200 0.02755624
vt 0.54928178 0.02773881
vt 0.54915959 0.02797174
vt 0.54897135 0.02783483
vt 0.54948330 0.02812141
vt 0.48431987 0.00666612
vt 0.48417264 0.00685567
vt 0.48388076 0.00676441
vt 0.48407862 0.00652993
vt 0.48448771 0.00633848
vt 0.47289991 0.00648046
vt 0.47289991 0.00674188
vt 0.46172604 0.00653130
vt 0.46192375 0.00676560
vt 0.46163082 0.00685567
vt 0.46148357 0.00666606
vt 0.46159130 0.00626045
vt 0.46131667 0.00633836
vt 0.45482826 0.53072160
vt 0.45510295 0.53083277
vt 0.45521677 0.53110117
vt 0.45482898 0.53110111
vt 0.45521677 0.53436249
vt 0.44372752 0.53072160
vt 0.45483512 0.53436249
vt 0.45510519 0.53463131
vt 0.45483583 0.53474259
vt 0.44372752 0.53109932
vt 0.44372752 0.53436238
vt 0.44372752 0.53474259
vt 0.43261895 0.53474259
vt 0.43261990 0.53436232
vt 0.43234974 0.53463125
vt 0.43223822 0.53436226
vt 0.43262786 0.53109753
vt 0.43262878 0.53072160
vt 0.43223822 0.53109747
vt 0.43235260 0.53083169
vt 0.55469877 0.00719780
vt 0.55496138 0.00733078
vt 0.55488545 0.00759441
vt 0.55886936 0.00800872
vt 0.55504137 0.00366706
vt 0.55477804 0.00378680
vt 0.55465680 0.00355721
vt 0.55497640 0.00340760
vt 0.55887920 0.00335228
vt 0.55879563 0.00307864
vt 0.55917758 0.00320596
vt 0.55896068 0.00772488
vt 0.55908328 0.00807118
vt 0.55923003 0.00782561
f 3708/3708 3709/3709 3710/3710
f 3711/3711 3712/3712 3713/3713
f 3714/3714 3715/3715 3716/3716
f 3717/3717 3718/3718 3719/3719
f 3720/3720 3721/3721 3722/3722
f 3723/3723 3724/3724 3725/3725
f 3726/3726 3723/3723 3727/3727
f 3726/3726 3727/3727 3728/3728
f 3729/3729 3730/3730 3731/3731
f 3732/3732 3733/3733 3734/3734
f 3735/3735 3736/3736 3737/3737
f 3736/3736 3738/3738 3739/3739
f 3738/3738 3740/3740 3739/3739
f 3741/3741 3742/3742 3743/3743
f 3741/3741 3744/3744 3742/3742
f 3745/3745 3746/3746 3747/3747
f 3745/3745 3748/3748 3746/3746
f 3748/3748 3749/3749 3746/3746
f 3750/3750 3748/3748 3745/3745
f 3748/3748 3751/3751 3749/3749
f 3751/3751 3752/3752 3749/3749
f 3750/3750 3753/3753 3748/3748
f 3753/3753 3751/3751 3748/3748
f 3751/3751 3754/3754 3752/3752
f 3754/3754 3755/3755 3752/3752
f 3754/3754 3756/3756 3755/3755
f 3757/3757 3754/3754 3751/3751
f 3753/3753 3757/3757 3751/3751
f 3758/3758 3756/3756 3754/3754
f 3757/3757 3758/3758 3754/3754
f 3758/3758 3759/3759 3756/3756
f 3758/3758 3760/3760 3759/3759
f 3758/3758 3761/3761 3760/3760
f 3757/3757 3761/3761 3758/3758
f 3761/3761 3762/3762 3760/3760
f 3761/3761 3763/3763 3762/3762
f 3757/3757 3764/3764 3761/3761
f 3764/3764 3763/3763 3761/3761
f 3753/3753 3764/3764 3757/3757
f 3764/3764 3765/3765 3763/3763
f 3753/3753 3766/3766 3764/3764
f 3766/3766 3765/3765 3764/3764
f 3750/3750 3766/3766 3753/3753
f 3766/3766 3767/3767 3765/3765
f 3750/3750 3768/3768 3766/3766
f 3768/3768 3767/3767 3766/3766
f 3768/3768 3769/3769 3767/3767
f 3770/3770 3771/3771 3772/3772
f 3770/3770 3773/3773 3771/3771
f 3773/3773 3774/3774 3771/3771
f 3773/3773 3775/3775 3774/3774
f 3776/3776 3777/3777 3778/3778
f 3776/3776 3779/3779 3777/3777
f 3779/3779 3780/3780 3777/3777
f 3781/3781 3779/3779 3776/3776
f 3779/3779 3782/3782 3780/3780
f 3782/3782 3783/3783 3780/3780
f 3781/3781 3784/3784 3779/3779
f 3784/3784 3782/3782 3779/3779
f 3782/3782 3785/3785 3783/3783
f 3785/3785 3786/3786 3783/3783
f 3785/3785 3787/3787 3786/3786
f 3788/3788 3785/3785 3782/3782
f 3784/3784 3788/3788 3782/3782
f 3789/3789 3787/3787 3785/3785
f 3788/3788 3789/3789 3785/3785
f 3789/3789 3790/3790 3787/3787
f 3789/3789 3791/3791 3790/3790
f 3789/3789 3792/3792 3791/3791
f 3788/3788 3792/3792 3789/3789
f 3792/3792 3793/3793 3791/3791
f 3792/3792 3794/3794 3793/3793
f 3788/3788 3795/3795 3792/3792
f 3795/3795 3794/3794 3792/3792
f 3784/3784 3795/3795 3788/3788
f 3795/3795 3730/3730 3794/3794
f 3784/3784 3796/3796 3795/3795
f 3781/3781 3796/3796 3784/3784
f 3796/3796 3731/3731 3730/3730
f 3781/3781 3797/3797 3796/3796
f 3797/3797 3731/3731 3796/3796
f 3797/3797 3798/3798 3731/3731
f 3799/3799 3800/3800 3801/3801
f 3799/3799 3802/3802 3800/3800
f 3803/3803 3804/3804 3805/3805
f 3803/3803 3806/3806 3804/3804
f 3807/3807 3806/3806 3803/3803
f 3807/3807 3803/3803 3808/3808
f 3809/3809 3808/3808 3810/3810
f 3811/3811 3809/3809 3810/3810
f 3811/3811 3812/3812 3809/3809
f 3813/3813 3814/3814 3815/3815
f 3813/3813 3816/3816 3814/3814
f 3817/3817 3818/3818 3819/3819
f 3817/3817 3819/3819 3820/3820
f 3821/3821 3820/3820 3819/3819
f 3821/3821 3822/3822 3820/3820
f 3821/3821 3823/3823 3822/3822
f 3821/3821 3824/3824 3823/3823
f 3823/3823 3824/3824 3825/3825
f 3823/3823 3825/3825 3826/3826
f 3827/3827 3743/3743 3742/3742
f 3827/3827 3742/3742 3828/3828
f 3829/3829 3827/3827 3828/3828
f 3829/3829 3828/3828 3830/3830
f 3831/3831 3832/3832 3833/3833
f 3831/3831 3834/3834 3832/3832
f 3774/3774 3835/3835 3836/3836
f 3774/3774 3775/3775 3835/3835
f 3837/3837 3838/3838 3839/3839
f 3837/3837 3840/3840 3838/3838
f 3841/3841 3770/3770 3772/3772
f 3841/3841 3842/3842 3770/3770
f 3843/3843 3844/3844 3845/3845
f 3843/3843 3845/3845 3846/3846
f 3845/3845 3847/3847 3846/3846
f 3845/3845 3848/3848 3847/3847
f 3849/3849 3847/3847 3848/3848
f 3849/3849 3850/3850 3847/3847
f 3850/3850 3849/3849 3851/3851
f 3850/3850 3851/3851 3852/3852
f 3853/3853 3854/3854 3855/3855
f 3853/3853 3856/3856 3854/3854
f 3857/3857 3856/3856 3853/3853
f 3857/3857 3858/3858 3856/3856
f 3859/3859 3860/3860 3861/3861
f 3859/3859 3862/3862 3860/3860
f 3863/3863 3864/3864 3865/3865
f 3863/3863 3865/3865 3866/3866
f 3867/3867 3866/3866 3865/3865
f 3867/3867 3868/3868 3866/3866
f 3869/3869 3868/3868 3867/3867
f 3869/3869 3870/3870 3868/3868
f 3870/3870 3869/3869 3871/3871
f 3870/3870 3871/3871 3872/3872
f 3858/3858 3873/3873 3874/3874
f 3858/3858 3857/3857 3873/3873
f 3717/3717 3875/3875 3718/3718
f 3717/3717 3876/3876 3875/3875
f 3855/3855 3877/3877 3878/3878
f 3855/3855 3854/3854 3877/3877
f 3879/3879 3880/3880 3881/3881
f 3879/3879 3882/3882 3880/3880
f 3883/3883 3839/3839 3838/3838
f 3883/3883 3884/3884 3839/3839
f 3883/3883 3885/3885 3884/3884
f 3883/3883 3886/3886 3885/3885
f 3816/3816 3813/3813 3887/3887
f 3816/3816 3887/3887 3888/3888
f 3888/3888 3887/3887 3718/3718
f 3888/3888 3718/3718 3875/3875
f 3885/3885 3889/3889 3890/3890
f 3885/3885 3886/3886 3889/3889
f 3862/3862 3859/3859 3891/3891
f 3862/3862 3891/3891 3892/3892
f 3893/3893 3892/3892 3891/3891
f 3893/3893 3891/3891 3894/3894
f 3895/3895 3893/3893 3894/3894
f 3895/3895 3896/3896 3893/3893
f 3831/3831 3897/3897 3834/3834
f 3831/3831 3898/3898 3897/3897
f 3801/3801 3897/3897 3898/3898
f 3801/3801 3800/3800 3897/3897
f 3899/3899 3900/3900 3901/3901
f 3899/3899 3902/3902 3900/3900
f 3899/3899 3879/3879 3902/3902
f 3899/3899 3882/3882 3879/3879
f 3903/3903 3901/3901 3900/3900
f 3903/3903 3904/3904 3901/3901
f 3905/3905 3829/3829 3830/3830
f 3905/3905 3906/3906 3829/3829
f 3755/3755 3907/3907 3908/3908
f 3755/3755 3756/3756 3907/3907
f 3909/3909 3831/3831 3833/3833
f 3909/3909 3910/3910 3831/3831
f 3823/3823 3911/3911 3912/3912
f 3823/3823 3826/3826 3911/3911
f 3913/3913 3832/3832 3834/3834
f 3913/3913 3914/3914 3832/3832
f 3752/3752 3908/3908 3915/3915
f 3752/3752 3755/3755 3908/3908
f 3916/3916 3741/3741 3743/3743
f 3916/3916 3917/3917 3741/3741
f 3811/3811 3918/3918 3919/3919
f 3811/3811 3810/3810 3918/3918
f 3920/3920 3742/3742 3744/3744
f 3920/3920 3921/3921 3742/3742
f 3843/3843 3922/3922 3923/3923
f 3843/3843 3846/3846 3922/3922
f 3924/3924 3879/3879 3881/3881
f 3924/3924 3925/3925 3879/3879
f 3745/3745 3926/3926 3927/3927
f 3745/3745 3747/3747 3926/3926
f 3928/3928 3880/3880 3882/3882
f 3928/3928 3929/3929 3880/3880
f 3803/3803 3930/3930 3931/3931
f 3803/3803 3805/3805 3930/3930
f 3932/3932 3905/3905 3830/3830
f 3932/3932 3933/3933 3905/3905
f 3747/3747 3934/3934 3926/3926
f 3747/3747 3746/3746 3934/3934
f 3935/3935 3829/3829 3906/3906
f 3935/3935 3936/3936 3829/3829
f 3762/3762 3937/3937 3938/3938
f 3762/3762 3763/3763 3937/3937
f 3939/3939 3855/3855 3878/3878
f 3939/3939 3940/3940 3855/3855
f 3870/3870 3941/3941 3942/3942
f 3870/3870 3872/3872 3941/3941
f 3943/3943 3877/3877 3854/3854
f 3943/3943 3944/3944 3877/3877
f 3760/3760 3938/3938 3945/3945
f 3760/3760 3762/3762 3938/3938
f 3946/3946 3799/3799 3801/3801
f 3946/3946 3947/3947 3799/3799
f 3817/3817 3948/3948 3949/3949
f 3817/3817 3820/3820 3948/3948
f 3950/3950 3800/3800 3802/3802
f 3950/3950 3951/3951 3800/3800
f 3863/3863 3952/3952 3953/3953
f 3863/3863 3866/3866 3952/3952
f 3954/3954 3858/3858 3874/3874
f 3954/3954 3955/3955 3858/3858
f 3767/3767 3956/3956 3957/3957
f 3767/3767 3769/3769 3956/3956
f 3958/3958 3873/3873 3857/3857
f 3958/3958 3959/3959 3873/3873
f 3850/3850 3960/3960 3961/3961
f 3850/3850 3852/3852 3960/3960
f 3962/3962 3903/3903 3900/3900
f 3962/3962 3963/3963 3903/3903
f 3769/3769 3964/3964 3956/3956
f 3769/3769 3768/3768 3964/3964
f 3965/3965 3901/3901 3904/3904
f 3965/3965 3966/3966 3901/3901
f 3750/3750 3745/3745 3927/3927
f 3750/3750 3927/3927 3967/3967
f 3768/3768 3750/3750 3967/3967
f 3768/3768 3967/3967 3964/3964
f 3968/3968 3928/3928 3882/3882
f 3968/3968 3882/3882 3899/3899
f 3966/3966 3968/3968 3899/3899
f 3966/3966 3899/3899 3901/3901
f 3846/3846 3969/3969 3922/3922
f 3846/3846 3847/3847 3969/3969
f 3847/3847 3961/3961 3969/3969
f 3847/3847 3850/3850 3961/3961
f 3925/3925 3902/3902 3879/3879
f 3925/3925 3970/3970 3902/3902
f 3970/3970 3900/3900 3902/3902
f 3970/3970 3962/3962 3900/3900
f 3898/3898 3831/3831 3910/3910
f 3898/3898 3910/3910 3971/3971
f 3801/3801 3898/3898 3971/3971
f 3801/3801 3971/3971 3946/3946
f 3972/3972 3907/3907 3756/3756
f 3972/3972 3756/3756 3759/3759
f 3945/3945 3972/3972 3759/3759
f 3945/3945 3759/3759 3760/3760
f 3827/3827 3829/3829 3936/3936
f 3827/3827 3936/3936 3973/3973
f 3743/3743 3827/3827 3973/3973
f 3743/3743 3973/3973 3916/3916
f 3974/3974 3934/3934 3746/3746
f 3974/3974 3746/3746 3749/3749
f 3915/3915 3974/3974 3749/3749
f 3915/3915 3749/3749 3752/3752
f 3808/3808 3803/3803 3931/3931
f 3808/3808 3931/3931 3975/3975
f 3810/3810 3808/3808 3975/3975
f 3810/3810 3975/3975 3918/3918
f 3976/3976 3932/3932 3830/3830
f 3976/3976 3830/3830 3828/3828
f 3921/3921 3976/3976 3828/3828
f 3921/3921 3828/3828 3742/3742
f 3822/3822 3823/3823 3912/3912
f 3822/3822 3912/3912 3977/3977
f 3820/3820 3822/3822 3977/3977
f 3820/3820 3977/3977 3948/3948
f 3978/3978 3913/3913 3834/3834
f 3978/3978 3834/3834 3897/3897
f 3951/3951 3978/3978 3897/3897
f 3951/3951 3897/3897 3800/3800
f 3853/3853 3855/3855 3940/3940
f 3853/3853 3940/3940 3979/3979
f 3857/3857 3853/3853 3979/3979
f 3857/3857 3979/3979 3958/3958
f 3980/3980 3937/3937 3763/3763
f 3980/3980 3763/3763 3765/3765
f 3957/3957 3980/3980 3765/3765
f 3957/3957 3765/3765 3767/3767
f 3868/3868 3870/3870 3942/3942
f 3868/3868 3942/3942 3981/3981
f 3866/3866 3868/3868 3981/3981
f 3866/3866 3981/3981 3952/3952
f 3982/3982 3943/3943 3854/3854
f 3982/3982 3854/3854 3856/3856
f 3955/3955 3982/3982 3856/3856
f 3955/3955 3856/3856 3858/3858
f 3983/3983 3984/3984 3728/3728
f 3983/3983 3985/3985 3984/3984
f 3728/3728 3986/3986 3726/3726
f 3728/3728 3984/3984 3986/3986
f 3895/3895 3987/3987 3988/3988
f 3895/3895 3894/3894 3987/3987
f 3989/3989 3990/3990 3991/3991
f 3989/3989 3992/3992 3990/3990
f 3993/3993 3994/3994 3995/3995
f 3993/3993 3996/3996 3994/3994
f 3995/3995 3997/3997 3998/3998
f 3995/3995 3994/3994 3997/3997
f 3999/3999 3725/3725 4000/4000
f 3999/3999 4001/4001 3725/3725
f 4000/4000 3724/3724 4002/4002
f 4000/4000 3725/3725 3724/3724
f 3859/3859 4003/4003 4004/4004
f 3859/3859 3861/3861 4003/4003
f 4005/4005 4006/4006 4007/4007
f 4005/4005 4008/4008 4006/4006
f 3716/3716 4009/4009 4010/4010
f 3716/3716 3715/3715 4009/4009
f 3813/3813 4011/4011 4012/4012
f 3813/3813 3815/3815 4011/4011
f 4013/4013 4014/4014 4015/4015
f 4013/4013 4016/4016 4014/4014
f 4017/4017 4018/4018 4019/4019
f 4017/4017 4020/4020 4018/4018
f 4019/4019 4021/4021 4022/4022
f 4019/4019 4018/4018 4021/4021
f 4023/4023 4024/4024 3987/3987
f 4023/4023 3987/3987 4025/4025
f 4026/4026 4023/4023 4025/4025
f 4026/4026 4025/4025 4004/4004
f 4025/4025 3987/3987 3894/3894
f 4025/4025 3894/3894 3891/3891
f 4004/4004 4025/4025 3891/3891
f 4004/4004 3891/3891 3859/3859
f 4027/4027 4028/4028 3772/3772
f 4027/4027 3772/3772 3771/3771
f 4029/4029 4027/4027 3771/3771
f 4029/4029 3771/3771 3774/3774
f 3998/3998 4030/4030 3995/3995
f 3998/3998 4031/4031 4030/4030
f 4031/4031 4018/4018 4030/4030
f 4031/4031 4021/4021 4018/4018
f 4032/4032 3884/3884 3885/3885
f 4032/4032 4033/4033 3884/3884
f 4033/4033 3839/3839 3884/3884
f 4033/4033 4034/4034 3839/3839
f 4035/4035 4009/4009 3715/3715
f 4035/4035 3715/3715 4036/4036
f 4015/4015 4035/4035 4036/4036
f 4015/4015 4036/4036 4013/4013
f 4037/4037 3719/3719 3718/3718
f 4037/4037 3718/3718 3887/3887
f 4012/4012 4037/4037 3887/3887
f 4012/4012 3887/3887 3813/3813
f 3731/3731 4038/4038 3729/3729
f 3731/3731 3798/3798 4038/4038
f 4039/4039 4040/4040 4041/4041
f 4039/4039 4042/4042 4040/4040
f 3798/3798 4043/4043 4038/4038
f 3798/3798 3797/3797 4043/4043
f 4044/4044 3893/3893 3896/3896
f 4044/4044 4045/4045 3893/3893
f 3791/3791 4046/4046 4047/4047
f 3791/3791 3793/3793 4046/4046
f 4048/4048 4049/4049 4050/4050
f 4048/4048 4051/4051 4049/4049
f 3793/3793 4052/4052 4046/4046
f 3793/3793 3794/3794 4052/4052
f 4053/4053 4054/4054 4055/4055
f 4053/4053 4056/4056 4054/4054
f 3776/3776 4057/4057 4058/4058
f 3776/3776 3778/3778 4057/4057
f 4059/4059 3860/3860 3862/3862
f 4059/4059 4060/4060 3860/3860
f 3778/3778 4061/4061 4057/4057
f 3778/3778 3777/3777 4061/4061
f 4062/4062 3875/3875 3876/3876
f 4062/4062 4063/4063 3875/3875
f 3783/3783 4064/4064 4065/4065
f 3783/3783 3786/3786 4064/4064
f 4066/4066 3814/3814 3816/3816
f 4066/4066 4067/4067 3814/3814
f 3786/3786 4068/4068 4064/4064
f 3786/3786 3787/3787 4068/4068
f 4069/4069 4070/4070 4071/4071
f 4069/4069 4072/4072 4070/4070
f 4073/4073 4074/4074 4075/4075
f 4073/4073 4076/4076 4074/4074
f 4076/4076 4077/4077 4074/4074
f 4076/4076 4078/4078 4077/4077
f 4045/4045 3892/3892 3893/3893
f 4045/4045 4079/4079 3892/3892
f 4079/4079 3862/3862 3892/3892
f 4079/4079 4059/4059 3862/3862
f 3773/3773 3770/3770 4080/4080
f 3773/3773 4080/4080 4081/4081
f 3775/3775 3773/3773 4081/4081
f 3775/3775 4081/4081 4082/4082
f 4083/4083 4084/4084 4085/4085
f 4083/4083 4085/4085 4086/4086
f 4087/4087 4083/4083 4086/4086
f 3886/3886 4088/4088 4089/4089
f 3886/3886 3883/3883 4088/4088
f 3883/3883 4090/4090 4088/4088
f 3883/3883 3838/3838 4090/4090
f 4047/4047 3790/3790 3791/3791
f 4047/4047 4091/4091 3790/3790
f 4091/4091 3787/3787 3790/3790
f 4091/4091 4068/4068 3787/3787
f 3888/3888 3875/3875 4063/4063
f 3888/3888 4063/4063 4092/4092
f 3816/3816 3888/3888 4092/4092
f 3816/3816 4092/4092 4066/4066
f 4093/4093 4061/4061 3777/3777
f 4093/4093 3777/3777 3780/3780
f 4065/4065 4093/4093 3780/3780
f 4065/4065 3780/3780 3783/3783
f 4094/4094 4095/4095 4096/4096
f 4094/4094 4097/4097 4095/4095
f 4098/4098 4097/4097 4094/4094
f 4098/4098 4099/4099 4097/4097
f 4100/4100 4101/4101 4102/4102
f 4100/4100 4103/4103 4101/4101
f 4103/4103 4104/4104 4101/4101
f 4101/4101 4104/4104 4105/4105
f 4103/4103 4106/4106 4104/4104
f 4107/4107 4106/4106 4103/4103
f 4107/4107 4103/4103 4108/4108
f 4103/4103 4100/4100 4109/4109
f 4109/4109 4108/4108 4103/4103
f 4110/4110 4107/4107 4108/4108
f 4110/4110 4111/4111 4107/4107
f 4112/4112 4111/4111 4110/4110
f 4112/4112 4113/4113 4111/4111
f 4114/4114 4113/4113 4112/4112
f 4110/4110 4108/4108 4115/4115
f 4112/4112 4110/4110 4115/4115
f 4108/4108 4116/4116 4115/4115
f 4116/4116 4108/4108 4109/4109
f 4116/4116 4112/4112 4115/4115
f 4117/4117 4109/4109 4100/4100
f 4118/4118 4116/4116 4109/4109
f 4118/4118 4109/4109 4117/4117
f 4117/4117 4100/4100 4119/4119
f 4119/4119 4100/4100 4120/4120
f 4119/4119 4120/4120 4121/4121
f 4114/4114 4112/4112 4122/4122
f 4123/4123 4112/4112 4116/4116
f 4112/4112 4123/4123 4122/4122
f 4124/4124 4114/4114 4122/4122
f 4123/4123 4124/4124 4122/4122
f 4124/4124 4125/4125 4114/4114
f 4126/4126 4116/4116 4118/4118
f 4126/4126 4123/4123 4116/4116
f 4127/4127 4123/4123 4126/4126
f 4128/4128 4127/4127 4126/4126
f 4129/4129 4126/4126 4118/4118
f 4129/4129 4128/4128 4126/4126
f 4129/4129 4118/4118 4117/4117
f 4130/4130 4117/4117 4119/4119
f 4129/4129 4117/4117 4130/4130
f 4131/4131 4125/4125 4124/4124
f 4131/4131 4132/4132 4125/4125
f 4131/4131 4133/4133 4132/4132
f 4134/4134 4124/4124 4123/4123
f 4124/4124 4134/4134 4131/4131
f 4131/4131 4134/4134 4133/4133
f 4127/4127 4134/4134 4123/4123
f 4134/4134 4135/4135 4133/4133
f 4134/4134 4127/4127 4135/4135
f 4127/4127 4136/4136 4135/4135
f 4136/4136 4127/4127 4137/4137
f 4137/4137 4138/4138 4136/4136
f 4138/4138 4137/4137 4139/4139
f 4139/4139 4140/4140 4138/4138
f 4139/4139 4141/4141 4140/4140
f 4141/4141 4142/4142 4140/4140
f 4137/4137 4127/4127 4143/4143
f 4128/4128 4143/4143 4127/4127
f 4143/4143 4144/4144 4137/4137
f 4139/4139 4137/4137 4144/4144
f 4144/4144 4143/4143 4145/4145
f 4145/4145 4143/4143 4128/4128
f 4146/4146 4144/4144 4145/4145
f 4146/4146 4139/4139 4144/4144
f 4141/4141 4147/4147 4142/4142
f 4147/4147 4148/4148 4142/4142
f 4149/4149 4145/4145 4128/4128
f 4146/4146 4145/4145 4149/4149
f 4147/4147 4150/4150 4148/4148
f 4150/4150 4151/4151 4148/4148
f 4150/4150 4152/4152 4151/4151
f 4153/4153 4151/4151 4152/4152
f 4153/4153 4152/4152 4154/4154
f 4155/4155 4153/4153 4154/4154
f 4152/4152 4150/4150 4156/4156
f 4152/4152 4156/4156 4154/4154
f 4150/4150 4147/4147 4157/4157
f 4150/4150 4157/4157 4156/4156
f 4147/4147 4141/4141 4158/4158
f 4147/4147 4158/4158 4157/4157
f 4155/4155 4154/4154 4159/4159
f 4159/4159 4160/4160 4155/4155
f 4154/4154 4161/4161 4159/4159
f 4159/4159 4161/4161 4160/4160
f 4154/4154 4156/4156 4161/4161
f 4161/4161 4162/4162 4160/4160
f 4161/4161 4163/4163 4162/4162
f 4156/4156 4163/4163 4161/4161
f 4156/4156 4157/4157 4163/4163
f 4157/4157 4164/4164 4163/4163
f 4157/4157 4158/4158 4164/4164
f 4158/4158 4165/4165 4164/4164
f 4163/4163 4164/4164 4166/4166
f 4141/4141 4167/4167 4158/4158
f 4165/4165 4158/4158 4167/4167
f 4141/4141 4139/4139 4167/4167
f 4164/4164 4168/4168 4166/4166
f 4166/4166 4168/4168 4169/4169
f 4168/4168 4170/4170 4169/4169
f 4164/4164 4165/4165 4171/4171
f 4168/4168 4164/4164 4171/4171
f 4168/4168 4172/4172 4170/4170
f 4172/4172 4121/4121 4170/4170
f 4171/4171 4173/4173 4168/4168
f 4173/4173 4172/4172 4168/4168
f 4174/4174 4121/4121 4172/4172
f 4121/4121 4174/4174 4119/4119
f 4130/4130 4119/4119 4174/4174
f 4175/4175 4174/4174 4172/4172
f 4172/4172 4173/4173 4175/4175
f 4171/4171 4176/4176 4173/4173
f 4176/4176 4171/4171 4165/4165
f 4174/4174 4177/4177 4130/4130
f 4177/4177 4174/4174 4175/4175
f 4178/4178 4173/4173 4176/4176
f 4178/4178 4175/4175 4173/4173
f 4177/4177 4179/4179 4130/4130
f 4179/4179 4129/4129 4130/4130
f 4175/4175 4180/4180 4177/4177
f 4177/4177 4180/4180 4179/4179
f 4179/4179 4181/4181 4129/4129
f 4181/4181 4128/4128 4129/4129
f 4182/4182 4176/4176 4165/4165
f 4178/4178 4176/4176 4182/4182
f 4178/4178 4183/4183 4175/4175
f 4175/4175 4183/4183 4180/4180
f 4184/4184 4179/4179 4180/4180
f 4181/4181 4179/4179 4184/4184
f 4184/4184 4180/4180 4185/4185
f 4185/4185 4180/4180 4183/4183
f 4185/4185 4183/4183 4186/4186
f 4187/4187 4186/4186 4183/4183
f 4187/4187 4183/4183 4178/4178
f 4182/4182 4187/4187 4178/4178
f 4182/4182 4188/4188 4187/4187
f 4181/4181 4184/4184 4189/4189
f 4181/4181 4190/4190 4128/4128
f 4190/4190 4181/4181 4189/4189
f 4149/4149 4128/4128 4190/4190
f 4191/4191 4188/4188 4182/4182
f 4191/4191 4192/4192 4188/4188
f 4182/4182 4165/4165 4191/4191
f 4193/4193 4192/4192 4191/4191
f 4194/4194 4191/4191 4165/4165
f 4193/4193 4191/4191 4194/4194
f 4194/4194 4165/4165 4167/4167
f 4195/4195 4193/4193 4194/4194
f 4196/4196 4194/4194 4167/4167
f 4195/4195 4194/4194 4196/4196
f 4196/4196 4167/4167 4139/4139
f 4195/4195 4196/4196 4197/4197
f 4139/4139 4197/4197 4196/4196
f 4195/4195 4197/4197 4198/4198
f 4139/4139 4199/4199 4197/4197
f 4198/4198 4197/4197 4199/4199
f 4146/4146 4199/4199 4139/4139
f 4198/4198 4199/4199 4200/4200
f 4201/4201 4198/4198 4200/4200
f 4202/4202 4199/4199 4146/4146
f 4202/4202 4200/4200 4199/4199
f 4149/4149 4202/4202 4146/4146
f 4203/4203 4200/4200 4202/4202
f 4149/4149 4204/4204 4202/4202
f 4204/4204 4203/4203 4202/4202
f 4190/4190 4204/4204 4149/4149
f 4204/4204 4205/4205 4203/4203
f 4190/4190 4206/4206 4204/4204
f 4190/4190 4189/4189 4206/4206
f 4206/4206 4189/4189 4207/4207
f 4208/4208 4203/4203 4205/4205
f 4208/4208 4205/4205 4209/4209
f 4208/4208 4209/4209 4210/4210
f 4211/4211 4212/4212 4213/4213
f 4211/4211 4214/4214 4212/4212
f 4215/4215 4214/4214 4211/4211
f 4215/4215 4216/4216 4214/4214
f 4217/4217 4218/4218 4219/4219
f 4217/4217 4220/4220 4218/4218
f 4220/4220 4217/4217 4221/4221
f 4218/4218 4220/4220 4222/4222
f 4218/4218 4222/4222 4223/4223
f 4224/4224 4222/4222 4220/4220
f 4220/4220 4221/4221 4225/4225
f 4224/4224 4220/4220 4225/4225
f 4226/4226 4225/4225 4221/4221
f 4225/4225 4227/4227 4224/4224
f 4226/4226 4228/4228 4225/4225
f 4225/4225 4228/4228 4227/4227
f 4229/4229 4230/4230 4231/4231
f 4229/4229 4231/4231 4232/4232
f 4233/4233 4229/4229 4232/4232
f 4232/4232 4231/4231 4234/4234
f 4233/4233 4232/4232 4235/4235
f 4236/4236 4233/4233 4235/4235
f 4232/4232 4234/4234 4237/4237
f 4235/4235 4232/4232 4237/4237
f 4237/4237 4234/4234 4238/4238
f 4235/4235 4237/4237 4239/4239
f 4236/4236 4235/4235 4240/4240
f 4240/4240 4235/4235 4239/4239
f 4241/4241 4236/4236 4240/4240
f 4240/4240 4239/4239 4242/4242
f 4241/4241 4240/4240 4243/4243
f 4243/4243 4240/4240 4242/4242
f 4244/4244 4241/4241 4243/4243
f 4243/4243 4242/4242 4245/4245
f 4244/4244 4243/4243 4246/4246
f 4246/4246 4243/4243 4245/4245
f 4247/4247 4244/4244 4246/4246
f 4246/4246 4245/4245 4248/4248
f 4247/4247 4246/4246 4249/4249
f 4249/4249 4246/4246 4248/4248
f 4250/4250 4247/4247 4249/4249
f 4249/4249 4248/4248 4251/4251
f 4250/4250 4249/4249 4252/4252
f 4252/4252 4249/4249 4251/4251
f 4253/4253 4250/4250 4252/4252
f 4252/4252 4251/4251 4254/4254
f 4253/4253 4252/4252 4255/4255
f 4255/4255 4252/4252 4254/4254
f 4253/4253 4255/4255 4256/4256
f 4253/4253 4256/4256 4257/4257
f 4255/4255 4258/4258 4256/4256
f 4255/4255 4254/4254 4259/4259
f 4255/4255 4259/4259 4258/4258
f 4259/4259 4260/4260 4258/4258
f 4259/4259 4254/4254 4261/4261
f 4259/4259 4262/4262 4260/4260
f 4259/4259 4261/4261 4262/4262
f 4262/4262 4261/4261 4263/4263
f 4264/4264 4265/4265 4266/4266
f 4264/4264 4267/4267 4265/4265
f 4267/4267 4264/4264 4268/4268
f 4267/4267 4268/4268 4269/4269
f 4270/4270 4269/4269 4268/4268
f 4270/4270 4271/4271 4269/4269
f 4272/4272 4273/4273 4274/4274
f 4272/4272 4275/4275 4273/4273
f 4276/4276 4273/4273 4275/4275
f 4277/4277 4278/4278 4279/4279
f 4277/4277 4280/4280 4278/4278
f 4280/4280 4277/4277 4281/4281
f 4280/4280 4281/4281 4282/4282
f 4283/4283 4282/4282 4281/4281
f 4283/4283 4284/4284 4282/4282
f 4285/4285 4286/4286 4287/4287
f 4288/4288 4287/4287 4286/4286
f 4288/4288 4286/4286 4289/4289
f 4290/4290 4288/4288 4289/4289
f 4290/4290 4289/4289 4291/4291
f 4292/4292 4290/4290 4291/4291
f 4292/4292 4291/4291 4293/4293
f 4294/4294 4292/4292 4293/4293
f 4294/4294 4293/4293 4295/4295
f 4296/4296 4294/4294 4295/4295
f 4296/4296 4295/4295 4297/4297
f 4298/4298 4296/4296 4297/4297
f 4298/4298 4297/4297 4299/4299
f 4300/4300 4298/4298 4299/4299
f 4300/4300 4299/4299 4301/4301
f 4302/4302 4300/4300 4301/4301
f 4302/4302 4301/4301 4303/4303
f 4304/4304 4302/4302 4303/4303
f 4304/4304 4303/4303 4305/4305
f 4304/4304 4305/4305 4306/4306
f 4304/4304 4306/4306 4307/4307
f 4308/4308 4309/4309 4310/4310
f 4308/4308 4311/4311 4309/4309
f 4308/4308 4312/4312 4311/4311
f 4312/4312 4313/4313 4311/4311
f 4312/4312 4314/4314 4313/4313
f 4315/4315 4316/4316 4317/4317
f 4318/4318 4317/4317 4316/4316
f 4318/4318 4319/4319 4317/4317
f 4320/4320 4319/4319 4318/4318
f 4320/4320 4318/4318 4321/4321
f 4322/4322 4320/4320 4321/4321
f 4322/4322 4321/4321 4323/4323
f 4324/4324 4322/4322 4323/4323
f 4324/4324 4323/4323 4325/4325
f 4326/4326 4324/4324 4325/4325
f 4326/4326 4325/4325 4327/4327
f 4328/4328 4326/4326 4327/4327
f 4328/4328 4327/4327 4329/4329
f 4330/4330 4328/4328 4329/4329
f 4330/4330 4329/4329 4331/4331
f 4332/4332 4330/4330 4331/4331
f 4332/4332 4331/4331 4333/4333
f 4334/4334 4332/4332 4333/4333
f 4334/4334 4333/4333 4335/4335
f 4334/4334 4335/4335 4336/4336
f 4334/4334 4336/4336 4337/4337
f 4338/4338 4339/4339 4340/4340
f 4338/4338 4341/4341 4339/4339
f 4342/4342 4343/4343 4339/4339
f 4342/4342 4339/4339 4344/4344
f 4342/4342 4345/4345 4343/4343
f 4344/4344 4346/4346 4342/4342
f 4344/4344 4347/4347 4346/4346
f 4342/4342 4348/4348 4345/4345
f 4348/4348 4342/4342 4346/4346
f 4347/4347 4349/4349 4346/4346
f 4347/4347 4350/4350 4349/4349
f 4351/4351 4346/4346 4349/4349
f 4348/4348 4346/4346 4351/4351
f 4351/4351 4349/4349 4352/4352
f 4353/4353 4351/4351 4352/4352
f 4353/4353 4354/4354 4351/4351
f 4354/4354 4348/4348 4351/4351
f 4354/4354 4355/4355 4348/4348
f 4355/4355 4345/4345 4348/4348
f 4355/4355 4356/4356 4345/4345
f 4357/4357 4358/4358 4359/4359
f 4357/4357 4360/4360 4358/4358
f 4361/4361 4360/4360 4357/4357
f 4361/4361 4357/4357 4362/4362
f 4363/4363 4364/4364 4365/4365
f 4363/4363 4366/4366 4364/4364
f 4367/4367 4368/4368 4369/4369
f 4367/4367 4370/4370 4368/4368
f 4371/4371 4368/4368 4370/4370
f 4371/4371 4372/4372 4368/4368
f 4373/4373 4372/4372 4371/4371
f 4373/4373 4371/4371 4374/4374
f 4375/4375 4373/4373 4374/4374
f 4375/4375 4374/4374 4376/4376
f 4377/4377 4375/4375 4376/4376
f 4377/4377 4376/4376 4378/4378
f 4379/4379 4377/4377 4378/4378
f 4379/4379 4378/4378 4380/4380
f 4381/4381 4379/4379 4380/4380
f 4381/4381 4380/4380 4382/4382
f 4383/4383 4381/4381 4382/4382
f 4383/4383 4382/4382 4384/4384
f 4385/4385 4383/4383 4384/4384
f 4385/4385 4384/4384 4386/4386
f 4387/4387 4385/4385 4386/4386
f 4387/4387 4386/4386 4388/4388
f 4387/4387 4388/4388 4389/4389
f 4387/4387 4389/4389 4390/4390
f 4391/4391 4392/4392 4393/4393
f 4391/4391 4393/4393 4394/4394
f 4395/4395 4391/4391 4394/4394
f 4395/4395 4394/4394 4396/4396
f 4397/4397 4395/4395 4396/4396
f 4397/4397 4398/4398 4395/4395
f 4399/4399 4400/4400 4401/4401
f 4399/4399 4402/4402 4400/4400
f 4399/4399 4403/4403 4402/4402
f 4399/4399 4404/4404 4403/4403
f 4403/4403 4404/4404 4405/4405
f 4403/4403 4405/4405 4406/4406
f 4407/4407 4408/4408 4409/4409
f 4407/4407 4409/4409 4410/4410
f 4411/4411 4410/4410 4409/4409
f 4410/4410 4412/4412 4407/4407
f 4411/4411 4409/4409 4413/4413
f 4410/4410 4414/4414 4412/4412
f 4411/4411 4414/4414 4410/4410
f 4414/4414 4415/4415 4412/4412
f 4413/4413 4416/4416 4411/4411
f 4413/4413 4417/4417 4416/4416
f 4418/4418 4411/4411 4416/4416
f 4414/4414 4419/4419 4415/4415
f 4419/4419 4420/4420 4415/4415
f 4418/4418 4421/4421 4411/4411
f 4421/4421 4418/4418 4422/4422
f 4421/4421 4422/4422 4423/4423
f 4411/4411 4424/4424 4414/4414
f 4421/4421 4424/4424 4411/4411
f 4424/4424 4419/4419 4414/4414
f 4423/4423 4425/4425 4421/4421
f 4421/4421 4425/4425 4424/4424
f 4423/4423 4426/4426 4425/4425
f 4419/4419 4427/4427 4420/4420
f 4427/4427 4428/4428 4420/4420
f 4424/4424 4429/4429 4419/4419
f 4425/4425 4429/4429 4424/4424
f 4429/4429 4427/4427 4419/4419
f 4426/4426 4430/4430 4425/4425
f 4425/4425 4430/4430 4429/4429
f 4426/4426 4431/4431 4430/4430
f 4427/4427 4432/4432 4428/4428
f 4432/4432 4433/4433 4428/4428
f 4429/4429 4434/4434 4427/4427
f 4430/4430 4434/4434 4429/4429
f 4434/4434 4432/4432 4427/4427
f 4431/4431 4435/4435 4430/4430
f 4430/4430 4435/4435 4434/4434
f 4431/4431 4436/4436 4435/4435
f 4434/4434 4437/4437 4432/4432
f 4435/4435 4437/4437 4434/4434
f 4437/4437 4438/4438 4432/4432
f 4436/4436 4439/4439 4435/4435
f 4435/4435 4439/4439 4437/4437
f 4436/4436 4440/4440 4439/4439
f 4437/4437 4441/4441 4438/4438
f 4439/4439 4441/4441 4437/4437
f 4441/4441 4442/4442 4438/4438
f 4440/4440 4443/4443 4439/4439
f 4439/4439 4443/4443 4441/4441
f 4440/4440 4444/4444 4443/4443
f 4441/4441 4445/4445 4442/4442
f 4443/4443 4445/4445 4441/4441
f 4445/4445 4446/4446 4442/4442
f 4444/4444 4447/4447 4443/4443
f 4443/4443 4447/4447 4445/4445
f 4444/4444 4448/4448 4447/4447
f 4445/4445 4449/4449 4446/4446
f 4447/4447 4449/4449 4445/4445
f 4449/4449 4450/4450 4446/4446
f 4448/4448 4451/4451 4447/4447
f 4447/4447 4451/4451 4449/4449
f 4448/4448 4452/4452 4451/4451
f 4449/4449 4453/4453 4450/4450
f 4451/4451 4453/4453 4449/4449
f 4452/4452 4454/4454 4451/4451
f 4451/4451 4454/4454 4453/4453
f 4452/4452 4455/4455 4454/4454
f 4456/4456 4454/4454 4455/4455
f 4456/4456 4457/4457 4454/4454
f 4453/4453 4454/4454 4457/4457
f 4453/4453 4457/4457 4458/4458
f 4458/4458 4450/4450 4453/4453
f 4458/4458 4459/4459 4450/4450
f 4460/4460 4461/4461 4462/4462
f 4460/4460 4463/4463 4461/4461
f 4460/4460 4464/4464 4463/4463
f 4460/4460 4465/4465 4464/4464
f 4466/4466 4467/4467 4468/4468
f 4466/4466 4468/4468 4469/4469
f 4470/4470 4466/4466 4469/4469
f 4468/4468 4471/4471 4469/4469
f 4468/4468 4472/4472 4471/4471
f 4470/4470 4469/4469 4473/4473
f 4473/4473 4474/4474 4470/4470
f 4473/4473 4475/4475 4474/4474
f 4476/4476 4475/4475 4473/4473
f 4469/4469 4477/4477 4473/4473
f 4476/4476 4473/4473 4477/4477
f 4469/4469 4471/4471 4477/4477
f 4478/4478 4476/4476 4477/4477
f 4478/4478 4477/4477 4479/4479
f 4471/4471 4479/4479 4477/4477
f 4480/4480 4478/4478 4479/4479
f 4472/4472 4481/4481 4471/4471
f 4471/4471 4481/4481 4479/4479
f 4472/4472 4482/4482 4481/4481
f 4480/4480 4479/4479 4483/4483
f 4481/4481 4483/4483 4479/4479
f 4484/4484 4480/4480 4483/4483
f 4482/4482 4485/4485 4481/4481
f 4481/4481 4485/4485 4483/4483
f 4482/4482 4486/4486 4485/4485
f 4484/4484 4483/4483 4487/4487
f 4485/4485 4487/4487 4483/4483
f 4488/4488 4484/4484 4487/4487
f 4486/4486 4489/4489 4485/4485
f 4485/4485 4489/4489 4487/4487
f 4486/4486 4490/4490 4489/4489
f 4488/4488 4487/4487 4491/4491
f 4489/4489 4491/4491 4487/4487
f 4492/4492 4488/4488 4491/4491
f 4490/4490 4493/4493 4489/4489
f 4489/4489 4493/4493 4491/4491
f 4490/4490 4494/4494 4493/4493
f 4492/4492 4491/4491 4495/4495
f 4493/4493 4495/4495 4491/4491
f 4496/4496 4492/4492 4495/4495
f 4494/4494 4497/4497 4493/4493
f 4493/4493 4497/4497 4495/4495
f 4494/4494 4498/4498 4497/4497
f 4496/4496 4495/4495 4499/4499
f 4497/4497 4499/4499 4495/4495
f 4500/4500 4496/4496 4499/4499
f 4498/4498 4501/4501 4497/4497
f 4497/4497 4501/4501 4499/4499
f 4498/4498 4502/4502 4501/4501
f 4500/4500 4499/4499 4503/4503
f 4501/4501 4503/4503 4499/4499
f 4502/4502 4504/4504 4501/4501
f 4501/4501 4504/4504 4503/4503
f 4502/4502 4505/4505 4504/4504
f 4506/4506 4504/4504 4505/4505
f 4506/4506 4507/4507 4504/4504
f 4503/4503 4504/4504 4507/4507
f 4503/4503 4507/4507 4508/4508
f 4500/4500 4503/4503 4508/4508
f 4500/4500 4508/4508 4509/4509
f 4510/4510 4511/4511 4512/4512
f 4510/4510 4513/4513 4511/4511
f 4514/4514 4515/4515 4516/4516
f 4514/4514 4516/4516 4517/4517
f 4516/4516 4518/4518 4517/4517
f 4516/4516 4519/4519 4518/4518
f 4519/4519 4520/4520 4518/4518
f 4519/4519 4521/4521 4520/4520
f 4521/4521 4522/4522 4520/4520
f 4521/4521 4523/4523 4522/4522
f 4523/4523 4524/4524 4522/4522
f 4523/4523 4525/4525 4524/4524
f 4525/4525 4526/4526 4524/4524
f 4525/4525 4527/4527 4526/4526
f 4527/4527 4528/4528 4526/4526
f 4527/4527 4529/4529 4528/4528
f 4529/4529 4530/4530 4528/4528
f 4529/4529 4531/4531 4530/4530
f 4531/4531 4532/4532 4530/4530
f 4532/4532 4531/4531 4533/4533
f 4533/4533 4531/4531 4534/4534
f 4534/4534 4531/4531 4535/4535
f 4536/4536 4537/4537 4538/4538
f 4539/4539 4537/4537 4536/4536
f 4540/4540 4537/4537 4539/4539
f 4537/4537 4540/4540 4541/4541
f 4542/4542 4537/4537 4541/4541
f 4542/4542 4541/4541 4543/4543
f 4544/4544 4542/4542 4543/4543
f 4544/4544 4543/4543 4545/4545
f 4546/4546 4544/4544 4545/4545
f 4546/4546 4545/4545 4547/4547
f 4548/4548 4546/4546 4547/4547
f 4548/4548 4547/4547 4549/4549
f 4550/4550 4548/4548 4549/4549
f 4550/4550 4549/4549 4551/4551
f 4552/4552 4550/4550 4551/4551
f 4552/4552 4551/4551 4553/4553
f 4554/4554 4552/4552 4553/4553
f 4554/4554 4553/4553 4555/4555
f 4556/4556 4554/4554 4555/4555
f 4556/4556 4557/4557 4554/4554
f 4558/4558 4559/4559 4560/4560
f 4558/4558 4561/4561 4559/4559
f 4562/4562 4563/4563 4564/4564
f 4562/4562 4565/4565 4563/4563
f 4566/4566 4567/4567 4568/4568
f 4567/4567 4569/4569 4568/4568
f 4567/4567 4570/4570 4569/4569
f 4570/4570 4571/4571 4569/4569
f 4570/4570 4572/4572 4571/4571
f 4572/4572 4573/4573 4571/4571
f 4572/4572 4574/4574 4573/4573
f 4575/4575 4573/4573 4574/4574
f 4575/4575 4576/4576 4573/4573
f 4577/4577 4578/4578 4579/4579
f 4577/4577 4580/4580 4578/4578
f 4580/4580 4577/4577 4581/4581
f 4580/4580 4581/4581 4582/4582
f 4583/4583 4582/4582 4581/4581
f 4583/4583 4584/4584 4582/4582
f 4582/4582 4584/4584 4585/4585
f 4582/4582 4585/4585 4586/4586
f 4587/4587 4578/4578 4580/4580
f 4588/4588 4578/4578 4587/4587
f 4589/4589 4588/4588 4587/4587
f 4590/4590 4580/4580 4582/4582
f 4587/4587 4580/4580 4590/4590
f 4591/4591 4582/4582 4586/4586
f 4590/4590 4582/4582 4591/4591
f 4591/4591 4586/4586 4592/4592
f 4589/4589 4587/4587 4593/4593
f 4593/4593 4587/4587 4590/4590
f 4594/4594 4589/4589 4593/4593
f 4595/4595 4590/4590 4591/4591
f 4593/4593 4590/4590 4595/4595
f 4596/4596 4591/4591 4592/4592
f 4595/4595 4591/4591 4596/4596
f 4596/4596 4592/4592 4597/4597
f 4594/4594 4593/4593 4598/4598
f 4598/4598 4593/4593 4595/4595
f 4599/4599 4594/4594 4598/4598
f 4600/4600 4595/4595 4596/4596
f 4598/4598 4595/4595 4600/4600
f 4601/4601 4596/4596 4597/4597
f 4600/4600 4596/4596 4601/4601
f 4601/4601 4597/4597 4602/4602
f 4599/4599 4598/4598 4603/4603
f 4603/4603 4598/4598 4600/4600
f 4604/4604 4599/4599 4603/4603
f 4605/4605 4600/4600 4601/4601
f 4603/4603 4600/4600 4605/4605
f 4606/4606 4601/4601 4602/4602
f 4605/4605 4601/4601 4606/4606
f 4606/4606 4602/4602 4607/4607
f 4604/4604 4603/4603 4608/4608
f 4608/4608 4603/4603 4605/4605
f 4609/4609 4604/4604 4608/4608
f 4610/4610 4605/4605 4606/4606
f 4608/4608 4605/4605 4610/4610
f 4611/4611 4606/4606 4607/4607
f 4610/4610 4606/4606 4611/4611
f 4611/4611 4607/4607 4612/4612
f 4609/4609 4608/4608 4613/4613
f 4613/4613 4608/4608 4610/4610
f 4614/4614 4609/4609 4613/4613
f 4614/4614 4613/4613 4615/4615
f 4613/4613 4610/4610 4616/4616
f 4615/4615 4613/4613 4616/4616
f 4616/4616 4610/4610 4611/4611
f 4615/4615 4616/4616 4617/4617
f 4618/4618 4611/4611 4612/4612
f 4616/4616 4611/4611 4618/4618
f 4617/4617 4616/4616 4618/4618
f 4618/4618 4612/4612 4619/4619
f 4620/4620 4618/4618 4619/4619
f 4617/4617 4618/4618 4620/4620
f 4620/4620 4619/4619 4621/4621
f 4622/4622 4617/4617 4620/4620
f 4623/4623 4617/4617 4622/4622
f 4624/4624 4620/4620 4621/4621
f 4622/4622 4620/4620 4624/4624
f 4624/4624 4621/4621 4625/4625
f 4624/4624 4625/4625 4626/4626
f 4624/4624 4626/4626 4627/4627
f 4622/4622 4624/4624 4627/4627
f 4622/4622 4627/4627 4628/4628
f 4623/4623 4622/4622 4628/4628
f 4623/4623 4628/4628 4629/4629
f 4630/4630 4631/4631 4632/4632
f 4630/4630 4633/4633 4631/4631
f 4634/4634 4633/4633 4630/4630
f 4633/4633 4635/4635 4631/4631
f 4634/4634 4636/4636 4633/4633
f 4637/4637 4636/4636 4634/4634
f 4637/4637 4638/4638 4636/4636
f 4633/4633 4639/4639 4635/4635
f 4636/4636 4639/4639 4633/4633
f 4639/4639 4640/4640 4635/4635
f 4638/4638 4641/4641 4636/4636
f 4636/4636 4641/4641 4639/4639
f 4638/4638 4642/4642 4641/4641
f 4639/4639 4643/4643 4640/4640
f 4641/4641 4643/4643 4639/4639
f 4643/4643 4644/4644 4640/4640
f 4642/4642 4645/4645 4641/4641
f 4641/4641 4645/4645 4643/4643
f 4642/4642 4646/4646 4645/4645
f 4643/4643 4647/4647 4644/4644
f 4645/4645 4647/4647 4643/4643
f 4647/4647 4648/4648 4644/4644
f 4646/4646 4649/4649 4645/4645
f 4645/4645 4649/4649 4647/4647
f 4646/4646 4650/4650 4649/4649
f 4647/4647 4651/4651 4648/4648
f 4649/4649 4651/4651 4647/4647
f 4651/4651 4652/4652 4648/4648
f 4650/4650 4653/4653 4649/4649
f 4649/4649 4653/4653 4651/4651
f 4650/4650 4654/4654 4653/4653
f 4651/4651 4655/4655 4652/4652
f 4653/4653 4655/4655 4651/4651
f 4655/4655 4656/4656 4652/4652
f 4654/4654 4657/4657 4653/4653
f 4653/4653 4657/4657 4655/4655
f 4654/4654 4658/4658 4657/4657
f 4655/4655 4659/4659 4656/4656
f 4657/4657 4659/4659 4655/4655
f 4659/4659 4660/4660 4656/4656
f 4658/4658 4661/4661 4657/4657
f 4657/4657 4661/4661 4659/4659
f 4658/4658 4662/4662 4661/4661
f 4659/4659 4663/4663 4660/4660
f 4661/4661 4663/4663 4659/4659
f 4662/4662 4664/4664 4661/4661
f 4661/4661 4664/4664 4663/4663
f 4662/4662 4665/4665 4664/4664
f 4666/4666 4664/4664 4665/4665
f 4666/4666 4667/4667 4664/4664
f 4663/4663 4664/4664 4667/4667
f 4663/4663 4667/4667 4668/4668
f 4668/4668 4660/4660 4663/4663
f 4668/4668 4669/4669 4660/4660
f 4670/4670 4671/4671 4672/4672
f 4670/4670 4672/4672 4673/4673
f 4674/4674 4670/4670 4673/4673
f 4674/4674 4675/4675 4670/4670
f 4676/4676 4674/4674 4673/4673
f 4677/4677 4673/4673 4672/4672
f 4677/4677 4672/4672 4678/4678
f 4677/4677 4678/4678 4679/4679
f 4676/4676 4673/4673 4680/4680
f 4677/4677 4680/4680 4673/4673
f 4681/4681 4676/4676 4680/4680
f 4681/4681 4680/4680 4682/4682
f 4680/4680 4683/4683 4682/4682
f 4680/4680 4677/4677 4683/4683
f 4683/4683 4677/4677 4679/4679
f 4683/4683 4679/4679 4684/4684
f 4685/4685 4686/4686 4687/4687
f 4685/4685 4688/4688 4686/4686
f 4688/4688 4689/4689 4686/4686
f 4688/4688 4690/4690 4689/4689
f 4688/4688 4691/4691 4690/4690
f 4685/4685 4692/4692 4688/4688
f 4688/4688 4692/4692 4691/4691
f 4691/4691 4692/4692 4693/4693
f 4691/4691 4693/4693 4694/4694
f 4695/4695 4693/4693 4692/4692
f 4685/4685 4696/4696 4692/4692
f 4695/4695 4692/4692 4696/4696
f 4696/4696 4685/4685 4697/4697
f 4698/4698 4695/4695 4696/4696
f 4696/4696 4697/4697 4699/4699
f 4698/4698 4696/4696 4699/4699
f 4700/4700 4701/4701 4702/4702
f 4700/4700 4703/4703 4701/4701
f 4704/4704 4705/4705 4706/4706
f 4704/4704 4706/4706 4707/4707
f 4708/4708 4707/4707 4706/4706
f 4708/4708 4706/4706 4709/4709
f 4709/4709 4710/4710 4708/4708
f 4709/4709 4711/4711 4710/4710
f 4712/4712 4711/4711 4709/4709
f 4712/4712 4709/4709 4713/4713
f 4714/4714 4712/4712 4713/4713
f 4714/4714 4715/4715 4712/4712
f 4716/4716 4717/4717 4718/4718
f 4716/4716 4718/4718 4719/4719
f 4720/4720 4716/4716 4719/4719
f 4718/4718 4721/4721 4719/4719
f 4718/4718 4722/4722 4721/4721
f 4721/4721 4722/4722 4723/4723
f 4721/4721 4723/4723 4724/4724
f 4725/4725 4721/4721 4724/4724
f 4725/4725 4719/4719 4721/4721
f 4725/4725 4724/4724 4726/4726
f 4725/4725 4726/4726 4727/4727
f 4725/4725 4727/4727 4728/4728
f 4720/4720 4719/4719 4729/4729
f 4725/4725 4729/4729 4719/4719
f 4729/4729 4725/4725 4728/4728
f 4730/4730 4720/4720 4729/4729
f 4729/4729 4728/4728 4731/4731
f 4730/4730 4729/4729 4731/4731
f 4732/4732 4733/4733 4734/4734
f 4732/4732 4735/4735 4733/4733
f 4736/4736 4733/4733 4735/4735
f 4737/4737 4735/4735 4732/4732
f 4737/4737 4732/4732 4738/4738
f 4737/4737 4738/4738 4739/4739
f 4737/4737 4739/4739 4740/4740
f 4740/4740 4741/4741 4737/4737
f 4735/4735 4737/4737 4741/4741
f 4740/4740 4742/4742 4741/4741
f 4741/4741 4742/4742 4743/4743
f 4741/4741 4743/4743 4744/4744
f 4736/4736 4735/4735 4745/4745
f 4735/4735 4741/4741 4745/4745
f 4744/4744 4745/4745 4741/4741
f 4745/4745 4746/4746 4736/4736
f 4744/4744 4747/4747 4745/4745
f 4745/4745 4747/4747 4746/4746
f 4748/4748 4749/4749 4750/4750
f 4748/4748 4751/4751 4749/4749
f 4751/4751 4752/4752 4749/4749
f 4753/4753 4751/4751 4748/4748
f 4753/4753 4748/4748 4754/4754
f 4751/4751 4755/4755 4752/4752
f 4755/4755 4756/4756 4752/4752
f 4755/4755 4757/4757 4756/4756
f 4755/4755 4758/4758 4757/4757
f 4759/4759 4755/4755 4751/4751
f 4755/4755 4759/4759 4758/4758
f 4759/4759 4751/4751 4753/4753
f 4759/4759 4760/4760 4758/4758
f 4759/4759 4761/4761 4760/4760
f 4761/4761 4759/4759 4753/4753
f 4761/4761 4762/4762 4760/4760
f 4763/4763 4753/4753 4754/4754
f 4761/4761 4753/4753 4763/4763
f 4763/4763 4754/4754 4764/4764
f 4761/4761 4765/4765 4762/4762
f 4765/4765 4761/4761 4763/4763
f 4765/4765 4766/4766 4762/4762
f 4767/4767 4763/4763 4764/4764
f 4765/4765 4763/4763 4767/4767
f 4767/4767 4764/4764 4768/4768
f 4765/4765 4769/4769 4766/4766
f 4769/4769 4765/4765 4767/4767
f 4769/4769 4770/4770 4766/4766
f 4771/4771 4767/4767 4768/4768
f 4769/4769 4767/4767 4771/4771
f 4771/4771 4768/4768 4772/4772
f 4769/4769 4773/4773 4770/4770
f 4773/4773 4769/4769 4771/4771
f 4773/4773 4774/4774 4770/4770
f 4775/4775 4771/4771 4772/4772
f 4773/4773 4771/4771 4775/4775
f 4775/4775 4772/4772 4776/4776
f 4773/4773 4777/4777 4774/4774
f 4777/4777 4773/4773 4775/4775
f 4777/4777 4778/4778 4774/4774
f 4779/4779 4775/4775 4776/4776
f 4777/4777 4775/4775 4779/4779
f 4779/4779 4776/4776 4780/4780
f 4777/4777 4781/4781 4778/4778
f 4781/4781 4777/4777 4779/4779
f 4781/4781 4782/4782 4778/4778
f 4783/4783 4779/4779 4780/4780
f 4781/4781 4779/4779 4783/4783
f 4783/4783 4780/4780 4784/4784
f 4781/4781 4785/4785 4782/4782
f 4785/4785 4781/4781 4783/4783
f 4785/4785 4786/4786 4782/4782
f 4787/4787 4783/4783 4784/4784
f 4785/4785 4783/4783 4787/4787
f 4787/4787 4784/4784 4788/4788
f 4789/4789 4787/4787 4788/4788
f 4789/4789 4790/4790 4787/4787
f 4790/4790 4785/4785 4787/4787
f 4791/4791 4790/4790 4789/4789
f 4791/4791 4792/4792 4790/4790
f 4785/4785 4793/4793 4786/4786
f 4790/4790 4793/4793 4785/4785
f 4792/4792 4793/4793 4790/4790
f 4794/4794 4786/4786 4793/4793
f 4792/4792 4794/4794 4793/4793
f 4795/4795 4796/4796 4797/4797
f 4795/4795 4798/4798 4796/4796
f 4799/4799 4798/4798 4795/4795
f 4799/4799 4795/4795 4800/4800
f 4800/4800 4801/4801 4799/4799
f 4800/4800 4802/4802 4801/4801
f 4800/4800 4803/4803 4802/4802
f 4795/4795 4804/4804 4800/4800
f 4800/4800 4804/4804 4803/4803
f 4795/4795 4805/4805 4804/4804
f 4804/4804 4806/4806 4803/4803
f 4805/4805 4807/4807 4804/4804
f 4804/4804 4807/4807 4806/4806
f 4805/4805 4808/4808 4807/4807
f 4806/4806 4807/4807 4809/4809
f 4806/4806 4809/4809 4810/4810
f 4811/4811 4809/4809 4807/4807
f 4811/4811 4807/4807 4808/4808
f 4808/4808 4812/4812 4811/4811
f 4808/4808 4813/4813 4812/4812
f 4814/4814 4815/4815 4816/4816
f 4814/4814 4817/4817 4815/4815
f 4814/4814 4818/4818 4817/4817
f 4814/4814 4819/4819 4818/4818
f 4820/4820 4815/4815 4817/4817
f 4820/4820 4821/4821 4815/4815
f 4820/4820 4822/4822 4821/4821
f 4819/4819 4823/4823 4818/4818
f 4819/4819 4824/4824 4823/4823
f 4817/4817 4818/4818 4825/4825
f 4825/4825 4818/4818 4823/4823
f 4817/4817 4825/4825 4820/4820
f 4825/4825 4823/4823 4826/4826
f 4820/4820 4825/4825 4827/4827
f 4820/4820 4828/4828 4822/4822
f 4820/4820 4827/4827 4828/4828
f 4829/4829 4822/4822 4828/4828
f 4829/4829 4828/4828 4830/4830
f 4828/4828 4831/4831 4830/4830
f 4828/4828 4827/4827 4831/4831
f 4832/4832 4831/4831 4827/4827
f 4832/4832 4833/4833 4831/4831
f 4834/4834 4835/4835 4836/4836
f 4836/4836 4837/4837 4834/4834
f 4836/4836 4838/4838 4837/4837
f 4838/4838 4839/4839 4837/4837
f 4838/4838 4840/4840 4839/4839
f 4841/4841 4837/4837 4839/4839
f 4841/4841 4839/4839 4842/4842
f 4841/4841 4842/4842 4843/4843
f 4844/4844 4834/4834 4837/4837
f 4844/4844 4837/4837 4841/4841
f 4841/4841 4843/4843 4845/4845
f 4844/4844 4841/4841 4845/4845
f 4845/4845 4843/4843 4846/4846
f 4845/4845 4846/4846 4847/4847
f 4848/4848 4845/4845 4847/4847
f 4844/4844 4845/4845 4848/4848
f 4848/4848 4847/4847 4849/4849
f 4844/4844 4848/4848 4850/4850
f 4844/4844 4850/4850 4851/4851
f 4834/4834 4844/4844 4851/4851
f 4834/4834 4851/4851 4852/4852
f 4853/4853 4854/4854 4855/4855
f 4856/4856 4855/4855 4854/4854
f 4854/4854 4857/4857 4856/4856
f 4854/4854 4858/4858 4857/4857
f 4857/4857 4858/4858 4859/4859
f 4857/4857 4859/4859 4860/4860
f 4856/4856 4857/4857 4861/4861
f 4861/4861 4857/4857 4860/4860
f 4856/4856 4861/4861 4862/4862
f 4861/4861 4860/4860 4863/4863
f 4862/4862 4861/4861 4864/4864
f 4863/4863 4864/4864 4861/4861
f 4865/4865 4866/4866 4867/4867
f 4865/4865 4868/4868 4866/4866
f 4869/4869 4866/4866 4868/4868
f 4865/4865 4870/4870 4868/4868
f 4869/4869 4868/4868 4871/4871
f 4871/4871 4872/4872 4869/4869
f 4871/4871 4873/4873 4872/4872
f 4871/4871 4874/4874 4873/4873
f 4875/4875 4871/4871 4868/4868
f 4871/4871 4875/4875 4874/4874
f 4875/4875 4868/4868 4870/4870
f 4875/4875 4876/4876 4874/4874
f 4875/4875 4877/4877 4876/4876
f 4877/4877 4875/4875 4870/4870
f 4877/4877 4878/4878 4876/4876
f 4877/4877 4879/4879 4878/4878
f 4877/4877 4870/4870 4880/4880
f 4881/4881 4880/4880 4870/4870
f 4881/4881 4882/4882 4880/4880
f 4880/4880 4882/4882 4883/4883
f 4880/4880 4883/4883 4884/4884
f 4884/4884 4877/4877 4880/4880
f 4884/4884 4879/4879 4877/4877
f 4885/4885 4879/4879 4884/4884
f 4885/4885 4886/4886 4879/4879
f 4887/4887 4888/4888 4889/4889
f 4887/4887 4890/4890 4888/4888
f 4890/4890 4891/4891 4888/4888
f 4890/4890 4892/4892 4891/4891
f 4891/4891 4893/4893 4888/4888
f 4888/4888 4893/4893 4894/4894
f 4891/4891 4895/4895 4893/4893
f 4892/4892 4896/4896 4891/4891
f 4896/4896 4895/4895 4891/4891
f 4892/4892 4897/4897 4896/4896
f 4896/4896 4898/4898 4895/4895
f 4897/4897 4899/4899 4896/4896
f 4898/4898 4896/4896 4899/4899
f 4897/4897 4900/4900 4899/4899
f 4898/4898 4899/4899 4901/4901
f 4900/4900 4902/4902 4899/4899
f 4901/4901 4899/4899 4902/4902
f 4900/4900 4903/4903 4902/4902
f 4901/4901 4902/4902 4904/4904
f 4903/4903 4905/4905 4902/4902
f 4904/4904 4902/4902 4905/4905
f 4904/4904 4905/4905 4906/4906
f 4907/4907 4908/4908 4909/4909
f 4907/4907 4910/4910 4908/4908
f 4911/4911 4910/4910 4907/4907
f 4911/4911 4912/4912 4910/4910
f 4913/4913 4912/4912 4911/4911
f 4913/4913 4914/4914 4912/4912
f 4915/4915 4914/4914 4913/4913
f 4915/4915 4916/4916 4914/4914
f 4917/4917 4916/4916 4915/4915
f 4917/4917 4918/4918 4916/4916
f 4919/4919 4918/4918 4917/4917
f 4919/4919 4920/4920 4918/4918
f 4921/4921 4920/4920 4919/4919
f 4921/4921 4922/4922 4920/4920
f 4923/4923 4922/4922 4921/4921
f 4923/4923 4924/4924 4922/4922
f 4925/4925 4924/4924 4923/4923
f 4925/4925 4926/4926 4924/4924
f 4927/4927 4926/4926 4925/4925
f 4927/4927 4928/4928 4926/4926
f 4929/4929 4928/4928 4927/4927
f 4929/4929 4930/4930 4928/4928
f 4931/4931 4930/4930 4929/4929
f 4931/4931 4932/4932 4930/4930
f 4933/4933 4934/4934 4935/4935
f 4933/4933 4935/4935 4936/4936
f 4937/4937 4933/4933 4936/4936
f 4938/4938 4936/4936 4935/4935
f 4938/4938 4935/4935 4939/4939
f 4940/4940 4936/4936 4938/4938
f 4937/4937 4936/4936 4941/4941
f 4940/4940 4941/4941 4936/4936
f 4942/4942 4937/4937 4941/4941
f 4943/4943 4941/4941 4940/4940
f 4942/4942 4941/4941 4944/4944
f 4943/4943 4944/4944 4941/4941
f 4945/4945 4944/4944 4943/4943
f 4946/4946 4942/4942 4944/4944
f 4945/4945 4947/4947 4944/4944
f 4946/4946 4944/4944 4947/4947
f 4948/4948 4946/4946 4947/4947
f 4948/4948 4947/4947 4949/4949
f 4950/4950 4948/4948 4949/4949
f 4950/4950 4949/4949 4951/4951
f 4952/4952 4951/4951 4949/4949
f 4952/4952 4949/4949 4953/4953
f 4954/4954 4955/4955 4956/4956
f 4954/4954 4956/4956 4957/4957
f 4958/4958 4954/4954 4957/4957
f 4959/4959 4957/4957 4956/4956
f 4959/4959 4956/4956 4960/4960
f 4961/4961 4957/4957 4959/4959
f 4958/4958 4957/4957 4962/4962
f 4961/4961 4962/4962 4957/4957
f 4963/4963 4958/4958 4962/4962
f 4964/4964 4962/4962 4961/4961
f 4963/4963 4962/4962 4965/4965
f 4964/4964 4965/4965 4962/4962
f 4966/4966 4963/4963 4965/4965
f 4967/4967 4965/4965 4964/4964
f 4966/4966 4965/4965 4968/4968
f 4967/4967 4968/4968 4965/4965
f 4969/4969 4966/4966 4968/4968
f 4970/4970 4968/4968 4967/4967
f 4969/4969 4968/4968 4971/4971
f 4970/4970 4971/4971 4968/4968
f 4972/4972 4969/4969 4971/4971
f 4973/4973 4971/4971 4970/4970
f 4972/4972 4971/4971 4974/4974
f 4973/4973 4974/4974 4971/4971
f 4975/4975 4976/4976 4977/4977
f 4975/4975 4977/4977 4978/4978
f 4979/4979 4975/4975 4978/4978
f 4980/4980 4978/4978 4977/4977
f 4980/4980 4977/4977 4981/4981
f 4982/4982 4983/4983 4984/4984
f 4982/4982 4985/4985 4983/4983
f 4986/4986 4985/4985 4982/4982
f 4987/4987 4983/4983 4985/4985
f 4986/4986 4988/4988 4985/4985
f 4989/4989 4988/4988 4986/4986
f 4987/4987 4985/4985 4990/4990
f 4990/4990 4985/4985 4988/4988
f 4989/4989 4991/4991 4988/4988
f 4992/4992 4991/4991 4989/4989
f 4987/4987 4990/4990 4993/4993
f 4987/4987 4993/4993 4994/4994
f 4990/4990 4995/4995 4993/4993
f 4990/4990 4988/4988 4996/4996
f 4990/4990 4996/4996 4995/4995
f 4996/4996 4988/4988 4991/4991
f 4996/4996 4997/4997 4995/4995
f 4996/4996 4998/4998 4997/4997
f 4996/4996 4991/4991 4998/4998
f 4998/4998 4999/4999 4997/4997
f 4992/4992 5000/5000 4991/4991
f 4998/4998 4991/4991 5000/5000
f 5001/5001 5000/5000 4992/4992
f 4998/4998 5002/5002 4999/4999
f 4998/4998 5000/5000 5002/5002
f 5002/5002 5003/5003 4999/4999
f 5001/5001 5004/5004 5000/5000
f 5002/5002 5000/5000 5004/5004
f 5005/5005 5004/5004 5001/5001
f 5002/5002 5006/5006 5003/5003
f 5002/5002 5004/5004 5006/5006
f 5006/5006 5007/5007 5003/5003
f 5005/5005 5008/5008 5004/5004
f 5006/5006 5004/5004 5008/5008
f 5009/5009 5008/5008 5005/5005
f 5006/5006 5010/5010 5007/5007
f 5006/5006 5008/5008 5010/5010
f 5010/5010 5011/5011 5007/5007
f 5009/5009 5012/5012 5008/5008
f 5010/5010 5008/5008 5012/5012
f 5013/5013 5012/5012 5009/5009
f 5010/5010 5014/5014 5011/5011
f 5010/5010 5012/5012 5014/5014
f 5014/5014 5015/5015 5011/5011
f 5013/5013 5016/5016 5012/5012
f 5014/5014 5012/5012 5016/5016
f 5017/5017 5016/5016 5013/5013
f 5014/5014 5018/5018 5015/5015
f 5014/5014 5016/5016 5018/5018
f 5018/5018 5019/5019 5015/5015
f 5017/5017 5020/5020 5016/5016
f 5018/5018 5016/5016 5020/5020
f 5021/5021 5020/5020 5017/5017
f 5018/5018 5022/5022 5019/5019
f 5018/5018 5020/5020 5022/5022
f 5022/5022 5023/5023 5019/5019
f 5021/5021 5024/5024 5020/5020
f 5022/5022 5020/5020 5024/5024
f 5025/5025 5024/5024 5021/5021
f 5022/5022 5026/5026 5023/5023
f 5022/5022 5024/5024 5026/5026
f 5026/5026 5027/5027 5023/5023
f 5025/5025 5028/5028 5024/5024
f 5026/5026 5024/5024 5028/5028
f 5029/5029 5028/5028 5025/5025
f 5029/5029 5030/5030 5028/5028
f 5026/5026 5031/5031 5027/5027
f 5026/5026 5028/5028 5031/5031
f 5031/5031 5028/5028 5030/5030
f 5031/5031 5032/5032 5027/5027
f 5031/5031 5030/5030 5033/5033
f 5031/5031 5033/5033 5032/5032
f 5034/5034 5035/5035 5036/5036
f 5034/5034 5037/5037 5035/5035
f 5038/5038 5037/5037 5034/5034
f 5039/5039 5035/5035 5037/5037
f 5038/5038 5040/5040 5037/5037
f 5041/5041 5040/5040 5038/5038
f 5039/5039 5037/5037 5042/5042
f 5042/5042 5037/5037 5040/5040
f 5041/5041 5043/5043 5040/5040
f 5044/5044 5043/5043 5041/5041
f 5039/5039 5042/5042 5045/5045
f 5039/5039 5045/5045 5046/5046
f 5042/5042 5047/5047 5045/5045
f 5042/5042 5040/5040 5048/5048
f 5042/5042 5048/5048 5047/5047
f 5048/5048 5040/5040 5043/5043
f 5048/5048 5049/5049 5047/5047
f 5048/5048 5050/5050 5049/5049
f 5048/5048 5043/5043 5050/5050
f 5050/5050 5051/5051 5049/5049
f 5044/5044 5052/5052 5043/5043
f 5050/5050 5043/5043 5052/5052
f 5053/5053 5052/5052 5044/5044
f 5050/5050 5054/5054 5051/5051
f 5050/5050 5052/5052 5054/5054
f 5052/5052 5053/5053 5055/5055
f 5055/5055 5054/5054 5052/5052
f 5056/5056 5051/5051 5054/5054
f 5054/5054 5055/5055 5056/5056
f 5051/5051 5056/5056 5057/5057
f 5055/5055 5053/5053 5058/5058
f 5059/5059 5058/5058 5053/5053
f 5056/5056 5055/5055 5060/5060
f 5060/5060 5055/5055 5061/5061
f 5058/5058 5061/5061 5055/5055
f 5061/5061 5058/5058 5062/5062
f 5062/5062 5058/5058 5063/5063
f 5058/5058 5059/5059 5063/5063
f 5063/5063 5059/5059 5064/5064
f 5065/5065 5064/5064 5059/5059
f 5064/5064 5065/5065 5066/5066
f 5060/5060 5067/5067 5056/5056
f 5057/5057 5056/5056 5067/5067
f 5067/5067 5060/5060 5068/5068
f 5067/5067 5068/5068 5069/5069
f 5069/5069 5057/5057 5067/5067
f 5057/5057 5069/5069 5070/5070
f 5057/5057 5070/5070 5071/5071
f 5072/5072 5071/5071 5070/5070
f 5071/5071 5072/5072 3737/3737
f 3737/3737 5072/5072 3735/3735
f 5073/5073 3735/3735 5072/5072
f 3735/3735 5073/5073 3738/3738
f 3736/3736 3735/3735 3738/3738
f 3738/3738 5073/5073 5074/5074
f 5075/5075 3738/3738 5074/5074
f 3738/3738 5075/5075 3740/3740
f 5075/5075 5076/5076 3740/3740
f 5077/5077 5076/5076 5075/5075
f 5076/5076 5077/5077 5066/5066
f 5066/5066 5065/5065 5076/5076
f 5065/5065 3740/3740 5076/5076
f 3740/3740 5065/5065 5078/5078
f 5078/5078 5065/5065 5079/5079
f 5080/5080 5078/5078 5079/5079
f 3739/3739 3740/3740 5078/5078
f 5080/5080 5081/5081 5078/5078
f 3739/3739 5078/5078 5081/5081
f 5082/5082 5081/5081 5080/5080
f 5082/5082 5083/5083 5081/5081
f 5084/5084 5083/5083 5082/5082
f 3739/3739 5081/5081 5085/5085
f 5085/5085 5081/5081 5083/5083
f 5084/5084 5086/5086 5083/5083
f 5087/5087 5086/5086 5084/5084
f 5087/5087 5088/5088 5086/5086
f 3739/3739 5085/5085 5089/5089
f 3739/3739 5089/5089 3736/3736
f 5085/5085 5090/5090 5089/5089
f 5085/5085 5083/5083 5091/5091
f 5085/5085 5091/5091 5090/5090
f 5091/5091 5083/5083 5086/5086
f 5091/5091 5092/5092 5090/5090
f 5093/5093 5086/5086 5088/5088
f 5091/5091 5086/5086 5093/5093
f 5091/5091 5093/5093 5092/5092
f 5093/5093 5088/5088 5094/5094
f 5093/5093 5095/5095 5092/5092
f 5093/5093 5094/5094 5095/5095
f 5096/5096 5097/5097 5098/5098
f 5099/5099 5096/5096 5098/5098
f 5099/5099 5098/5098 5100/5100
f 5101/5101 5099/5099 5100/5100
f 5102/5102 5096/5096 5099/5099
f 5101/5101 5103/5103 5099/5099
f 5103/5103 5102/5102 5099/5099
f 5103/5103 5104/5104 5102/5102
f 5105/5105 5106/5106 5107/5107
f 5105/5105 5108/5108 5106/5106
f 5109/5109 5108/5108 5105/5105
f 5109/5109 5110/5110 5108/5108
f 5111/5111 5110/5110 5109/5109
f 5111/5111 5112/5112 5110/5110
f 5113/5113 5112/5112 5111/5111
f 5113/5113 5114/5114 5112/5112
f 5114/5114 5113/5113 5115/5115
f 5114/5114 5115/5115 5116/5116
f 5116/5116 5115/5115 5117/5117
f 5116/5116 5117/5117 5118/5118
f 5118/5118 5117/5117 5119/5119
f 5118/5118 5119/5119 5120/5120
f 5120/5120 5119/5119 5121/5121
f 5120/5120 5121/5121 5122/5122
f 5123/5123 5122/5122 5121/5121
f 5123/5123 5124/5124 5122/5122
f 5125/5125 5124/5124 5123/5123
f 5125/5125 5126/5126 5124/5124
f 5127/5127 5126/5126 5125/5125
f 5127/5127 5128/5128 5126/5126
f 5129/5129 5128/5128 5127/5127
f 5129/5129 5130/5130 5128/5128
f 5131/5131 5132/5132 5133/5133
f 5131/5131 5134/5134 5132/5132
f 5135/5135 5136/5136 5137/5137
f 5135/5135 5138/5138 5136/5136
f 5139/5139 5138/5138 5135/5135
f 5140/5140 5141/5141 5142/5142
f 5140/5140 5143/5143 5141/5141
f 5140/5140 5144/5144 5143/5143
f 5139/5139 5145/5145 5138/5138
f 5146/5146 5145/5145 5139/5139
f 5147/5147 5140/5140 5142/5142
f 5147/5147 5142/5142 5148/5148
f 5140/5140 5149/5149 5144/5144
f 5147/5147 5149/5149 5140/5140
f 5146/5146 5150/5150 5145/5145
f 5151/5151 5150/5150 5146/5146
f 5152/5152 5147/5147 5148/5148
f 5152/5152 5148/5148 5153/5153
f 5151/5151 5154/5154 5150/5150
f 5154/5154 5151/5151 5155/5155
f 5156/5156 5157/5157 5158/5158
f 5156/5156 5159/5159 5157/5157
f 5160/5160 5161/5161 5162/5162
f 5147/5147 5163/5163 5149/5149
f 5152/5152 5163/5163 5147/5147
f 5164/5164 5152/5152 5153/5153
f 5164/5164 5153/5153 5165/5165
f 5154/5154 5155/5155 5166/5166
f 5166/5166 5155/5155 5167/5167
f 5168/5168 5156/5156 5158/5158
f 5168/5168 5158/5158 5169/5169
f 5160/5160 5170/5170 5161/5161
f 5171/5171 5170/5170 5160/5160
f 5152/5152 5172/5172 5163/5163
f 5164/5164 5172/5172 5152/5152
f 5173/5173 5164/5164 5165/5165
f 5173/5173 5165/5165 5174/5174
f 5166/5166 5167/5167 5175/5175
f 5175/5175 5167/5167 5176/5176
f 5177/5177 5168/5168 5169/5169
f 5177/5177 5169/5169 5178/5178
f 5164/5164 5179/5179 5172/5172
f 5179/5179 5164/5164 5173/5173
f 5180/5180 5173/5173 5174/5174
f 5180/5180 5174/5174 5181/5181
f 5175/5175 5176/5176 5182/5182
f 5182/5182 5176/5176 5183/5183
f 5184/5184 5185/5185 5171/5171
f 5171/5171 5185/5185 5170/5170
f 5186/5186 5177/5177 5178/5178
f 5186/5186 5178/5178 5187/5187
f 5179/5179 5173/5173 5188/5188
f 5188/5188 5173/5173 5180/5180
f 5189/5189 5180/5180 5181/5181
f 5189/5189 5181/5181 5190/5190
f 5182/5182 5183/5183 5191/5191
f 5192/5192 5191/5191 5183/5183
f 5184/5184 5193/5193 5185/5185
f 5194/5194 5193/5193 5184/5184
f 5194/5194 5195/5195 5193/5193
f 5196/5196 5185/5185 5193/5193
f 5197/5197 5186/5186 5187/5187
f 5195/5195 5194/5194 5198/5198
f 5195/5195 5198/5198 5199/5199
f 5197/5197 5187/5187 5200/5200
f 5199/5199 5198/5198 5201/5201
f 5202/5202 5197/5197 5200/5200
f 5199/5199 5201/5201 5203/5203
f 5203/5203 5201/5201 5204/5204
f 5202/5202 5200/5200 5205/5205
f 5206/5206 5202/5202 5205/5205
f 5188/5188 5180/5180 5207/5207
f 5207/5207 5180/5180 5189/5189
f 5206/5206 5205/5205 5208/5208
f 5207/5207 5189/5189 5209/5209
f 5196/5196 5210/5210 5185/5185
f 5210/5210 5170/5170 5185/5185
f 5211/5211 5206/5206 5208/5208
f 5212/5212 5204/5204 5213/5213
f 5209/5209 5189/5189 5214/5214
f 5214/5214 5189/5189 5190/5190
f 5214/5214 5190/5190 5215/5215
f 5209/5209 5214/5214 5216/5216
f 5211/5211 5208/5208 5217/5217
f 5218/5218 5214/5214 5215/5215
f 5218/5218 5216/5216 5214/5214
f 5210/5210 5219/5219 5170/5170
f 5219/5219 5161/5161 5170/5170
f 5219/5219 5220/5220 5161/5161
f 5219/5219 5221/5221 5220/5220
f 5219/5219 5222/5222 5221/5221
f 5210/5210 5222/5222 5219/5219
f 5210/5210 5223/5223 5222/5222
f 5196/5196 5223/5223 5210/5210
f 5196/5196 5224/5224 5223/5223
f 5225/5225 5224/5224 5196/5196
f 5225/5225 5226/5226 5224/5224
f 5226/5226 5225/5225 5227/5227
f 5226/5226 5227/5227 5228/5228
f 5228/5228 5227/5227 5229/5229
f 5228/5228 5229/5229 5230/5230
f 5230/5230 5229/5229 5231/5231
f 5230/5230 5231/5231 5232/5232
f 5232/5232 5231/5231 5233/5233
f 5232/5232 5233/5233 5234/5234
f 5233/5233 5231/5231 5212/5212
f 5235/5235 5234/5234 5233/5233
f 5235/5235 5236/5236 5234/5234
f 5233/5233 5212/5212 5237/5237
f 5235/5235 5233/5233 5237/5237
f 5212/5212 5213/5213 5237/5237
f 5238/5238 5236/5236 5235/5235
f 5238/5238 5239/5239 5236/5236
f 5235/5235 5237/5237 5240/5240
f 5238/5238 5235/5235 5240/5240
f 5241/5241 5237/5237 5213/5213
f 5241/5241 5240/5240 5237/5237
f 5242/5242 5211/5211 5217/5217
f 5243/5243 5239/5239 5238/5238
f 5243/5243 5244/5244 5239/5239
f 5238/5238 5240/5240 5245/5245
f 5243/5243 5238/5238 5245/5245
f 5242/5242 5217/5217 5246/5246
f 5218/5218 5247/5247 5216/5216
f 5248/5248 5240/5240 5241/5241
f 5248/5248 5245/5245 5240/5240
f 5249/5249 5242/5242 5246/5246
f 5250/5250 5244/5244 5243/5243
f 5250/5250 5251/5251 5244/5244
f 5250/5250 5243/5243 5252/5252
f 5243/5243 5245/5245 5252/5252
f 5250/5250 5252/5252 5253/5253
f 5254/5254 5253/5253 5252/5252
f 5255/5255 5252/5252 5245/5245
f 5255/5255 5245/5245 5248/5248
f 5254/5254 5252/5252 5255/5255
f 5249/5249 5246/5246 5256/5256
f 5257/5257 5249/5249 5256/5256
f 5258/5258 5257/5257 5259/5259
f 5257/5257 5256/5256 5259/5259
f 5258/5258 5259/5259 5260/5260
f 5261/5261 5262/5262 5263/5263
f 5264/5264 5265/5265 5247/5247
f 5264/5264 5247/5247 5218/5218
f 5266/5266 5263/5263 5265/5265
f 5261/5261 5263/5263 5266/5266
f 5266/5266 5265/5265 5264/5264
f 5264/5264 5218/5218 5267/5267
f 5218/5218 5215/5215 5267/5267
f 5192/5192 5268/5268 5191/5191
f 5269/5269 5268/5268 5192/5192
f 5264/5264 5267/5267 5270/5270
f 5269/5269 5271/5271 5268/5268
f 5266/5266 5264/5264 5270/5270
f 5272/5272 5271/5271 5269/5269
f 5261/5261 5266/5266 5273/5273
f 5266/5266 5270/5270 5273/5273
f 5272/5272 5274/5274 5271/5271
f 5261/5261 5273/5273 5275/5275
f 5276/5276 5274/5274 5272/5272
f 5276/5276 5277/5277 5274/5274
f 5278/5278 5279/5279 5280/5280
f 5278/5278 5281/5281 5279/5279
f 5282/5282 5281/5281 5278/5278
f 5283/5283 5284/5284 5285/5285
f 5283/5283 5286/5286 5284/5284
f 5283/5283 5287/5287 5286/5286
f 5282/5282 5288/5288 5281/5281
f 5289/5289 5288/5288 5282/5282
f 5290/5290 5283/5283 5285/5285
f 5290/5290 5285/5285 5291/5291
f 5283/5283 5292/5292 5287/5287
f 5290/5290 5292/5292 5283/5283
f 5289/5289 5293/5293 5288/5288
f 5294/5294 5293/5293 5289/5289
f 5295/5295 5290/5290 5291/5291
f 5295/5295 5291/5291 5296/5296
f 5294/5294 5297/5297 5293/5293
f 5298/5298 5297/5297 5294/5294
f 5299/5299 5300/5300 5301/5301
f 5299/5299 5302/5302 5300/5300
f 5303/5303 5304/5304 5305/5305
f 5290/5290 5306/5306 5292/5292
f 5295/5295 5306/5306 5290/5290
f 5307/5307 5295/5295 5296/5296
f 5307/5307 5296/5296 5308/5308
f 5298/5298 5309/5309 5297/5297
f 5310/5310 5309/5309 5298/5298
f 5311/5311 5299/5299 5301/5301
f 5311/5311 5301/5301 5312/5312
f 5303/5303 5313/5313 5304/5304
f 5314/5314 5313/5313 5303/5303
f 5295/5295 5315/5315 5306/5306
f 5307/5307 5315/5315 5295/5295
f 5316/5316 5307/5307 5308/5308
f 5316/5316 5308/5308 5317/5317
f 5310/5310 5318/5318 5309/5309
f 5319/5319 5318/5318 5310/5310
f 5320/5320 5311/5311 5312/5312
f 5320/5320 5312/5312 5321/5321
f 5307/5307 5322/5322 5315/5315
f 5316/5316 5322/5322 5307/5307
f 5323/5323 5316/5316 5317/5317
f 5323/5323 5317/5317 5324/5324
f 5319/5319 5325/5325 5318/5318
f 5326/5326 5325/5325 5319/5319
f 5327/5327 5328/5328 5314/5314
f 5314/5314 5328/5328 5313/5313
f 5329/5329 5320/5320 5321/5321
f 5329/5329 5321/5321 5330/5330
f 5316/5316 5331/5331 5322/5322
f 5323/5323 5331/5331 5316/5316
f 5332/5332 5323/5323 5324/5324
f 5332/5332 5324/5324 5333/5333
f 5326/5326 5334/5334 5325/5325
f 5335/5335 5334/5334 5326/5326
f 5327/5327 5336/5336 5328/5328
f 5337/5337 5336/5336 5327/5327
f 5338/5338 5329/5329 5330/5330
f 5338/5338 5330/5330 5339/5339
f 5323/5323 5340/5340 5331/5331
f 5332/5332 5340/5340 5323/5323
f 5341/5341 5332/5332 5333/5333
f 5341/5341 5333/5333 5342/5342
f 5335/5335 5343/5343 5334/5334
f 5344/5344 5343/5343 5335/5335
f 5337/5337 5345/5345 5336/5336
f 5346/5346 5345/5345 5337/5337
f 5347/5347 5338/5338 5339/5339
f 5347/5347 5339/5339 5348/5348
f 5332/5332 5349/5349 5340/5340
f 5341/5341 5349/5349 5332/5332
f 5350/5350 5341/5341 5342/5342
f 5350/5350 5342/5342 5351/5351
f 5344/5344 5352/5352 5343/5343
f 5353/5353 5352/5352 5344/5344
f 5346/5346 5354/5354 5345/5345
f 5355/5355 5354/5354 5346/5346
f 5356/5356 5347/5347 5348/5348
f 5356/5356 5348/5348 5357/5357
f 5341/5341 5358/5358 5349/5349
f 5350/5350 5358/5358 5341/5341
f 5359/5359 5350/5350 5351/5351
f 5359/5359 5351/5351 5360/5360
f 5353/5353 5361/5361 5352/5352
f 5362/5362 5361/5361 5353/5353
f 5362/5362 5363/5363 5361/5361
f 5364/5364 5365/5365 5366/5366
f 5367/5367 5360/5360 5365/5365
f 5364/5364 5367/5367 5365/5365
f 5367/5367 5359/5359 5360/5360
f 5359/5359 5368/5368 5350/5350
f 5350/5350 5368/5368 5358/5358
f 5369/5369 5357/5357 5370/5370
f 5369/5369 5356/5356 5357/5357
f 5364/5364 5371/5371 5367/5367
f 5364/5364 5372/5372 5371/5371
f 5373/5373 5374/5374 5375/5375
f 5367/5367 5376/5376 5359/5359
f 5367/5367 5371/5371 5376/5376
f 5359/5359 5376/5376 5368/5368
f 5377/5377 5370/5370 5378/5378
f 5377/5377 5369/5369 5370/5370
f 5373/5373 5379/5379 5374/5374
f 5379/5379 5380/5380 5374/5374
f 5381/5381 5378/5378 5380/5380
f 5381/5381 5377/5377 5378/5378
f 5379/5379 5381/5381 5380/5380
f 5382/5382 5383/5383 5384/5384
f 5382/5382 5385/5385 5383/5383
f 5386/5386 5383/5383 5385/5385
f 5384/5384 5387/5387 5388/5388
f 5384/5384 5383/5383 5387/5387
f 5388/5388 5389/5389 5390/5390
f 5388/5388 5387/5387 5389/5389
f 5390/5390 5391/5391 5392/5392
f 5390/5390 5389/5389 5391/5391
f 5386/5386 5393/5393 5383/5383
f 5393/5393 5387/5387 5383/5383
f 5394/5394 5389/5389 5387/5387
f 5393/5393 5394/5394 5387/5387
f 5386/5386 5395/5395 5393/5393
f 5386/5386 5396/5396 5395/5395
f 5393/5393 5395/5395 5397/5397
f 5393/5393 5397/5397 5394/5394
f 5394/5394 5397/5397 5398/5398
f 5394/5394 5399/5399 5389/5389
f 5394/5394 5398/5398 5399/5399
f 5399/5399 5391/5391 5389/5389
f 5399/5399 5398/5398 5400/5400
f 5399/5399 5400/5400 5401/5401
f 5399/5399 5401/5401 5391/5391
f 5401/5401 5400/5400 5402/5402
f 5401/5401 5403/5403 5391/5391
f 5392/5392 5391/5391 5403/5403
f 5392/5392 5403/5403 5404/5404
f 5401/5401 5402/5402 5405/5405
f 5401/5401 5405/5405 5403/5403
f 5405/5405 5402/5402 5406/5406
f 5404/5404 5403/5403 5407/5407
f 5405/5405 5407/5407 5403/5403
f 5404/5404 5407/5407 5355/5355
f 5355/5355 5407/5407 5354/5354
f 5405/5405 5406/5406 5408/5408
f 5405/5405 5408/5408 5407/5407
f 5408/5408 5354/5354 5407/5407
f 5408/5408 5406/5406 5409/5409
f 5408/5408 5410/5410 5354/5354
f 5408/5408 5409/5409 5410/5410
f 5410/5410 5345/5345 5354/5354
f 5410/5410 5409/5409 5411/5411
f 5410/5410 5412/5412 5345/5345
f 5410/5410 5411/5411 5412/5412
f 5412/5412 5336/5336 5345/5345
f 5412/5412 5411/5411 5413/5413
f 5412/5412 5414/5414 5336/5336
f 5412/5412 5413/5413 5414/5414
f 5414/5414 5328/5328 5336/5336
f 5414/5414 5413/5413 5415/5415
f 5414/5414 5416/5416 5328/5328
f 5414/5414 5415/5415 5416/5416
f 5416/5416 5313/5313 5328/5328
f 5416/5416 5415/5415 5417/5417
f 5416/5416 5418/5418 5313/5313
f 5416/5416 5417/5417 5418/5418
f 5418/5418 5304/5304 5313/5313
f 5418/5418 5417/5417 5419/5419
f 5418/5418 5420/5420 5304/5304
f 5418/5418 5419/5419 5420/5420
f 5421/5421 5422/5422 5423/5423
f 5421/5421 5423/5423 5424/5424
f 5425/5425 5421/5421 5424/5424
f 5425/5425 5424/5424 5426/5426
f 5427/5427 5425/5425 5426/5426
f 5427/5427 5426/5426 5428/5428
f 5429/5429 5427/5427 5428/5428
f 5429/5429 5428/5428 5430/5430
f 5428/5428 5431/5431 5430/5430
f 5432/5432 5433/5433 5434/5434
f 5434/5434 5433/5433 5435/5435
f 5434/5434 5435/5435 5436/5436
f 5437/5437 5436/5436 5435/5435
f 5438/5438 5434/5434 5436/5436
f 5438/5438 5439/5439 5434/5434
f 5440/5440 5438/5438 5436/5436
f 5437/5437 5441/5441 5436/5436
f 5440/5440 5436/5436 5441/5441
f 5442/5442 5441/5441 5437/5437
f 5443/5443 5440/5440 5441/5441
f 5442/5442 5444/5444 5441/5441
f 5443/5443 5441/5441 5444/5444
f 5445/5445 5444/5444 5442/5442
f 5446/5446 5443/5443 5444/5444
f 5445/5445 5447/5447 5444/5444
f 5446/5446 5444/5444 5447/5447
f 5448/5448 5446/5446 5447/5447
f 5449/5449 5450/5450 5451/5451
f 5449/5449 5452/5452 5450/5450
f 5453/5453 5450/5450 5452/5452
f 5454/5454 5455/5455 5456/5456
f 5455/5455 5454/5454 5457/5457
f 5457/5457 5454/5454 5458/5458
f 5457/5457 5458/5458 5459/5459
f 5457/5457 5459/5459 5460/5460
f 5460/5460 5459/5459 5461/5461
f 5460/5460 5461/5461 5462/5462
f 5462/5462 5461/5461 5463/5463
f 5462/5462 5463/5463 5464/5464
f 5464/5464 5463/5463 5465/5465
f 5464/5464 5465/5465 5466/5466
f 5466/5466 5465/5465 5467/5467
f 5466/5466 5467/5467 5468/5468
f 5468/5468 5467/5467 5469/5469
f 5468/5468 5469/5469 5470/5470
f 5470/5470 5469/5469 5471/5471
f 5470/5470 5471/5471 5472/5472
f 5472/5472 5471/5471 5473/5473
f 5472/5472 5473/5473 5474/5474
f 5474/5474 5473/5473 5475/5475
f 5474/5474 5475/5475 5476/5476
f 5476/5476 5475/5475 5477/5477
f 5478/5478 5479/5479 5480/5480
f 5479/5479 5478/5478 5481/5481
f 5479/5479 5481/5481 5482/5482
f 5482/5482 5481/5481 5483/5483
f 5482/5482 5483/5483 5484/5484
f 5484/5484 5483/5483 5485/5485
f 5484/5484 5485/5485 5486/5486
f 5486/5486 5485/5485 5487/5487
f 5486/5486 5487/5487 5488/5488
f 5488/5488 5487/5487 5489/5489
f 5488/5488 5489/5489 5490/5490
f 5490/5490 5489/5489 5491/5491
f 5490/5490 5491/5491 5492/5492
f 5492/5492 5491/5491 5493/5493
f 5492/5492 5493/5493 5494/5494
f 5494/5494 5493/5493 5495/5495
f 5494/5494 5495/5495 5496/5496
f 5496/5496 5495/5495 5497/5497
f 5496/5496 5497/5497 5498/5498
f 5498/5498 5497/5497 5499/5499
f 5499/5499 5497/5497 5500/5500
f 5499/5499 5500/5500 5501/5501
f 5502/5502 5503/5503 5504/5504
f 5502/5502 5505/5505 5503/5503
f 5506/5506 5503/5503 5505/5505
f 5506/5506 5507/5507 5503/5503
f 5507/5507 5508/5508 5503/5503
f 5507/5507 5509/5509 5508/5508
f 5510/5510 5511/5511 5512/5512
f 5510/5510 5512/5512 5513/5513
f 5514/5514 5513/5513 5512/5512
f 5515/5515 5514/5514 5512/5512
f 5515/5515 5516/5516 5514/5514
f 5516/5516 5517/5517 5514/5514
f 5516/5516 5518/5518 5517/5517
f 5518/5518 5519/5519 5517/5517
f 5518/5518 5520/5520 5519/5519
f 5521/5521 5517/5517 5519/5519
f 5522/5522 5514/5514 5517/5517
f 5522/5522 5517/5517 5521/5521
f 5514/5514 5522/5522 5513/5513
f 5523/5523 5522/5522 5521/5521
f 5522/5522 5523/5523 5524/5524
f 5522/5522 5524/5524 5513/5513
f 5525/5525 5524/5524 5523/5523
f 5525/5525 5526/5526 5524/5524
f 5527/5527 5513/5513 5524/5524
f 5526/5526 5527/5527 5524/5524
f 5526/5526 5528/5528 5527/5527
f 5527/5527 5510/5510 5513/5513
f 5529/5529 5510/5510 5527/5527
f 5529/5529 5530/5530 5510/5510
f 5531/5531 5532/5532 5533/5533
f 5531/5531 5533/5533 5534/5534
f 5535/5535 5531/5531 5534/5534
f 5536/5536 5534/5534 5533/5533
f 5537/5537 5536/5536 5533/5533
f 5537/5537 5538/5538 5536/5536
f 5535/5535 5534/5534 5539/5539
f 5540/5540 5535/5535 5539/5539
f 5541/5541 5539/5539 5534/5534
f 5536/5536 5541/5541 5534/5534
f 5541/5541 5542/5542 5539/5539
f 5538/5538 5543/5543 5536/5536
f 5541/5541 5536/5536 5543/5543
f 5538/5538 5544/5544 5543/5543
f 5541/5541 5543/5543 5545/5545
f 5542/5542 5541/5541 5545/5545
f 5542/5542 5545/5545 5546/5546
f 5547/5547 5542/5542 5546/5546
f 5548/5548 5549/5549 5550/5550
f 5551/5551 5548/5548 5550/5550
f 5551/5551 5550/5550 5552/5552
f 5551/5551 5553/5553 5548/5548
f 5551/5551 5554/5554 5553/5553
f 5553/5553 5554/5554 5555/5555
f 5553/5553 5555/5555 5556/5556
f 5557/5557 5558/5558 5559/5559
f 5557/5557 5560/5560 5558/5558
f 5560/5560 5561/5561 5558/5558
f 5562/5562 5560/5560 5557/5557
f 5562/5562 5557/5557 5563/5563
f 5562/5562 5563/5563 5564/5564
f 5562/5562 5564/5564 5565/5565
f 5566/5566 5562/5562 5565/5565
f 5560/5560 5562/5562 5566/5566
f 5566/5566 5565/5565 5567/5567
f 5568/5568 5566/5566 5567/5567
f 5560/5560 5569/5569 5561/5561
f 5560/5560 5566/5566 5569/5569
f 5568/5568 5569/5569 5566/5566
f 5569/5569 5570/5570 5561/5561
f 5568/5568 5571/5571 5569/5569
f 5569/5569 5571/5571 5570/5570
f 5572/5572 5573/5573 5574/5574
f 5573/5573 5575/5575 5574/5574
f 5573/5573 5576/5576 5575/5575
f 5577/5577 5578/5578 5579/5579
f 5577/5577 5580/5580 5578/5578
f 5581/5581 5580/5580 5577/5577
f 5581/5581 5577/5577 5582/5582
f 5581/5581 5582/5582 5583/5583
f 5581/5581 5583/5583 5584/5584
f 5585/5585 5586/5586 5587/5587
f 5585/5585 5587/5587 5588/5588
f 5587/5587 5589/5589 5588/5588
f 5587/5587 5590/5590 5589/5589
f 5590/5590 5591/5591 5589/5589
f 5590/5590 5592/5592 5591/5591
f 5593/5593 5591/5591 5592/5592
f 5593/5593 5594/5594 5591/5591
f 5595/5595 5596/5596 5597/5597
f 5595/5595 5598/5598 5596/5596
f 5595/5595 5599/5599 5598/5598
f 5595/5595 5600/5600 5599/5599
f 5599/5599 5600/5600 5601/5601
f 5599/5599 5601/5601 5602/5602
f 5600/5600 5603/5603 5601/5601
f 5604/5604 5605/5605 5606/5606
f 5604/5604 5607/5607 5605/5605
f 5608/5608 5609/5609 5610/5610
f 5608/5608 5611/5611 5609/5609
f 5612/5612 5611/5611 5608/5608
f 5612/5612 5608/5608 5613/5613
f 5612/5612 5613/5613 5614/5614
f 5612/5612 5614/5614 5615/5615
f 5613/5613 5616/5616 5614/5614
f 5617/5617 5618/5618 5619/5619
f 5617/5617 5619/5619 5620/5620
f 5621/5621 5617/5617 5620/5620
f 5619/5619 5622/5622 5620/5620
f 5619/5619 5623/5623 5622/5622
f 5623/5623 5624/5624 5622/5622
f 5623/5623 5625/5625 5624/5624
f 5626/5626 5624/5624 5625/5625
f 5626/5626 5627/5627 5624/5624
f 5627/5627 5628/5628 5624/5624
f 5627/5627 5629/5629 5628/5628
f 5630/5630 5631/5631 5632/5632
f 5630/5630 5632/5632 5633/5633
f 5633/5633 5632/5632 5634/5634
f 5635/5635 5630/5630 5633/5633
f 5633/5633 5634/5634 5636/5636
f 5636/5636 5634/5634 5637/5637
f 5636/5636 5637/5637 5638/5638
f 5635/5635 5633/5633 5639/5639
f 5639/5639 5633/5633 5636/5636
f 5640/5640 5636/5636 5638/5638
f 5639/5639 5636/5636 5640/5640
f 5640/5640 5638/5638 5641/5641
f 5640/5640 5641/5641 5642/5642
f 5640/5640 5642/5642 5643/5643
f 5639/5639 5640/5640 5643/5643
f 5643/5643 5642/5642 5644/5644
f 5643/5643 5644/5644 5645/5645
f 5635/5635 5639/5639 5646/5646
f 5639/5639 5643/5643 5646/5646
f 5646/5646 5643/5643 5645/5645
f 5635/5635 5646/5646 5647/5647
f 5646/5646 5645/5645 5648/5648
f 5647/5647 5646/5646 5649/5649
f 5646/5646 5648/5648 5649/5649
f 5650/5650 5651/5651 5652/5652
f 5651/5651 5653/5653 5652/5652
f 5654/5654 5651/5651 5650/5650
f 5654/5654 5650/5650 5655/5655
f 5654/5654 5655/5655 5656/5656
f 5654/5654 5656/5656 5657/5657
f 5658/5658 5654/5654 5657/5657
f 5658/5658 5651/5651 5654/5654
f 5658/5658 5657/5657 5659/5659
f 5660/5660 5658/5658 5659/5659
f 5651/5651 5661/5661 5653/5653
f 5658/5658 5661/5661 5651/5651
f 5660/5660 5661/5661 5658/5658
f 5661/5661 5662/5662 5653/5653
f 5660/5660 5663/5663 5661/5661
f 5661/5661 5663/5663 5662/5662
f 5664/5664 5665/5665 5666/5666
f 5667/5667 5668/5668 5669/5669
f 5670/5670 5671/5671 5672/5672
f 5673/5673 5674/5674 5675/5675
f 5676/5676 5677/5677 5678/5678
f 5679/5679 5680/5680 5681/5681
f 5682/5682 5679/5679 5683/5683
f 5682/5682 5683/5683 5684/5684
f 5685/5685 5686/5686 5687/5687
f 5688/5688 5689/5689 5690/5690
f 5691/5691 5692/5692 5693/5693
f 5692/5692 5694/5694 5695/5695
f 5694/5694 5696/5696 5695/5695
f 5697/5697 5698/5698 5699/5699
f 5697/5697 5700/5700 5698/5698
f 5701/5701 5702/5702 5703/5703
f 5701/5701 5704/5704 5702/5702
f 5704/5704 5705/5705 5702/5702
f 5706/5706 5704/5704 5701/5701
f 5704/5704 5707/5707 5705/5705
f 5707/5707 5708/5708 5705/5705
f 5706/5706 5709/5709 5704/5704
f 5709/5709 5707/5707 5704/5704
f 5707/5707 5710/5710 5708/5708
f 5710/5710 5711/5711 5708/5708
f 5710/5710 5712/5712 5711/5711
f 5713/5713 5710/5710 5707/5707
f 5709/5709 5713/5713 5707/5707
f 5714/5714 5712/5712 5710/5710
f 5713/5713 5714/5714 5710/5710
f 5714/5714 5715/5715 5712/5712
f 5714/5714 5716/5716 5715/5715
f 5714/5714 5717/5717 5716/5716
f 5713/5713 5717/5717 5714/5714
f 5717/5717 5718/5718 5716/5716
f 5717/5717 5719/5719 5718/5718
f 5713/5713 5720/5720 5717/5717
f 5720/5720 5719/5719 5717/5717
f 5709/5709 5720/5720 5713/5713
f 5720/5720 5721/5721 5719/5719
f 5709/5709 5722/5722 5720/5720
f 5722/5722 5721/5721 5720/5720
f 5706/5706 5722/5722 5709/5709
f 5722/5722 5723/5723 5721/5721
f 5706/5706 5724/5724 5722/5722
f 5724/5724 5723/5723 5722/5722
f 5724/5724 5725/5725 5723/5723
f 5726/5726 5727/5727 5728/5728
f 5726/5726 5729/5729 5727/5727
f 5729/5729 5730/5730 5727/5727
f 5729/5729 5731/5731 5730/5730
f 5732/5732 5733/5733 5734/5734
f 5732/5732 5735/5735 5733/5733
f 5735/5735 5736/5736 5733/5733
f 5737/5737 5735/5735 5732/5732
f 5735/5735 5738/5738 5736/5736
f 5738/5738 5739/5739 5736/5736
f 5737/5737 5740/5740 5735/5735
f 5740/5740 5738/5738 5735/5735
f 5738/5738 5741/5741 5739/5739
f 5741/5741 5742/5742 5739/5739
f 5741/5741 5743/5743 5742/5742
f 5744/5744 5741/5741 5738/5738
f 5740/5740 5744/5744 5738/5738
f 5745/5745 5743/5743 5741/5741
f 5744/5744 5745/5745 5741/5741
f 5745/5745 5746/5746 5743/5743
f 5745/5745 5747/5747 5746/5746
f 5745/5745 5748/5748 5747/5747
f 5744/5744 5748/5748 5745/5745
f 5748/5748 5749/5749 5747/5747
f 5748/5748 5750/5750 5749/5749
f 5744/5744 5751/5751 5748/5748
f 5751/5751 5750/5750 5748/5748
f 5740/5740 5751/5751 5744/5744
f 5751/5751 5686/5686 5750/5750
f 5740/5740 5752/5752 5751/5751
f 5737/5737 5752/5752 5740/5740
f 5752/5752 5687/5687 5686/5686
f 5737/5737 5753/5753 5752/5752
f 5753/5753 5687/5687 5752/5752
f 5753/5753 5754/5754 5687/5687
f 5755/5755 5756/5756 5757/5757
f 5755/5755 5758/5758 5756/5756
f 5759/5759 5760/5760 5761/5761
f 5759/5759 5762/5762 5760/5760
f 5763/5763 5762/5762 5759/5759
f 5763/5763 5759/5759 5764/5764
f 5765/5765 5764/5764 5766/5766
f 5767/5767 5765/5765 5766/5766
f 5767/5767 5768/5768 5765/5765
f 5769/5769 5770/5770 5771/5771
f 5769/5769 5772/5772 5770/5770
f 5773/5773 5774/5774 5775/5775
f 5773/5773 5775/5775 5776/5776
f 5777/5777 5776/5776 5775/5775
f 5777/5777 5778/5778 5776/5776
f 5777/5777 5779/5779 5778/5778
f 5777/5777 5780/5780 5779/5779
f 5779/5779 5780/5780 5781/5781
f 5779/5779 5781/5781 5782/5782
f 5783/5783 5699/5699 5698/5698
f 5783/5783 5698/5698 5784/5784
f 5785/5785 5783/5783 5784/5784
f 5785/5785 5784/5784 5786/5786
f 5787/5787 5788/5788 5789/5789
f 5787/5787 5790/5790 5788/5788
f 5730/5730 5791/5791 5792/5792
f 5730/5730 5731/5731 5791/5791
f 5793/5793 5794/5794 5795/5795
f 5793/5793 5796/5796 5794/5794
f 5797/5797 5726/5726 5728/5728
f 5797/5797 5798/5798 5726/5726
f 5799/5799 5800/5800 5801/5801
f 5799/5799 5801/5801 5802/5802
f 5801/5801 5803/5803 5802/5802
f 5801/5801 5804/5804 5803/5803
f 5805/5805 5803/5803 5804/5804
f 5805/5805 5806/5806 5803/5803
f 5806/5806 5805/5805 5807/5807
f 5806/5806 5807/5807 5808/5808
f 5809/5809 5810/5810 5811/5811
f 5809/5809 5812/5812 5810/5810
f 5813/5813 5812/5812 5809/5809
f 5813/5813 5814/5814 5812/5812
f 5815/5815 5816/5816 5817/5817
f 5815/5815 5818/5818 5816/5816
f 5819/5819 5820/5820 5821/5821
f 5819/5819 5821/5821 5822/5822
f 5823/5823 5822/5822 5821/5821
f 5823/5823 5824/5824 5822/5822
f 5825/5825 5824/5824 5823/5823
f 5825/5825 5826/5826 5824/5824
f 5826/5826 5825/5825 5827/5827
f 5826/5826 5827/5827 5828/5828
f 5814/5814 5829/5829 5830/5830
f 5814/5814 5813/5813 5829/5829
f 5673/5673 5831/5831 5674/5674
f 5673/5673 5832/5832 5831/5831
f 5811/5811 5833/5833 5834/5834
f 5811/5811 5810/5810 5833/5833
f 5835/5835 5836/5836 5837/5837
f 5835/5835 5838/5838 5836/5836
f 5839/5839 5795/5795 5794/5794
f 5839/5839 5840/5840 5795/5795
f 5839/5839 5841/5841 5840/5840
f 5839/5839 5842/5842 5841/5841
f 5772/5772 5769/5769 5843/5843
f 5772/5772 5843/5843 5844/5844
f 5844/5844 5843/5843 5674/5674
f 5844/5844 5674/5674 5831/5831
f 5841/5841 5845/5845 5846/5846
f 5841/5841 5842/5842 5845/5845
f 5818/5818 5815/5815 5847/5847
f 5818/5818 5847/5847 5848/5848
f 5849/5849 5848/5848 5847/5847
f 5849/5849 5847/5847 5850/5850
f 5851/5851 5849/5849 5850/5850
f 5851/5851 5852/5852 5849/5849
f 5787/5787 5853/5853 5790/5790
f 5787/5787 5854/5854 5853/5853
f 5757/5757 5853/5853 5854/5854
f 5757/5757 5756/5756 5853/5853
f 5855/5855 5856/5856 5857/5857
f 5855/5855 5858/5858 5856/5856
f 5855/5855 5835/5835 5858/5858
f 5855/5855 5838/5838 5835/5835
f 5859/5859 5857/5857 5856/5856
f 5859/5859 5860/5860 5857/5857
f 5861/5861 5785/5785 5786/5786
f 5861/5861 5862/5862 5785/5785
f 5711/5711 5863/5863 5864/5864
f 5711/5711 5712/5712 5863/5863
f 5865/5865 5787/5787 5789/5789
f 5865/5865 5866/5866 5787/5787
f 5779/5779 5867/5867 5868/5868
f 5779/5779 5782/5782 5867/5867
f 5869/5869 5788/5788 5790/5790
f 5869/5869 5870/5870 5788/5788
f 5708/5708 5864/5864 5871/5871
f 5708/5708 5711/5711 5864/5864
f 5872/5872 5697/5697 5699/5699
f 5872/5872 5873/5873 5697/5697
f 5767/5767 5874/5874 5875/5875
f 5767/5767 5766/5766 5874/5874
f 5876/5876 5698/5698 5700/5700
f 5876/5876 5877/5877 5698/5698
f 5799/5799 5878/5878 5879/5879
f 5799/5799 5802/5802 5878/5878
f 5880/5880 5835/5835 5837/5837
f 5880/5880 5881/5881 5835/5835
f 5701/5701 5882/5882 5883/5883
f 5701/5701 5703/5703 5882/5882
f 5884/5884 5836/5836 5838/5838
f 5884/5884 5885/5885 5836/5836
f 5759/5759 5886/5886 5887/5887
f 5759/5759 5761/5761 5886/5886
f 5888/5888 5861/5861 5786/5786
f 5888/5888 5889/5889 5861/5861
f 5703/5703 5890/5890 5882/5882
f 5703/5703 5702/5702 5890/5890
f 5891/5891 5785/5785 5862/5862
f 5891/5891 5892/5892 5785/5785
f 5718/5718 5893/5893 5894/5894
f 5718/5718 5719/5719 5893/5893
f 5895/5895 5811/5811 5834/5834
f 5895/5895 5896/5896 5811/5811
f 5826/5826 5897/5897 5898/5898
f 5826/5826 5828/5828 5897/5897
f 5899/5899 5833/5833 5810/5810
f 5899/5899 5900/5900 5833/5833
f 5716/5716 5894/5894 5901/5901
f 5716/5716 5718/5718 5894/5894
f 5902/5902 5755/5755 5757/5757
f 5902/5902 5903/5903 5755/5755
f 5773/5773 5904/5904 5905/5905
f 5773/5773 5776/5776 5904/5904
f 5906/5906 5756/5756 5758/5758
f 5906/5906 5907/5907 5756/5756
f 5819/5819 5908/5908 5909/5909
f 5819/5819 5822/5822 5908/5908
f 5910/5910 5814/5814 5830/5830
f 5910/5910 5911/5911 5814/5814
f 5723/5723 5912/5912 5913/5913
f 5723/5723 5725/5725 5912/5912
f 5914/5914 5829/5829 5813/5813
f 5914/5914 5915/5915 5829/5829
f 5806/5806 5916/5916 5917/5917
f 5806/5806 5808/5808 5916/5916
f 5918/5918 5859/5859 5856/5856
f 5918/5918 5919/5919 5859/5859
f 5725/5725 5920/5920 5912/5912
f 5725/5725 5724/5724 5920/5920
f 5921/5921 5857/5857 5860/5860
f 5921/5921 5922/5922 5857/5857
f 5706/5706 5701/5701 5883/5883
f 5706/5706 5883/5883 5923/5923
f 5724/5724 5706/5706 5923/5923
f 5724/5724 5923/5923 5920/5920
f 5924/5924 5884/5884 5838/5838
f 5924/5924 5838/5838 5855/5855
f 5922/5922 5924/5924 5855/5855
f 5922/5922 5855/5855 5857/5857
f 5802/5802 5925/5925 5878/5878
f 5802/5802 5803/5803 5925/5925
f 5803/5803 5917/5917 5925/5925
f 5803/5803 5806/5806 5917/5917
f 5881/5881 5858/5858 5835/5835
f 5881/5881 5926/5926 5858/5858
f 5926/5926 5856/5856 5858/5858
f 5926/5926 5918/5918 5856/5856
f 5854/5854 5787/5787 5866/5866
f 5854/5854 5866/5866 5927/5927
f 5757/5757 5854/5854 5927/5927
f 5757/5757 5927/5927 5902/5902
f 5928/5928 5863/5863 5712/5712
f 5928/5928 5712/5712 5715/5715
f 5901/5901 5928/5928 5715/5715
f 5901/5901 5715/5715 5716/5716
f 5783/5783 5785/5785 5892/5892
f 5783/5783 5892/5892 5929/5929
f 5699/5699 5783/5783 5929/5929
f 5699/5699 5929/5929 5872/5872
f 5930/5930 5890/5890 5702/5702
f 5930/5930 5702/5702 5705/5705
f 5871/5871 5930/5930 5705/5705
f 5871/5871 5705/5705 5708/5708
f 5764/5764 5759/5759 5887/5887
f 5764/5764 5887/5887 5931/5931
f 5766/5766 5764/5764 5931/5931
f 5766/5766 5931/5931 5874/5874
f 5932/5932 5888/5888 5786/5786
f 5932/5932 5786/5786 5784/5784
f 5877/5877 5932/5932 5784/5784
f 5877/5877 5784/5784 5698/5698
f 5778/5778 5779/5779 5868/5868
f 5778/5778 5868/5868 5933/5933
f 5776/5776 5778/5778 5933/5933
f 5776/5776 5933/5933 5904/5904
f 5934/5934 5869/5869 5790/5790
f 5934/5934 5790/5790 5853/5853
f 5907/5907 5934/5934 5853/5853
f 5907/5907 5853/5853 5756/5756
f 5809/5809 5811/5811 5896/5896
f 5809/5809 5896/5896 5935/5935
f 5813/5813 5809/5809 5935/5935
f 5813/5813 5935/5935 5914/5914
f 5936/5936 5893/5893 5719/5719
f 5936/5936 5719/5719 5721/5721
f 5913/5913 5936/5936 5721/5721
f 5913/5913 5721/5721 5723/5723
f 5824/5824 5826/5826 5898/5898
f 5824/5824 5898/5898 5937/5937
f 5822/5822 5824/5824 5937/5937
f 5822/5822 5937/5937 5908/5908
f 5938/5938 5899/5899 5810/5810
f 5938/5938 5810/5810 5812/5812
f 5911/5911 5938/5938 5812/5812
f 5911/5911 5812/5812 5814/5814
f 5939/5939 5940/5940 5684/5684
f 5939/5939 5941/5941 5940/5940
f 5684/5684 5942/5942 5682/5682
f 5684/5684 5940/5940 5942/5942
f 5851/5851 5943/5943 5944/5944
f 5851/5851 5850/5850 5943/5943
f 5945/5945 5946/5946 5947/5947
f 5945/5945 5948/5948 5946/5946
f 5949/5949 5950/5950 5951/5951
f 5949/5949 5952/5952 5950/5950
f 5951/5951 5953/5953 5954/5954
f 5951/5951 5950/5950 5953/5953
f 5955/5955 5681/5681 5956/5956
f 5955/5955 5957/5957 5681/5681
f 5956/5956 5680/5680 5958/5958
f 5956/5956 5681/5681 5680/5680
f 5815/5815 5959/5959 5960/5960
f 5815/5815 5817/5817 5959/5959
f 5961/5961 5962/5962 5963/5963
f 5961/5961 5964/5964 5962/5962
f 5672/5672 5965/5965 5966/5966
f 5672/5672 5671/5671 5965/5965
f 5769/5769 5967/5967 5968/5968
f 5769/5769 5771/5771 5967/5967
f 5969/5969 5970/5970 5971/5971
f 5969/5969 5972/5972 5970/5970
f 5973/5973 5974/5974 5975/5975
f 5973/5973 5976/5976 5974/5974
f 5975/5975 5977/5977 5978/5978
f 5975/5975 5974/5974 5977/5977
f 5979/5979 5980/5980 5943/5943
f 5979/5979 5943/5943 5981/5981
f 5982/5982 5979/5979 5981/5981
f 5982/5982 5981/5981 5960/5960
f 5981/5981 5943/5943 5850/5850
f 5981/5981 5850/5850 5847/5847
f 5960/5960 5981/5981 5847/5847
f 5960/5960 5847/5847 5815/5815
f 5983/5983 5984/5984 5728/5728
f 5983/5983 5728/5728 5727/5727
f 5985/5985 5983/5983 5727/5727
f 5985/5985 5727/5727 5730/5730
f 5954/5954 5986/5986 5951/5951
f 5954/5954 5987/5987 5986/5986
f 5987/5987 5974/5974 5986/5986
f 5987/5987 5977/5977 5974/5974
f 5988/5988 5840/5840 5841/5841
f 5988/5988 5989/5989 5840/5840
f 5989/5989 5795/5795 5840/5840
f 5989/5989 5990/5990 5795/5795
f 5991/5991 5965/5965 5671/5671
f 5991/5991 5671/5671 5992/5992
f 5971/5971 5991/5991 5992/5992
f 5971/5971 5992/5992 5969/5969
f 5993/5993 5675/5675 5674/5674
f 5993/5993 5674/5674 5843/5843
f 5968/5968 5993/5993 5843/5843
f 5968/5968 5843/5843 5769/5769
f 5687/5687 5994/5994 5685/5685
f 5687/5687 5754/5754 5994/5994
f 5995/5995 5996/5996 5997/5997
f 5995/5995 5998/5998 5996/5996
f 5754/5754 5999/5999 5994/5994
f 5754/5754 5753/5753 5999/5999
f 6000/6000 5849/5849 5852/5852
f 6000/6000 6001/6001 5849/5849
f 5747/5747 6002/6002 6003/6003
f 5747/5747 5749/5749 6002/6002
f 6004/6004 6005/6005 6006/6006
f 6004/6004 6007/6007 6005/6005
f 5749/5749 6008/6008 6002/6002
f 5749/5749 5750/5750 6008/6008
f 6009/6009 6010/6010 6011/6011
f 6009/6009 6012/6012 6010/6010
f 5732/5732 6013/6013 6014/6014
f 5732/5732 5734/5734 6013/6013
f 6015/6015 5816/5816 5818/5818
f 6015/6015 6016/6016 5816/5816
f 5734/5734 6017/6017 6013/6013
f 5734/5734 5733/5733 6017/6017
f 6018/6018 5831/5831 5832/5832
f 6018/6018 6019/6019 5831/5831
f 5739/5739 6020/6020 6021/6021
f 5739/5739 5742/5742 6020/6020
f 6022/6022 5770/5770 5772/5772
f 6022/6022 6023/6023 5770/5770
f 5742/5742 6024/6024 6020/6020
f 5742/5742 5743/5743 6024/6024
f 6025/6025 6026/6026 6027/6027
f 6025/6025 6028/6028 6026/6026
f 6029/6029 6030/6030 6031/6031
f 6029/6029 6032/6032 6030/6030
f 6032/6032 6033/6033 6030/6030
f 6032/6032 6034/6034 6033/6033
f 6001/6001 5848/5848 5849/5849
f 6001/6001 6035/6035 5848/5848
f 6035/6035 5818/5818 5848/5848
f 6035/6035 6015/6015 5818/5818
f 5729/5729 5726/5726 6036/6036
f 5729/5729 6036/6036 6037/6037
f 5731/5731 5729/5729 6037/6037
f 5731/5731 6037/6037 6038/6038
f 6039/6039 6040/6040 6041/6041
f 6039/6039 6041/6041 6042/6042
f 6043/6043 6039/6039 6042/6042
f 5842/5842 6044/6044 6045/6045
f 5842/5842 5839/5839 6044/6044
f 5839/5839 6046/6046 6044/6044
f 5839/5839 5794/5794 6046/6046
f 6003/6003 5746/5746 5747/5747
f 6003/6003 6047/6047 5746/5746
f 6047/6047 5743/5743 5746/5746
f 6047/6047 6024/6024 5743/5743
f 5844/5844 5831/5831 6019/6019
f 5844/5844 6019/6019 6048/6048
f 5772/5772 5844/5844 6048/6048
f 5772/5772 6048/6048 6022/6022
f 6049/6049 6017/6017 5733/5733
f 6049/6049 5733/5733 5736/5736
f 6021/6021 6049/6049 5736/5736
f 6021/6021 5736/5736 5739/5739
f 6050/6050 6051/6051 6052/6052
f 6050/6050 6053/6053 6051/6051
f 6054/6054 6053/6053 6050/6050
f 6054/6054 6055/6055 6053/6053
f 6056/6056 6057/6057 6058/6058
f 6056/6056 6059/6059 6057/6057
f 6059/6059 6060/6060 6057/6057
f 6057/6057 6060/6060 6061/6061
f 6059/6059 6062/6062 6060/6060
f 6063/6063 6062/6062 6059/6059
f 6063/6063 6059/6059 6064/6064
f 6059/6059 6056/6056 6065/6065
f 6065/6065 6064/6064 6059/6059
f 6066/6066 6063/6063 6064/6064
f 6066/6066 6067/6067 6063/6063
f 6068/6068 6067/6067 6066/6066
f 6068/6068 6069/6069 6067/6067
f 6070/6070 6069/6069 6068/6068
f 6066/6066 6064/6064 6071/6071
f 6068/6068 6066/6066 6071/6071
f 6064/6064 6072/6072 6071/6071
f 6072/6072 6064/6064 6065/6065
f 6072/6072 6068/6068 6071/6071
f 6073/6073 6065/6065 6056/6056
f 6074/6074 6072/6072 6065/6065
f 6074/6074 6065/6065 6073/6073
f 6073/6073 6056/6056 6075/6075
f 6075/6075 6056/6056 6076/6076
f 6075/6075 6076/6076 6077/6077
f 6070/6070 6068/6068 6078/6078
f 6079/6079 6068/6068 6072/6072
f 6068/6068 6079/6079 6078/6078
f 6080/6080 6070/6070 6078/6078
f 6079/6079 6080/6080 6078/6078
f 6080/6080 6081/6081 6070/6070
f 6082/6082 6072/6072 6074/6074
f 6082/6082 6079/6079 6072/6072
f 6083/6083 6079/6079 6082/6082
f 6084/6084 6083/6083 6082/6082
f 6085/6085 6082/6082 6074/6074
f 6085/6085 6084/6084 6082/6082
f 6085/6085 6074/6074 6073/6073
f 6086/6086 6073/6073 6075/6075
f 6085/6085 6073/6073 6086/6086
f 6087/6087 6081/6081 6080/6080
f 6087/6087 6088/6088 6081/6081
f 6087/6087 6089/6089 6088/6088
f 6090/6090 6080/6080 6079/6079
f 6080/6080 6090/6090 6087/6087
f 6087/6087 6090/6090 6089/6089
f 6083/6083 6090/6090 6079/6079
f 6090/6090 6091/6091 6089/6089
f 6090/6090 6083/6083 6091/6091
f 6083/6083 6092/6092 6091/6091
f 6092/6092 6083/6083 6093/6093
f 6093/6093 6094/6094 6092/6092
f 6094/6094 6093/6093 6095/6095
f 6095/6095 6096/6096 6094/6094
f 6095/6095 6097/6097 6096/6096
f 6097/6097 6098/6098 6096/6096
f 6093/6093 6083/6083 6099/6099
f 6084/6084 6099/6099 6083/6083
f 6099/6099 6100/6100 6093/6093
f 6095/6095 6093/6093 6100/6100
f 6100/6100 6099/6099 6101/6101
f 6101/6101 6099/6099 6084/6084
f 6102/6102 6100/6100 6101/6101
f 6102/6102 6095/6095 6100/6100
f 6097/6097 6103/6103 6098/6098
f 6103/6103 6104/6104 6098/6098
f 6105/6105 6101/6101 6084/6084
f 6102/6102 6101/6101 6105/6105
f 6103/6103 6106/6106 6104/6104
f 6106/6106 6107/6107 6104/6104
f 6106/6106 6108/6108 6107/6107
f 6109/6109 6107/6107 6108/6108
f 6109/6109 6108/6108 6110/6110
f 6111/6111 6109/6109 6110/6110
f 6108/6108 6106/6106 6112/6112
f 6108/6108 6112/6112 6110/6110
f 6106/6106 6103/6103 6113/6113
f 6106/6106 6113/6113 6112/6112
f 6103/6103 6097/6097 6114/6114
f 6103/6103 6114/6114 6113/6113
f 6111/6111 6110/6110 6115/6115
f 6115/6115 6116/6116 6111/6111
f 6110/6110 6117/6117 6115/6115
f 6115/6115 6117/6117 6116/6116
f 6110/6110 6112/6112 6117/6117
f 6117/6117 6118/6118 6116/6116
f 6117/6117 6119/6119 6118/6118
f 6112/6112 6119/6119 6117/6117
f 6112/6112 6113/6113 6119/6119
f 6113/6113 6120/6120 6119/6119
f 6113/6113 6114/6114 6120/6120
f 6114/6114 6121/6121 6120/6120
f 6119/6119 6120/6120 6122/6122
f 6097/6097 6123/6123 6114/6114
f 6121/6121 6114/6114 6123/6123
f 6097/6097 6095/6095 6123/6123
f 6120/6120 6124/6124 6122/6122
f 6122/6122 6124/6124 6125/6125
f 6124/6124 6126/6126 6125/6125
f 6120/6120 6121/6121 6127/6127
f 6124/6124 6120/6120 6127/6127
f 6124/6124 6128/6128 6126/6126
f 6128/6128 6077/6077 6126/6126
f 6127/6127 6129/6129 6124/6124
f 6129/6129 6128/6128 6124/6124
f 6130/6130 6077/6077 6128/6128
f 6077/6077 6130/6130 6075/6075
f 6086/6086 6075/6075 6130/6130
f 6131/6131 6130/6130 6128/6128
f 6128/6128 6129/6129 6131/6131
f 6127/6127 6132/6132 6129/6129
f 6132/6132 6127/6127 6121/6121
f 6130/6130 6133/6133 6086/6086
f 6133/6133 6130/6130 6131/6131
f 6134/6134 6129/6129 6132/6132
f 6134/6134 6131/6131 6129/6129
f 6133/6133 6135/6135 6086/6086
f 6135/6135 6085/6085 6086/6086
f 6131/6131 6136/6136 6133/6133
f 6133/6133 6136/6136 6135/6135
f 6135/6135 6137/6137 6085/6085
f 6137/6137 6084/6084 6085/6085
f 6138/6138 6132/6132 6121/6121
f 6134/6134 6132/6132 6138/6138
f 6134/6134 6139/6139 6131/6131
f 6131/6131 6139/6139 6136/6136
f 6140/6140 6135/6135 6136/6136
f 6137/6137 6135/6135 6140/6140
f 6140/6140 6136/6136 6141/6141
f 6141/6141 6136/6136 6139/6139
f 6141/6141 6139/6139 6142/6142
f 6143/6143 6142/6142 6139/6139
f 6143/6143 6139/6139 6134/6134
f 6138/6138 6143/6143 6134/6134
f 6138/6138 6144/6144 6143/6143
f 6137/6137 6140/6140 6145/6145
f 6137/6137 6146/6146 6084/6084
f 6146/6146 6137/6137 6145/6145
f 6105/6105 6084/6084 6146/6146
f 6147/6147 6144/6144 6138/6138
f 6147/6147 6148/6148 6144/6144
f 6138/6138 6121/6121 6147/6147
f 6149/6149 6148/6148 6147/6147
f 6150/6150 6147/6147 6121/6121
f 6149/6149 6147/6147 6150/6150
f 6150/6150 6121/6121 6123/6123
f 6151/6151 6149/6149 6150/6150
f 6152/6152 6150/6150 6123/6123
f 6151/6151 6150/6150 6152/6152
f 6152/6152 6123/6123 6095/6095
f 6151/6151 6152/6152 6153/6153
f 6095/6095 6153/6153 6152/6152
f 6151/6151 6153/6153 6154/6154
f 6095/6095 6155/6155 6153/6153
f 6154/6154 6153/6153 6155/6155
f 6102/6102 6155/6155 6095/6095
f 6154/6154 6155/6155 6156/6156
f 6157/6157 6154/6154 6156/6156
f 6158/6158 6155/6155 6102/6102
f 6158/6158 6156/6156 6155/6155
f 6105/6105 6158/6158 6102/6102
f 6159/6159 6156/6156 6158/6158
f 6105/6105 6160/6160 6158/6158
f 6160/6160 6159/6159 6158/6158
f 6146/6146 6160/6160 6105/6105
f 6160/6160 6161/6161 6159/6159
f 6146/6146 6162/6162 6160/6160
f 6146/6146 6145/6145 6162/6162
f 6162/6162 6145/6145 6163/6163
f 6164/6164 6159/6159 6161/6161
f 6164/6164 6161/6161 6165/6165
f 6164/6164 6165/6165 6166/6166
f 6167/6167 6168/6168 6169/6169
f 6167/6167 6170/6170 6168/6168
f 6171/6171 6170/6170 6167/6167
f 6171/6171 6172/6172 6170/6170
f 6173/6173 6174/6174 6175/6175
f 6173/6173 6176/6176 6174/6174
f 6176/6176 6173/6173 6177/6177
f 6174/6174 6176/6176 6178/6178
f 6174/6174 6178/6178 6179/6179
f 6180/6180 6178/6178 6176/6176
f 6176/6176 6177/6177 6181/6181
f 6180/6180 6176/6176 6181/6181
f 6182/6182 6181/6181 6177/6177
f 6181/6181 6183/6183 6180/6180
f 6182/6182 6184/6184 6181/6181
f 6181/6181 6184/6184 6183/6183
f 6185/6185 6186/6186 6187/6187
f 6185/6185 6187/6187 6188/6188
f 6189/6189 6185/6185 6188/6188
f 6188/6188 6187/6187 6190/6190
f 6189/6189 6188/6188 6191/6191
f 6192/6192 6189/6189 6191/6191
f 6188/6188 6190/6190 6193/6193
f 6191/6191 6188/6188 6193/6193
f 6193/6193 6190/6190 6194/6194
f 6191/6191 6193/6193 6195/6195
f 6192/6192 6191/6191 6196/6196
f 6196/6196 6191/6191 6195/6195
f 6197/6197 6192/6192 6196/6196
f 6196/6196 6195/6195 6198/6198
f 6197/6197 6196/6196 6199/6199
f 6199/6199 6196/6196 6198/6198
f 6200/6200 6197/6197 6199/6199
f 6199/6199 6198/6198 6201/6201
f 6200/6200 6199/6199 6202/6202
f 6202/6202 6199/6199 6201/6201
f 6203/6203 6200/6200 6202/6202
f 6202/6202 6201/6201 6204/6204
f 6203/6203 6202/6202 6205/6205
f 6205/6205 6202/6202 6204/6204
f 6206/6206 6203/6203 6205/6205
f 6205/6205 6204/6204 6207/6207
f 6206/6206 6205/6205 6208/6208
f 6208/6208 6205/6205 6207/6207
f 6209/6209 6206/6206 6208/6208
f 6208/6208 6207/6207 6210/6210
f 6209/6209 6208/6208 6211/6211
f 6211/6211 6208/6208 6210/6210
f 6209/6209 6211/6211 6212/6212
f 6209/6209 6212/6212 6213/6213
f 6211/6211 6214/6214 6212/6212
f 6211/6211 6210/6210 6215/6215
f 6211/6211 6215/6215 6214/6214
f 6215/6215 6216/6216 6214/6214
f 6215/6215 6210/6210 6217/6217
f 6215/6215 6218/6218 6216/6216
f 6215/6215 6217/6217 6218/6218
f 6218/6218 6217/6217 6219/6219
f 6220/6220 6221/6221 6222/6222
f 6220/6220 6223/6223 6221/6221
f 6223/6223 6220/6220 6224/6224
f 6223/6223 6224/6224 6225/6225
f 6226/6226 6225/6225 6224/6224
f 6226/6226 6227/6227 6225/6225
f 6228/6228 6229/6229 6230/6230
f 6228/6228 6231/6231 6229/6229
f 6232/6232 6229/6229 6231/6231
f 6233/6233 6234/6234 6235/6235
f 6233/6233 6236/6236 6234/6234
f 6236/6236 6233/6233 6237/6237
f 6236/6236 6237/6237 6238/6238
f 6239/6239 6238/6238 6237/6237
f 6239/6239 6240/6240 6238/6238
f 6241/6241 6242/6242 6243/6243
f 6244/6244 6243/6243 6242/6242
f 6244/6244 6242/6242 6245/6245
f 6246/6246 6244/6244 6245/6245
f 6246/6246 6245/6245 6247/6247
f 6248/6248 6246/6246 6247/6247
f 6248/6248 6247/6247 6249/6249
f 6250/6250 6248/6248 6249/6249
f 6250/6250 6249/6249 6251/6251
f 6252/6252 6250/6250 6251/6251
f 6252/6252 6251/6251 6253/6253
f 6254/6254 6252/6252 6253/6253
f 6254/6254 6253/6253 6255/6255
f 6256/6256 6254/6254 6255/6255
f 6256/6256 6255/6255 6257/6257
f 6258/6258 6256/6256 6257/6257
f 6258/6258 6257/6257 6259/6259
f 6260/6260 6258/6258 6259/6259
f 6260/6260 6259/6259 6261/6261
f 6260/6260 6261/6261 6262/6262
f 6260/6260 6262/6262 6263/6263
f 6264/6264 6265/6265 6266/6266
f 6264/6264 6267/6267 6265/6265
f 6264/6264 6268/6268 6267/6267
f 6268/6268 6269/6269 6267/6267
f 6268/6268 6270/6270 6269/6269
f 6271/6271 6272/6272 6273/6273
f 6274/6274 6273/6273 6272/6272
f 6274/6274 6275/6275 6273/6273
f 6276/6276 6275/6275 6274/6274
f 6276/6276 6274/6274 6277/6277
f 6278/6278 6276/6276 6277/6277
f 6278/6278 6277/6277 6279/6279
f 6280/6280 6278/6278 6279/6279
f 6280/6280 6279/6279 6281/6281
f 6282/6282 6280/6280 6281/6281
f 6282/6282 6281/6281 6283/6283
f 6284/6284 6282/6282 6283/6283
f 6284/6284 6283/6283 6285/6285
f 6286/6286 6284/6284 6285/6285
f 6286/6286 6285/6285 6287/6287
f 6288/6288 6286/6286 6287/6287
f 6288/6288 6287/6287 6289/6289
f 6290/6290 6288/6288 6289/6289
f 6290/6290 6289/6289 6291/6291
f 6290/6290 6291/6291 6292/6292
f 6290/6290 6292/6292 6293/6293
f 6294/6294 6295/6295 6296/6296
f 6294/6294 6297/6297 6295/6295
f 6298/6298 6299/6299 6295/6295
f 6298/6298 6295/6295 6300/6300
f 6298/6298 6301/6301 6299/6299
f 6300/6300 6302/6302 6298/6298
f 6300/6300 6303/6303 6302/6302
f 6298/6298 6304/6304 6301/6301
f 6304/6304 6298/6298 6302/6302
f 6303/6303 6305/6305 6302/6302
f 6303/6303 6306/6306 6305/6305
f 6307/6307 6302/6302 6305/6305
f 6304/6304 6302/6302 6307/6307
f 6307/6307 6305/6305 6308/6308
f 6309/6309 6307/6307 6308/6308
f 6309/6309 6310/6310 6307/6307
f 6310/6310 6304/6304 6307/6307
f 6310/6310 6311/6311 6304/6304
f 6311/6311 6301/6301 6304/6304
f 6311/6311 6312/6312 6301/6301
f 6313/6313 6314/6314 6315/6315
f 6313/6313 6316/6316 6314/6314
f 6317/6317 6316/6316 6313/6313
f 6317/6317 6313/6313 6318/6318
f 6319/6319 6320/6320 6321/6321
f 6319/6319 6322/6322 6320/6320
f 6323/6323 6324/6324 6325/6325
f 6323/6323 6326/6326 6324/6324
f 6327/6327 6324/6324 6326/6326
f 6327/6327 6328/6328 6324/6324
f 6329/6329 6328/6328 6327/6327
f 6329/6329 6327/6327 6330/6330
f 6331/6331 6329/6329 6330/6330
f 6331/6331 6330/6330 6332/6332
f 6333/6333 6331/6331 6332/6332
f 6333/6333 6332/6332 6334/6334
f 6335/6335 6333/6333 6334/6334
f 6335/6335 6334/6334 6336/6336
f 6337/6337 6335/6335 6336/6336
f 6337/6337 6336/6336 6338/6338
f 6339/6339 6337/6337 6338/6338
f 6339/6339 6338/6338 6340/6340
f 6341/6341 6339/6339 6340/6340
f 6341/6341 6340/6340 6342/6342
f 6343/6343 6341/6341 6342/6342
f 6343/6343 6342/6342 6344/6344
f 6343/6343 6344/6344 6345/6345
f 6343/6343 6345/6345 6346/6346
f 6347/6347 6348/6348 6349/6349
f 6347/6347 6349/6349 6350/6350
f 6351/6351 6347/6347 6350/6350
f 6351/6351 6350/6350 6352/6352
f 6353/6353 6351/6351 6352/6352
f 6353/6353 6354/6354 6351/6351
f 6355/6355 6356/6356 6357/6357
f 6355/6355 6358/6358 6356/6356
f 6355/6355 6359/6359 6358/6358
f 6355/6355 6360/6360 6359/6359
f 6359/6359 6360/6360 6361/6361
f 6359/6359 6361/6361 6362/6362
f 6363/6363 6364/6364 6365/6365
f 6363/6363 6365/6365 6366/6366
f 6367/6367 6366/6366 6365/6365
f 6366/6366 6368/6368 6363/6363
f 6367/6367 6365/6365 6369/6369
f 6366/6366 6370/6370 6368/6368
f 6367/6367 6370/6370 6366/6366
f 6370/6370 6371/6371 6368/6368
f 6369/6369 6372/6372 6367/6367
f 6369/6369 6373/6373 6372/6372
f 6374/6374 6367/6367 6372/6372
f 6370/6370 6375/6375 6371/6371
f 6375/6375 6376/6376 6371/6371
f 6374/6374 6377/6377 6367/6367
f 6377/6377 6374/6374 6378/6378
f 6377/6377 6378/6378 6379/6379
f 6367/6367 6380/6380 6370/6370
f 6377/6377 6380/6380 6367/6367
f 6380/6380 6375/6375 6370/6370
f 6379/6379 6381/6381 6377/6377
f 6377/6377 6381/6381 6380/6380
f 6379/6379 6382/6382 6381/6381
f 6375/6375 6383/6383 6376/6376
f 6383/6383 6384/6384 6376/6376
f 6380/6380 6385/6385 6375/6375
f 6381/6381 6385/6385 6380/6380
f 6385/6385 6383/6383 6375/6375
f 6382/6382 6386/6386 6381/6381
f 6381/6381 6386/6386 6385/6385
f 6382/6382 6387/6387 6386/6386
f 6383/6383 6388/6388 6384/6384
f 6388/6388 6389/6389 6384/6384
f 6385/6385 6390/6390 6383/6383
f 6386/6386 6390/6390 6385/6385
f 6390/6390 6388/6388 6383/6383
f 6387/6387 6391/6391 6386/6386
f 6386/6386 6391/6391 6390/6390
f 6387/6387 6392/6392 6391/6391
f 6390/6390 6393/6393 6388/6388
f 6391/6391 6393/6393 6390/6390
f 6393/6393 6394/6394 6388/6388
f 6392/6392 6395/6395 6391/6391
f 6391/6391 6395/6395 6393/6393
f 6392/6392 6396/6396 6395/6395
f 6393/6393 6397/6397 6394/6394
f 6395/6395 6397/6397 6393/6393
f 6397/6397 6398/6398 6394/6394
f 6396/6396 6399/6399 6395/6395
f 6395/6395 6399/6399 6397/6397
f 6396/6396 6400/6400 6399/6399
f 6397/6397 6401/6401 6398/6398
f 6399/6399 6401/6401 6397/6397
f 6401/6401 6402/6402 6398/6398
f 6400/6400 6403/6403 6399/6399
f 6399/6399 6403/6403 6401/6401
f 6400/6400 6404/6404 6403/6403
f 6401/6401 6405/6405 6402/6402
f 6403/6403 6405/6405 6401/6401
f 6405/6405 6406/6406 6402/6402
f 6404/6404 6407/6407 6403/6403
f 6403/6403 6407/6407 6405/6405
f 6404/6404 6408/6408 6407/6407
f 6405/6405 6409/6409 6406/6406
f 6407/6407 6409/6409 6405/6405
f 6408/6408 6410/6410 6407/6407
f 6407/6407 6410/6410 6409/6409
f 6408/6408 6411/6411 6410/6410
f 6412/6412 6410/6410 6411/6411
f 6412/6412 6413/6413 6410/6410
f 6409/6409 6410/6410 6413/6413
f 6409/6409 6413/6413 6414/6414
f 6414/6414 6406/6406 6409/6409
f 6414/6414 6415/6415 6406/6406
f 6416/6416 6417/6417 6418/6418
f 6416/6416 6419/6419 6417/6417
f 6416/6416 6420/6420 6419/6419
f 6416/6416 6421/6421 6420/6420
f 6422/6422 6423/6423 6424/6424
f 6422/6422 6424/6424 6425/6425
f 6426/6426 6422/6422 6425/6425
f 6424/6424 6427/6427 6425/6425
f 6424/6424 6428/6428 6427/6427
f 6426/6426 6425/6425 6429/6429
f 6429/6429 6430/6430 6426/6426
f 6429/6429 6431/6431 6430/6430
f 6432/6432 6431/6431 6429/6429
f 6425/6425 6433/6433 6429/6429
f 6432/6432 6429/6429 6433/6433
f 6425/6425 6427/6427 6433/6433
f 6434/6434 6432/6432 6433/6433
f 6434/6434 6433/6433 6435/6435
f 6427/6427 6435/6435 6433/6433
f 6436/6436 6434/6434 6435/6435
f 6428/6428 6437/6437 6427/6427
f 6427/6427 6437/6437 6435/6435
f 6428/6428 6438/6438 6437/6437
f 6436/6436 6435/6435 6439/6439
f 6437/6437 6439/6439 6435/6435
f 6440/6440 6436/6436 6439/6439
f 6438/6438 6441/6441 6437/6437
f 6437/6437 6441/6441 6439/6439
f 6438/6438 6442/6442 6441/6441
f 6440/6440 6439/6439 6443/6443
f 6441/6441 6443/6443 6439/6439
f 6444/6444 6440/6440 6443/6443
f 6442/6442 6445/6445 6441/6441
f 6441/6441 6445/6445 6443/6443
f 6442/6442 6446/6446 6445/6445
f 6444/6444 6443/6443 6447/6447
f 6445/6445 6447/6447 6443/6443
f 6448/6448 6444/6444 6447/6447
f 6446/6446 6449/6449 6445/6445
f 6445/6445 6449/6449 6447/6447
f 6446/6446 6450/6450 6449/6449
f 6448/6448 6447/6447 6451/6451
f 6449/6449 6451/6451 6447/6447
f 6452/6452 6448/6448 6451/6451
f 6450/6450 6453/6453 6449/6449
f 6449/6449 6453/6453 6451/6451
f 6450/6450 6454/6454 6453/6453
f 6452/6452 6451/6451 6455/6455
f 6453/6453 6455/6455 6451/6451
f 6456/6456 6452/6452 6455/6455
f 6454/6454 6457/6457 6453/6453
f 6453/6453 6457/6457 6455/6455
f 6454/6454 6458/6458 6457/6457
f 6456/6456 6455/6455 6459/6459
f 6457/6457 6459/6459 6455/6455
f 6458/6458 6460/6460 6457/6457
f 6457/6457 6460/6460 6459/6459
f 6458/6458 6461/6461 6460/6460
f 6462/6462 6460/6460 6461/6461
f 6462/6462 6463/6463 6460/6460
f 6459/6459 6460/6460 6463/6463
f 6459/6459 6463/6463 6464/6464
f 6456/6456 6459/6459 6464/6464
f 6456/6456 6464/6464 6465/6465
f 6466/6466 6467/6467 6468/6468
f 6466/6466 6469/6469 6467/6467
f 6470/6470 6471/6471 6472/6472
f 6470/6470 6472/6472 6473/6473
f 6472/6472 6474/6474 6473/6473
f 6472/6472 6475/6475 6474/6474
f 6475/6475 6476/6476 6474/6474
f 6475/6475 6477/6477 6476/6476
f 6477/6477 6478/6478 6476/6476
f 6477/6477 6479/6479 6478/6478
f 6479/6479 6480/6480 6478/6478
f 6479/6479 6481/6481 6480/6480
f 6481/6481 6482/6482 6480/6480
f 6481/6481 6483/6483 6482/6482
f 6483/6483 6484/6484 6482/6482
f 6483/6483 6485/6485 6484/6484
f 6485/6485 6486/6486 6484/6484
f 6485/6485 6487/6487 6486/6486
f 6487/6487 6488/6488 6486/6486
f 6488/6488 6487/6487 6489/6489
f 6489/6489 6487/6487 6490/6490
f 6490/6490 6487/6487 6491/6491
f 6492/6492 6493/6493 6494/6494
f 6495/6495 6493/6493 6492/6492
f 6496/6496 6493/6493 6495/6495
f 6493/6493 6496/6496 6497/6497
f 6498/6498 6493/6493 6497/6497
f 6498/6498 6497/6497 6499/6499
f 6500/6500 6498/6498 6499/6499
f 6500/6500 6499/6499 6501/6501
f 6502/6502 6500/6500 6501/6501
f 6502/6502 6501/6501 6503/6503
f 6504/6504 6502/6502 6503/6503
f 6504/6504 6503/6503 6505/6505
f 6506/6506 6504/6504 6505/6505
f 6506/6506 6505/6505 6507/6507
f 6508/6508 6506/6506 6507/6507
f 6508/6508 6507/6507 6509/6509
f 6510/6510 6508/6508 6509/6509
f 6510/6510 6509/6509 6511/6511
f 6512/6512 6510/6510 6511/6511
f 6512/6512 6513/6513 6510/6510
f 6514/6514 6515/6515 6516/6516
f 6514/6514 6517/6517 6515/6515
f 6518/6518 6519/6519 6520/6520
f 6518/6518 6521/6521 6519/6519
f 6522/6522 6523/6523 6524/6524
f 6523/6523 6525/6525 6524/6524
f 6523/6523 6526/6526 6525/6525
f 6526/6526 6527/6527 6525/6525
f 6526/6526 6528/6528 6527/6527
f 6528/6528 6529/6529 6527/6527
f 6528/6528 6530/6530 6529/6529
f 6531/6531 6529/6529 6530/6530
f 6531/6531 6532/6532 6529/6529
f 6533/6533 6534/6534 6535/6535
f 6533/6533 6536/6536 6534/6534
f 6536/6536 6533/6533 6537/6537
f 6536/6536 6537/6537 6538/6538
f 6539/6539 6538/6538 6537/6537
f 6539/6539 6540/6540 6538/6538
f 6538/6538 6540/6540 6541/6541
f 6538/6538 6541/6541 6542/6542
f 6543/6543 6534/6534 6536/6536
f 6544/6544 6534/6534 6543/6543
f 6545/6545 6544/6544 6543/6543
f 6546/6546 6536/6536 6538/6538
f 6543/6543 6536/6536 6546/6546
f 6547/6547 6538/6538 6542/6542
f 6546/6546 6538/6538 6547/6547
f 6547/6547 6542/6542 6548/6548
f 6545/6545 6543/6543 6549/6549
f 6549/6549 6543/6543 6546/6546
f 6550/6550 6545/6545 6549/6549
f 6551/6551 6546/6546 6547/6547
f 6549/6549 6546/6546 6551/6551
f 6552/6552 6547/6547 6548/6548
f 6551/6551 6547/6547 6552/6552
f 6552/6552 6548/6548 6553/6553
f 6550/6550 6549/6549 6554/6554
f 6554/6554 6549/6549 6551/6551
f 6555/6555 6550/6550 6554/6554
f 6556/6556 6551/6551 6552/6552
f 6554/6554 6551/6551 6556/6556
f 6557/6557 6552/6552 6553/6553
f 6556/6556 6552/6552 6557/6557
f 6557/6557 6553/6553 6558/6558
f 6555/6555 6554/6554 6559/6559
f 6559/6559 6554/6554 6556/6556
f 6560/6560 6555/6555 6559/6559
f 6561/6561 6556/6556 6557/6557
f 6559/6559 6556/6556 6561/6561
f 6562/6562 6557/6557 6558/6558
f 6561/6561 6557/6557 6562/6562
f 6562/6562 6558/6558 6563/6563
f 6560/6560 6559/6559 6564/6564
f 6564/6564 6559/6559 6561/6561
f 6565/6565 6560/6560 6564/6564
f 6566/6566 6561/6561 6562/6562
f 6564/6564 6561/6561 6566/6566
f 6567/6567 6562/6562 6563/6563
f 6566/6566 6562/6562 6567/6567
f 6567/6567 6563/6563 6568/6568
f 6565/6565 6564/6564 6569/6569
f 6569/6569 6564/6564 6566/6566
f 6570/6570 6565/6565 6569/6569
f 6570/6570 6569/6569 6571/6571
f 6569/6569 6566/6566 6572/6572
f 6571/6571 6569/6569 6572/6572
f 6572/6572 6566/6566 6567/6567
f 6571/6571 6572/6572 6573/6573
f 6574/6574 6567/6567 6568/6568
f 6572/6572 6567/6567 6574/6574
f 6573/6573 6572/6572 6574/6574
f 6574/6574 6568/6568 6575/6575
f 6576/6576 6574/6574 6575/6575
f 6573/6573 6574/6574 6576/6576
f 6576/6576 6575/6575 6577/6577
f 6578/6578 6573/6573 6576/6576
f 6579/6579 6573/6573 6578/6578
f 6580/6580 6576/6576 6577/6577
f 6578/6578 6576/6576 6580/6580
f 6580/6580 6577/6577 6581/6581
f 6580/6580 6581/6581 6582/6582
f 6580/6580 6582/6582 6583/6583
f 6578/6578 6580/6580 6583/6583
f 6578/6578 6583/6583 6584/6584
f 6579/6579 6578/6578 6584/6584
f 6579/6579 6584/6584 6585/6585
f 6586/6586 6587/6587 6588/6588
f 6586/6586 6589/6589 6587/6587
f 6590/6590 6589/6589 6586/6586
f 6589/6589 6591/6591 6587/6587
f 6590/6590 6592/6592 6589/6589
f 6593/6593 6592/6592 6590/6590
f 6593/6593 6594/6594 6592/6592
f 6589/6589 6595/6595 6591/6591
f 6592/6592 6595/6595 6589/6589
f 6595/6595 6596/6596 6591/6591
f 6594/6594 6597/6597 6592/6592
f 6592/6592 6597/6597 6595/6595
f 6594/6594 6598/6598 6597/6597
f 6595/6595 6599/6599 6596/6596
f 6597/6597 6599/6599 6595/6595
f 6599/6599 6600/6600 6596/6596
f 6598/6598 6601/6601 6597/6597
f 6597/6597 6601/6601 6599/6599
f 6598/6598 6602/6602 6601/6601
f 6599/6599 6603/6603 6600/6600
f 6601/6601 6603/6603 6599/6599
f 6603/6603 6604/6604 6600/6600
f 6602/6602 6605/6605 6601/6601
f 6601/6601 6605/6605 6603/6603
f 6602/6602 6606/6606 6605/6605
f 6603/6603 6607/6607 6604/6604
f 6605/6605 6607/6607 6603/6603
f 6607/6607 6608/6608 6604/6604
f 6606/6606 6609/6609 6605/6605
f 6605/6605 6609/6609 6607/6607
f 6606/6606 6610/6610 6609/6609
f 6607/6607 6611/6611 6608/6608
f 6609/6609 6611/6611 6607/6607
f 6611/6611 6612/6612 6608/6608
f 6610/6610 6613/6613 6609/6609
f 6609/6609 6613/6613 6611/6611
f 6610/6610 6614/6614 6613/6613
f 6611/6611 6615/6615 6612/6612
f 6613/6613 6615/6615 6611/6611
f 6615/6615 6616/6616 6612/6612
f 6614/6614 6617/6617 6613/6613
f 6613/6613 6617/6617 6615/6615
f 6614/6614 6618/6618 6617/6617
f 6615/6615 6619/6619 6616/6616
f 6617/6617 6619/6619 6615/6615
f 6618/6618 6620/6620 6617/6617
f 6617/6617 6620/6620 6619/6619
f 6618/6618 6621/6621 6620/6620
f 6622/6622 6620/6620 6621/6621
f 6622/6622 6623/6623 6620/6620
f 6619/6619 6620/6620 6623/6623
f 6619/6619 6623/6623 6624/6624
f 6624/6624 6616/6616 6619/6619
f 6624/6624 6625/6625 6616/6616
f 6626/6626 6627/6627 6628/6628
f 6626/6626 6628/6628 6629/6629
f 6630/6630 6626/6626 6629/6629
f 6630/6630 6631/6631 6626/6626
f 6632/6632 6630/6630 6629/6629
f 6633/6633 6629/6629 6628/6628
f 6633/6633 6628/6628 6634/6634
f 6633/6633 6634/6634 6635/6635
f 6632/6632 6629/6629 6636/6636
f 6633/6633 6636/6636 6629/6629
f 6637/6637 6632/6632 6636/6636
f 6637/6637 6636/6636 6638/6638
f 6636/6636 6639/6639 6638/6638
f 6636/6636 6633/6633 6639/6639
f 6639/6639 6633/6633 6635/6635
f 6639/6639 6635/6635 6640/6640
f 6641/6641 6642/6642 6643/6643
f 6641/6641 6644/6644 6642/6642
f 6644/6644 6645/6645 6642/6642
f 6644/6644 6646/6646 6645/6645
f 6644/6644 6647/6647 6646/6646
f 6641/6641 6648/6648 6644/6644
f 6644/6644 6648/6648 6647/6647
f 6647/6647 6648/6648 6649/6649
f 6647/6647 6649/6649 6650/6650
f 6651/6651 6649/6649 6648/6648
f 6641/6641 6652/6652 6648/6648
f 6651/6651 6648/6648 6652/6652
f 6652/6652 6641/6641 6653/6653
f 6654/6654 6651/6651 6652/6652
f 6652/6652 6653/6653 6655/6655
f 6654/6654 6652/6652 6655/6655
f 6656/6656 6657/6657 6658/6658
f 6656/6656 6659/6659 6657/6657
f 6660/6660 6661/6661 6662/6662
f 6660/6660 6662/6662 6663/6663
f 6664/6664 6663/6663 6662/6662
f 6664/6664 6662/6662 6665/6665
f 6665/6665 6666/6666 6664/6664
f 6665/6665 6667/6667 6666/6666
f 6668/6668 6667/6667 6665/6665
f 6668/6668 6665/6665 6669/6669
f 6670/6670 6668/6668 6669/6669
f 6670/6670 6671/6671 6668/6668
f 6672/6672 6673/6673 6674/6674
f 6672/6672 6674/6674 6675/6675
f 6676/6676 6672/6672 6675/6675
f 6674/6674 6677/6677 6675/6675
f 6674/6674 6678/6678 6677/6677
f 6677/6677 6678/6678 6679/6679
f 6677/6677 6679/6679 6680/6680
f 6681/6681 6677/6677 6680/6680
f 6681/6681 6675/6675 6677/6677
f 6681/6681 6680/6680 6682/6682
f 6681/6681 6682/6682 6683/6683
f 6681/6681 6683/6683 6684/6684
f 6676/6676 6675/6675 6685/6685
f 6681/6681 6685/6685 6675/6675
f 6685/6685 6681/6681 6684/6684
f 6686/6686 6676/6676 6685/6685
f 6685/6685 6684/6684 6687/6687
f 6686/6686 6685/6685 6687/6687
f 6688/6688 6689/6689 6690/6690
f 6688/6688 6691/6691 6689/6689
f 6692/6692 6689/6689 6691/6691
f 6693/6693 6691/6691 6688/6688
f 6693/6693 6688/6688 6694/6694
f 6693/6693 6694/6694 6695/6695
f 6693/6693 6695/6695 6696/6696
f 6696/6696 6697/6697 6693/6693
f 6691/6691 6693/6693 6697/6697
f 6696/6696 6698/6698 6697/6697
f 6697/6697 6698/6698 6699/6699
f 6697/6697 6699/6699 6700/6700
f 6692/6692 6691/6691 6701/6701
f 6691/6691 6697/6697 6701/6701
f 6700/6700 6701/6701 6697/6697
f 6701/6701 6702/6702 6692/6692
f 6700/6700 6703/6703 6701/6701
f 6701/6701 6703/6703 6702/6702
f 6704/6704 6705/6705 6706/6706
f 6704/6704 6707/6707 6705/6705
f 6707/6707 6708/6708 6705/6705
f 6709/6709 6707/6707 6704/6704
f 6709/6709 6704/6704 6710/6710
f 6707/6707 6711/6711 6708/6708
f 6711/6711 6712/6712 6708/6708
f 6711/6711 6713/6713 6712/6712
f 6711/6711 6714/6714 6713/6713
f 6715/6715 6711/6711 6707/6707
f 6711/6711 6715/6715 6714/6714
f 6715/6715 6707/6707 6709/6709
f 6715/6715 6716/6716 6714/6714
f 6715/6715 6717/6717 6716/6716
f 6717/6717 6715/6715 6709/6709
f 6717/6717 6718/6718 6716/6716
f 6719/6719 6709/6709 6710/6710
f 6717/6717 6709/6709 6719/6719
f 6719/6719 6710/6710 6720/6720
f 6717/6717 6721/6721 6718/6718
f 6721/6721 6717/6717 6719/6719
f 6721/6721 6722/6722 6718/6718
f 6723/6723 6719/6719 6720/6720
f 6721/6721 6719/6719 6723/6723
f 6723/6723 6720/6720 6724/6724
f 6721/6721 6725/6725 6722/6722
f 6725/6725 6721/6721 6723/6723
f 6725/6725 6726/6726 6722/6722
f 6727/6727 6723/6723 6724/6724
f 6725/6725 6723/6723 6727/6727
f 6727/6727 6724/6724 6728/6728
f 6725/6725 6729/6729 6726/6726
f 6729/6729 6725/6725 6727/6727
f 6729/6729 6730/6730 6726/6726
f 6731/6731 6727/6727 6728/6728
f 6729/6729 6727/6727 6731/6731
f 6731/6731 6728/6728 6732/6732
f 6729/6729 6733/6733 6730/6730
f 6733/6733 6729/6729 6731/6731
f 6733/6733 6734/6734 6730/6730
f 6735/6735 6731/6731 6732/6732
f 6733/6733 6731/6731 6735/6735
f 6735/6735 6732/6732 6736/6736
f 6733/6733 6737/6737 6734/6734
f 6737/6737 6733/6733 6735/6735
f 6737/6737 6738/6738 6734/6734
f 6739/6739 6735/6735 6736/6736
f 6737/6737 6735/6735 6739/6739
f 6739/6739 6736/6736 6740/6740
f 6737/6737 6741/6741 6738/6738
f 6741/6741 6737/6737 6739/6739
f 6741/6741 6742/6742 6738/6738
f 6743/6743 6739/6739 6740/6740
f 6741/6741 6739/6739 6743/6743
f 6743/6743 6740/6740 6744/6744
f 6745/6745 6743/6743 6744/6744
f 6745/6745 6746/6746 6743/6743
f 6746/6746 6741/6741 6743/6743
f 6747/6747 6746/6746 6745/6745
f 6747/6747 6748/6748 6746/6746
f 6741/6741 6749/6749 6742/6742
f 6746/6746 6749/6749 6741/6741
f 6748/6748 6749/6749 6746/6746
f 6750/6750 6742/6742 6749/6749
f 6748/6748 6750/6750 6749/6749
f 6751/6751 6752/6752 6753/6753
f 6751/6751 6754/6754 6752/6752
f 6755/6755 6754/6754 6751/6751
f 6755/6755 6751/6751 6756/6756
f 6756/6756 6757/6757 6755/6755
f 6756/6756 6758/6758 6757/6757
f 6756/6756 6759/6759 6758/6758
f 6751/6751 6760/6760 6756/6756
f 6756/6756 6760/6760 6759/6759
f 6751/6751 6761/6761 6760/6760
f 6760/6760 6762/6762 6759/6759
f 6761/6761 6763/6763 6760/6760
f 6760/6760 6763/6763 6762/6762
f 6761/6761 6764/6764 6763/6763
f 6762/6762 6763/6763 6765/6765
f 6762/6762 6765/6765 6766/6766
f 6767/6767 6765/6765 6763/6763
f 6767/6767 6763/6763 6764/6764
f 6764/6764 6768/6768 6767/6767
f 6764/6764 6769/6769 6768/6768
f 6770/6770 6771/6771 6772/6772
f 6770/6770 6773/6773 6771/6771
f 6770/6770 6774/6774 6773/6773
f 6770/6770 6775/6775 6774/6774
f 6776/6776 6771/6771 6773/6773
f 6776/6776 6777/6777 6771/6771
f 6776/6776 6778/6778 6777/6777
f 6775/6775 6779/6779 6774/6774
f 6775/6775 6780/6780 6779/6779
f 6773/6773 6774/6774 6781/6781
f 6781/6781 6774/6774 6779/6779
f 6773/6773 6781/6781 6776/6776
f 6781/6781 6779/6779 6782/6782
f 6776/6776 6781/6781 6783/6783
f 6776/6776 6784/6784 6778/6778
f 6776/6776 6783/6783 6784/6784
f 6785/6785 6778/6778 6784/6784
f 6785/6785 6784/6784 6786/6786
f 6784/6784 6787/6787 6786/6786
f 6784/6784 6783/6783 6787/6787
f 6788/6788 6787/6787 6783/6783
f 6788/6788 6789/6789 6787/6787
f 6790/6790 6791/6791 6792/6792
f 6792/6792 6793/6793 6790/6790
f 6792/6792 6794/6794 6793/6793
f 6794/6794 6795/6795 6793/6793
f 6794/6794 6796/6796 6795/6795
f 6797/6797 6793/6793 6795/6795
f 6797/6797 6795/6795 6798/6798
f 6797/6797 6798/6798 6799/6799
f 6800/6800 6790/6790 6793/6793
f 6800/6800 6793/6793 6797/6797
f 6797/6797 6799/6799 6801/6801
f 6800/6800 6797/6797 6801/6801
f 6801/6801 6799/6799 6802/6802
f 6801/6801 6802/6802 6803/6803
f 6804/6804 6801/6801 6803/6803
f 6800/6800 6801/6801 6804/6804
f 6804/6804 6803/6803 6805/6805
f 6800/6800 6804/6804 6806/6806
f 6800/6800 6806/6806 6807/6807
f 6790/6790 6800/6800 6807/6807
f 6790/6790 6807/6807 6808/6808
f 6809/6809 6810/6810 6811/6811
f 6812/6812 6811/6811 6810/6810
f 6810/6810 6813/6813 6812/6812
f 6810/6810 6814/6814 6813/6813
f 6813/6813 6814/6814 6815/6815
f 6813/6813 6815/6815 6816/6816
f 6812/6812 6813/6813 6817/6817
f 6817/6817 6813/6813 6816/6816
f 6812/6812 6817/6817 6818/6818
f 6817/6817 6816/6816 6819/6819
f 6818/6818 6817/6817 6820/6820
f 6819/6819 6820/6820 6817/6817
f 6821/6821 6822/6822 6823/6823
f 6821/6821 6824/6824 6822/6822
f 6825/6825 6822/6822 6824/6824
f 6821/6821 6826/6826 6824/6824
f 6825/6825 6824/6824 6827/6827
f 6827/6827 6828/6828 6825/6825
f 6827/6827 6829/6829 6828/6828
f 6827/6827 6830/6830 6829/6829
f 6831/6831 6827/6827 6824/6824
f 6827/6827 6831/6831 6830/6830
f 6831/6831 6824/6824 6826/6826
f 6831/6831 6832/6832 6830/6830
f 6831/6831 6833/6833 6832/6832
f 6833/6833 6831/6831 6826/6826
f 6833/6833 6834/6834 6832/6832
f 6833/6833 6835/6835 6834/6834
f 6833/6833 6826/6826 6836/6836
f 6837/6837 6836/6836 6826/6826
f 6837/6837 6838/6838 6836/6836
f 6836/6836 6838/6838 6839/6839
f 6836/6836 6839/6839 6840/6840
f 6840/6840 6833/6833 6836/6836
f 6840/6840 6835/6835 6833/6833
f 6841/6841 6835/6835 6840/6840
f 6841/6841 6842/6842 6835/6835
f 6843/6843 6844/6844 6845/6845
f 6843/6843 6846/6846 6844/6844
f 6846/6846 6847/6847 6844/6844
f 6846/6846 6848/6848 6847/6847
f 6847/6847 6849/6849 6844/6844
f 6844/6844 6849/6849 6850/6850
f 6847/6847 6851/6851 6849/6849
f 6848/6848 6852/6852 6847/6847
f 6852/6852 6851/6851 6847/6847
f 6848/6848 6853/6853 6852/6852
f 6852/6852 6854/6854 6851/6851
f 6853/6853 6855/6855 6852/6852
f 6854/6854 6852/6852 6855/6855
f 6853/6853 6856/6856 6855/6855
f 6854/6854 6855/6855 6857/6857
f 6856/6856 6858/6858 6855/6855
f 6857/6857 6855/6855 6858/6858
f 6856/6856 6859/6859 6858/6858
f 6857/6857 6858/6858 6860/6860
f 6859/6859 6861/6861 6858/6858
f 6860/6860 6858/6858 6861/6861
f 6860/6860 6861/6861 6862/6862
f 6863/6863 6864/6864 6865/6865
f 6863/6863 6866/6866 6864/6864
f 6867/6867 6866/6866 6863/6863
f 6867/6867 6868/6868 6866/6866
f 6869/6869 6868/6868 6867/6867
f 6869/6869 6870/6870 6868/6868
f 6871/6871 6870/6870 6869/6869
f 6871/6871 6872/6872 6870/6870
f 6873/6873 6872/6872 6871/6871
f 6873/6873 6874/6874 6872/6872
f 6875/6875 6874/6874 6873/6873
f 6875/6875 6876/6876 6874/6874
f 6877/6877 6876/6876 6875/6875
f 6877/6877 6878/6878 6876/6876
f 6879/6879 6878/6878 6877/6877
f 6879/6879 6880/6880 6878/6878
f 6881/6881 6880/6880 6879/6879
f 6881/6881 6882/6882 6880/6880
f 6883/6883 6882/6882 6881/6881
f 6883/6883 6884/6884 6882/6882
f 6885/6885 6884/6884 6883/6883
f 6885/6885 6886/6886 6884/6884
f 6887/6887 6886/6886 6885/6885
f 6887/6887 6888/6888 6886/6886
f 6889/6889 6890/6890 6891/6891
f 6889/6889 6891/6891 6892/6892
f 6893/6893 6889/6889 6892/6892
f 6894/6894 6892/6892 6891/6891
f 6894/6894 6891/6891 6895/6895
f 6896/6896 6892/6892 6894/6894
f 6893/6893 6892/6892 6897/6897
f 6896/6896 6897/6897 6892/6892
f 6898/6898 6893/6893 6897/6897
f 6899/6899 6897/6897 6896/6896
f 6898/6898 6897/6897 6900/6900
f 6899/6899 6900/6900 6897/6897
f 6901/6901 6900/6900 6899/6899
f 6902/6902 6898/6898 6900/6900
f 6901/6901 6903/6903 6900/6900
f 6902/6902 6900/6900 6903/6903
f 6904/6904 6902/6902 6903/6903
f 6904/6904 6903/6903 6905/6905
f 6906/6906 6904/6904 6905/6905
f 6906/6906 6905/6905 6907/6907
f 6908/6908 6907/6907 6905/6905
f 6908/6908 6905/6905 6909/6909
f 6910/6910 6911/6911 6912/6912
f 6910/6910 6912/6912 6913/6913
f 6914/6914 6910/6910 6913/6913
f 6915/6915 6913/6913 6912/6912
f 6915/6915 6912/6912 6916/6916
f 6917/6917 6913/6913 6915/6915
f 6914/6914 6913/6913 6918/6918
f 6917/6917 6918/6918 6913/6913
f 6919/6919 6914/6914 6918/6918
f 6920/6920 6918/6918 6917/6917
f 6919/6919 6918/6918 6921/6921
f 6920/6920 6921/6921 6918/6918
f 6922/6922 6919/6919 6921/6921
f 6923/6923 6921/6921 6920/6920
f 6922/6922 6921/6921 6924/6924
f 6923/6923 6924/6924 6921/6921
f 6925/6925 6922/6922 6924/6924
f 6926/6926 6924/6924 6923/6923
f 6925/6925 6924/6924 6927/6927
f 6926/6926 6927/6927 6924/6924
f 6928/6928 6925/6925 6927/6927
f 6929/6929 6927/6927 6926/6926
f 6928/6928 6927/6927 6930/6930
f 6929/6929 6930/6930 6927/6927
f 6931/6931 6932/6932 6933/6933
f 6931/6931 6933/6933 6934/6934
f 6935/6935 6931/6931 6934/6934
f 6936/6936 6934/6934 6933/6933
f 6936/6936 6933/6933 6937/6937
f 6938/6938 6939/6939 6940/6940
f 6938/6938 6941/6941 6939/6939
f 6942/6942 6941/6941 6938/6938
f 6943/6943 6939/6939 6941/6941
f 6942/6942 6944/6944 6941/6941
f 6945/6945 6944/6944 6942/6942
f 6943/6943 6941/6941 6946/6946
f 6946/6946 6941/6941 6944/6944
f 6945/6945 6947/6947 6944/6944
f 6948/6948 6947/6947 6945/6945
f 6943/6943 6946/6946 6949/6949
f 6943/6943 6949/6949 6950/6950
f 6946/6946 6951/6951 6949/6949
f 6946/6946 6944/6944 6952/6952
f 6946/6946 6952/6952 6951/6951
f 6952/6952 6944/6944 6947/6947
f 6952/6952 6953/6953 6951/6951
f 6952/6952 6954/6954 6953/6953
f 6952/6952 6947/6947 6954/6954
f 6954/6954 6955/6955 6953/6953
f 6948/6948 6956/6956 6947/6947
f 6954/6954 6947/6947 6956/6956
f 6957/6957 6956/6956 6948/6948
f 6954/6954 6958/6958 6955/6955
f 6954/6954 6956/6956 6958/6958
f 6958/6958 6959/6959 6955/6955
f 6957/6957 6960/6960 6956/6956
f 6958/6958 6956/6956 6960/6960
f 6961/6961 6960/6960 6957/6957
f 6958/6958 6962/6962 6959/6959
f 6958/6958 6960/6960 6962/6962
f 6962/6962 6963/6963 6959/6959
f 6961/6961 6964/6964 6960/6960
f 6962/6962 6960/6960 6964/6964
f 6965/6965 6964/6964 6961/6961
f 6962/6962 6966/6966 6963/6963
f 6962/6962 6964/6964 6966/6966
f 6966/6966 6967/6967 6963/6963
f 6965/6965 6968/6968 6964/6964
f 6966/6966 6964/6964 6968/6968
f 6969/6969 6968/6968 6965/6965
f 6966/6966 6970/6970 6967/6967
f 6966/6966 6968/6968 6970/6970
f 6970/6970 6971/6971 6967/6967
f 6969/6969 6972/6972 6968/6968
f 6970/6970 6968/6968 6972/6972
f 6973/6973 6972/6972 6969/6969
f 6970/6970 6974/6974 6971/6971
f 6970/6970 6972/6972 6974/6974
f 6974/6974 6975/6975 6971/6971
f 6973/6973 6976/6976 6972/6972
f 6974/6974 6972/6972 6976/6976
f 6977/6977 6976/6976 6973/6973
f 6974/6974 6978/6978 6975/6975
f 6974/6974 6976/6976 6978/6978
f 6978/6978 6979/6979 6975/6975
f 6977/6977 6980/6980 6976/6976
f 6978/6978 6976/6976 6980/6980
f 6981/6981 6980/6980 6977/6977
f 6978/6978 6982/6982 6979/6979
f 6978/6978 6980/6980 6982/6982
f 6982/6982 6983/6983 6979/6979
f 6981/6981 6984/6984 6980/6980
f 6982/6982 6980/6980 6984/6984
f 6985/6985 6984/6984 6981/6981
f 6985/6985 6986/6986 6984/6984
f 6982/6982 6987/6987 6983/6983
f 6982/6982 6984/6984 6987/6987
f 6987/6987 6984/6984 6986/6986
f 6987/6987 6988/6988 6983/6983
f 6987/6987 6986/6986 6989/6989
f 6987/6987 6989/6989 6988/6988
f 6990/6990 6991/6991 6992/6992
f 6990/6990 6993/6993 6991/6991
f 6994/6994 6993/6993 6990/6990
f 6995/6995 6991/6991 6993/6993
f 6994/6994 6996/6996 6993/6993
f 6997/6997 6996/6996 6994/6994
f 6995/6995 6993/6993 6998/6998
f 6998/6998 6993/6993 6996/6996
f 6997/6997 6999/6999 6996/6996
f 7000/7000 6999/6999 6997/6997
f 6995/6995 6998/6998 7001/7001
f 6995/6995 7001/7001 7002/7002
f 6998/6998 7003/7003 7001/7001
f 6998/6998 6996/6996 7004/7004
f 6998/6998 7004/7004 7003/7003
f 7004/7004 6996/6996 6999/6999
f 7004/7004 7005/7005 7003/7003
f 7004/7004 7006/7006 7005/7005
f 7004/7004 6999/6999 7006/7006
f 7006/7006 7007/7007 7005/7005
f 7000/7000 7008/7008 6999/6999
f 7006/7006 6999/6999 7008/7008
f 7009/7009 7008/7008 7000/7000
f 7006/7006 7010/7010 7007/7007
f 7006/7006 7008/7008 7010/7010
f 7008/7008 7009/7009 7011/7011
f 7011/7011 7010/7010 7008/7008
f 7012/7012 7007/7007 7010/7010
f 7010/7010 7011/7011 7012/7012
f 7007/7007 7012/7012 7013/7013
f 7011/7011 7009/7009 7014/7014
f 7015/7015 7014/7014 7009/7009
f 7012/7012 7011/7011 7016/7016
f 7016/7016 7011/7011 7017/7017
f 7014/7014 7017/7017 7011/7011
f 7017/7017 7014/7014 7018/7018
f 7018/7018 7014/7014 7019/7019
f 7014/7014 7015/7015 7019/7019
f 7019/7019 7015/7015 7020/7020
f 7021/7021 7020/7020 7015/7015
f 7020/7020 7021/7021 7022/7022
f 7016/7016 7023/7023 7012/7012
f 7013/7013 7012/7012 7023/7023
f 7023/7023 7016/7016 7024/7024
f 7023/7023 7024/7024 7025/7025
f 7025/7025 7013/7013 7023/7023
f 7013/7013 7025/7025 7026/7026
f 7013/7013 7026/7026 7027/7027
f 7028/7028 7027/7027 7026/7026
f 7027/7027 7028/7028 5693/5693
f 5693/5693 7028/7028 5691/5691
f 7029/7029 5691/5691 7028/7028
f 5691/5691 7029/7029 5694/5694
f 5692/5692 5691/5691 5694/5694
f 5694/5694 7029/7029 7030/7030
f 7031/7031 5694/5694 7030/7030
f 5694/5694 7031/7031 5696/5696
f 7031/7031 7032/7032 5696/5696
f 7033/7033 7032/7032 7031/7031
f 7032/7032 7033/7033 7022/7022
f 7022/7022 7021/7021 7032/7032
f 7021/7021 5696/5696 7032/7032
f 5696/5696 7021/7021 7034/7034
f 7034/7034 7021/7021 7035/7035
f 7036/7036 7034/7034 7035/7035
f 5695/5695 5696/5696 7034/7034
f 7036/7036 7037/7037 7034/7034
f 5695/5695 7034/7034 7037/7037
f 7038/7038 7037/7037 7036/7036
f 7038/7038 7039/7039 7037/7037
f 7040/7040 7039/7039 7038/7038
f 5695/5695 7037/7037 7041/7041
f 7041/7041 7037/7037 7039/7039
f 7040/7040 7042/7042 7039/7039
f 7043/7043 7042/7042 7040/7040
f 7043/7043 7044/7044 7042/7042
f 5695/5695 7041/7041 7045/7045
f 5695/5695 7045/7045 5692/5692
f 7041/7041 7046/7046 7045/7045
f 7041/7041 7039/7039 7047/7047
f 7041/7041 7047/7047 7046/7046
f 7047/7047 7039/7039 7042/7042
f 7047/7047 7048/7048 7046/7046
f 7049/7049 7042/7042 7044/7044
f 7047/7047 7042/7042 7049/7049
f 7047/7047 7049/7049 7048/7048
f 7049/7049 7044/7044 7050/7050
f 7049/7049 7051/7051 7048/7048
f 7049/7049 7050/7050 7051/7051
f 7052/7052 7053/7053 7054/7054
f 7055/7055 7052/7052 7054/7054
f 7055/7055 7054/7054 7056/7056
f 7057/7057 7055/7055 7056/7056
f 7058/7058 7052/7052 7055/7055
f 7057/7057 7059/7059 7055/7055
f 7059/7059 7058/7058 7055/7055
f 7059/7059 7060/7060 7058/7058
f 7061/7061 7062/7062 7063/7063
f 7061/7061 7064/7064 7062/7062
f 7065/7065 7064/7064 7061/7061
f 7065/7065 7066/7066 7064/7064
f 7067/7067 7066/7066 7065/7065
f 7067/7067 7068/7068 7066/7066
f 7069/7069 7068/7068 7067/7067
f 7069/7069 7070/7070 7068/7068
f 7070/7070 7069/7069 7071/7071
f 7070/7070 7071/7071 7072/7072
f 7072/7072 7071/7071 7073/7073
f 7072/7072 7073/7073 7074/7074
f 7074/7074 7073/7073 7075/7075
f 7074/7074 7075/7075 7076/7076
f 7076/7076 7075/7075 7077/7077
f 7076/7076 7077/7077 7078/7078
f 7079/7079 7078/7078 7077/7077
f 7079/7079 7080/7080 7078/7078
f 7081/7081 7080/7080 7079/7079
f 7081/7081 7082/7082 7080/7080
f 7083/7083 7082/7082 7081/7081
f 7083/7083 7084/7084 7082/7082
f 7085/7085 7084/7084 7083/7083
f 7085/7085 7086/7086 7084/7084
f 7087/7087 7088/7088 7089/7089
f 7087/7087 7090/7090 7088/7088
f 7091/7091 7092/7092 7093/7093
f 7091/7091 7094/7094 7092/7092
f 7095/7095 7094/7094 7091/7091
f 7096/7096 7097/7097 7098/7098
f 7096/7096 7099/7099 7097/7097
f 7096/7096 7100/7100 7099/7099
f 7095/7095 7101/7101 7094/7094
f 7102/7102 7101/7101 7095/7095
f 7103/7103 7096/7096 7098/7098
f 7103/7103 7098/7098 7104/7104
f 7096/7096 7105/7105 7100/7100
f 7103/7103 7105/7105 7096/7096
f 7102/7102 7106/7106 7101/7101
f 7107/7107 7106/7106 7102/7102
f 7108/7108 7103/7103 7104/7104
f 7108/7108 7104/7104 7109/7109
f 7107/7107 7110/7110 7106/7106
f 7110/7110 7107/7107 7111/7111
f 7112/7112 7113/7113 7114/7114
f 7112/7112 7115/7115 7113/7113
f 7116/7116 7117/7117 7118/7118
f 7103/7103 7119/7119 7105/7105
f 7108/7108 7119/7119 7103/7103
f 7120/7120 7108/7108 7109/7109
f 7120/7120 7109/7109 7121/7121
f 7110/7110 7111/7111 7122/7122
f 7122/7122 7111/7111 7123/7123
f 7124/7124 7112/7112 7114/7114
f 7124/7124 7114/7114 7125/7125
f 7116/7116 7126/7126 7117/7117
f 7127/7127 7126/7126 7116/7116
f 7108/7108 7128/7128 7119/7119
f 7120/7120 7128/7128 7108/7108
f 7129/7129 7120/7120 7121/7121
f 7129/7129 7121/7121 7130/7130
f 7122/7122 7123/7123 7131/7131
f 7131/7131 7123/7123 7132/7132
f 7133/7133 7124/7124 7125/7125
f 7133/7133 7125/7125 7134/7134
f 7120/7120 7135/7135 7128/7128
f 7135/7135 7120/7120 7129/7129
f 7136/7136 7129/7129 7130/7130
f 7136/7136 7130/7130 7137/7137
f 7131/7131 7132/7132 7138/7138
f 7138/7138 7132/7132 7139/7139
f 7140/7140 7141/7141 7127/7127
f 7127/7127 7141/7141 7126/7126
f 7142/7142 7133/7133 7134/7134
f 7142/7142 7134/7134 7143/7143
f 7135/7135 7129/7129 7144/7144
f 7144/7144 7129/7129 7136/7136
f 7145/7145 7136/7136 7137/7137
f 7145/7145 7137/7137 7146/7146
f 7138/7138 7139/7139 7147/7147
f 7148/7148 7147/7147 7139/7139
f 7140/7140 7149/7149 7141/7141
f 7150/7150 7149/7149 7140/7140
f 7150/7150 7151/7151 7149/7149
f 7152/7152 7141/7141 7149/7149
f 7153/7153 7142/7142 7143/7143
f 7151/7151 7150/7150 7154/7154
f 7151/7151 7154/7154 7155/7155
f 7153/7153 7143/7143 7156/7156
f 7155/7155 7154/7154 7157/7157
f 7158/7158 7153/7153 7156/7156
f 7155/7155 7157/7157 7159/7159
f 7159/7159 7157/7157 7160/7160
f 7158/7158 7156/7156 7161/7161
f 7162/7162 7158/7158 7161/7161
f 7144/7144 7136/7136 7163/7163
f 7163/7163 7136/7136 7145/7145
f 7162/7162 7161/7161 7164/7164
f 7163/7163 7145/7145 7165/7165
f 7152/7152 7166/7166 7141/7141
f 7166/7166 7126/7126 7141/7141
f 7167/7167 7162/7162 7164/7164
f 7168/7168 7160/7160 7169/7169
f 7165/7165 7145/7145 7170/7170
f 7170/7170 7145/7145 7146/7146
f 7170/7170 7146/7146 7171/7171
f 7165/7165 7170/7170 7172/7172
f 7167/7167 7164/7164 7173/7173
f 7174/7174 7170/7170 7171/7171
f 7174/7174 7172/7172 7170/7170
f 7166/7166 7175/7175 7126/7126
f 7175/7175 7117/7117 7126/7126
f 7175/7175 7176/7176 7117/7117
f 7175/7175 7177/7177 7176/7176
f 7175/7175 7178/7178 7177/7177
f 7166/7166 7178/7178 7175/7175
f 7166/7166 7179/7179 7178/7178
f 7152/7152 7179/7179 7166/7166
f 7152/7152 7180/7180 7179/7179
f 7181/7181 7180/7180 7152/7152
f 7181/7181 7182/7182 7180/7180
f 7182/7182 7181/7181 7183/7183
f 7182/7182 7183/7183 7184/7184
f 7184/7184 7183/7183 7185/7185
f 7184/7184 7185/7185 7186/7186
f 7186/7186 7185/7185 7187/7187
f 7186/7186 7187/7187 7188/7188
f 7188/7188 7187/7187 7189/7189
f 7188/7188 7189/7189 7190/7190
f 7189/7189 7187/7187 7168/7168
f 7191/7191 7190/7190 7189/7189
f 7191/7191 7192/7192 7190/7190
f 7189/7189 7168/7168 7193/7193
f 7191/7191 7189/7189 7193/7193
f 7168/7168 7169/7169 7193/7193
f 7194/7194 7192/7192 7191/7191
f 7194/7194 7195/7195 7192/7192
f 7191/7191 7193/7193 7196/7196
f 7194/7194 7191/7191 7196/7196
f 7197/7197 7193/7193 7169/7169
f 7197/7197 7196/7196 7193/7193
f 7198/7198 7167/7167 7173/7173
f 7199/7199 7195/7195 7194/7194
f 7199/7199 7200/7200 7195/7195
f 7194/7194 7196/7196 7201/7201
f 7199/7199 7194/7194 7201/7201
f 7198/7198 7173/7173 7202/7202
f 7174/7174 7203/7203 7172/7172
f 7204/7204 7196/7196 7197/7197
f 7204/7204 7201/7201 7196/7196
f 7205/7205 7198/7198 7202/7202
f 7206/7206 7200/7200 7199/7199
f 7206/7206 7207/7207 7200/7200
f 7206/7206 7199/7199 7208/7208
f 7199/7199 7201/7201 7208/7208
f 7206/7206 7208/7208 7209/7209
f 7210/7210 7209/7209 7208/7208
f 7211/7211 7208/7208 7201/7201
f 7211/7211 7201/7201 7204/7204
f 7210/7210 7208/7208 7211/7211
f 7205/7205 7202/7202 7212/7212
f 7213/7213 7205/7205 7212/7212
f 7214/7214 7213/7213 7215/7215
f 7213/7213 7212/7212 7215/7215
f 7214/7214 7215/7215 7216/7216
f 7217/7217 7218/7218 7219/7219
f 7220/7220 7221/7221 7203/7203
f 7220/7220 7203/7203 7174/7174
f 7222/7222 7219/7219 7221/7221
f 7217/7217 7219/7219 7222/7222
f 7222/7222 7221/7221 7220/7220
f 7220/7220 7174/7174 7223/7223
f 7174/7174 7171/7171 7223/7223
f 7148/7148 7224/7224 7147/7147
f 7225/7225 7224/7224 7148/7148
f 7220/7220 7223/7223 7226/7226
f 7225/7225 7227/7227 7224/7224
f 7222/7222 7220/7220 7226/7226
f 7228/7228 7227/7227 7225/7225
f 7217/7217 7222/7222 7229/7229
f 7222/7222 7226/7226 7229/7229
f 7228/7228 7230/7230 7227/7227
f 7217/7217 7229/7229 7231/7231
f 7232/7232 7230/7230 7228/7228
f 7232/7232 7233/7233 7230/7230
f 7234/7234 7235/7235 7236/7236
f 7234/7234 7237/7237 7235/7235
f 7238/7238 7237/7237 7234/7234
f 7239/7239 7240/7240 7241/7241
f 7239/7239 7242/7242 7240/7240
f 7239/7239 7243/7243 7242/7242
f 7238/7238 7244/7244 7237/7237
f 7245/7245 7244/7244 7238/7238
f 7246/7246 7239/7239 7241/7241
f 7246/7246 7241/7241 7247/7247
f 7239/7239 7248/7248 7243/7243
f 7246/7246 7248/7248 7239/7239
f 7245/7245 7249/7249 7244/7244
f 7250/7250 7249/7249 7245/7245
f 7251/7251 7246/7246 7247/7247
f 7251/7251 7247/7247 7252/7252
f 7250/7250 7253/7253 7249/7249
f 7254/7254 7253/7253 7250/7250
f 7255/7255 7256/7256 7257/7257
f 7255/7255 7258/7258 7256/7256
f 7259/7259 7260/7260 7261/7261
f 7246/7246 7262/7262 7248/7248
f 7251/7251 7262/7262 7246/7246
f 7263/7263 7251/7251 7252/7252
f 7263/7263 7252/7252 7264/7264
f 7254/7254 7265/7265 7253/7253
f 7266/7266 7265/7265 7254/7254
f 7267/7267 7255/7255 7257/7257
f 7267/7267 7257/7257 7268/7268
f 7259/7259 7269/7269 7260/7260
f 7270/7270 7269/7269 7259/7259
f 7251/7251 7271/7271 7262/7262
f 7263/7263 7271/7271 7251/7251
f 7272/7272 7263/7263 7264/7264
f 7272/7272 7264/7264 7273/7273
f 7266/7266 7274/7274 7265/7265
f 7275/7275 7274/7274 7266/7266
f 7276/7276 7267/7267 7268/7268
f 7276/7276 7268/7268 7277/7277
f 7263/7263 7278/7278 7271/7271
f 7272/7272 7278/7278 7263/7263
f 7279/7279 7272/7272 7273/7273
f 7279/7279 7273/7273 7280/7280
f 7275/7275 7281/7281 7274/7274
f 7282/7282 7281/7281 7275/7275
f 7283/7283 7284/7284 7270/7270
f 7270/7270 7284/7284 7269/7269
f 7285/7285 7276/7276 7277/7277
f 7285/7285 7277/7277 7286/7286
f 7272/7272 7287/7287 7278/7278
f 7279/7279 7287/7287 7272/7272
f 7288/7288 7279/7279 7280/7280
f 7288/7288 7280/7280 7289/7289
f 7282/7282 7290/7290 7281/7281
f 7291/7291 7290/7290 7282/7282
f 7283/7283 7292/7292 7284/7284
f 7293/7293 7292/7292 7283/7283
f 7294/7294 7285/7285 7286/7286
f 7294/7294 7286/7286 7295/7295
f 7279/7279 7296/7296 7287/7287
f 7288/7288 7296/7296 7279/7279
f 7297/7297 7288/7288 7289/7289
f 7297/7297 7289/7289 7298/7298
f 7291/7291 7299/7299 7290/7290
f 7300/7300 7299/7299 7291/7291
f 7293/7293 7301/7301 7292/7292
f 7302/7302 7301/7301 7293/7293
f 7303/7303 7294/7294 7295/7295
f 7303/7303 7295/7295 7304/7304
f 7288/7288 7305/7305 7296/7296
f 7297/7297 7305/7305 7288/7288
f 7306/7306 7297/7297 7298/7298
f 7306/7306 7298/7298 7307/7307
f 7300/7300 7308/7308 7299/7299
f 7309/7309 7308/7308 7300/7300
f 7302/7302 7310/7310 7301/7301
f 7311/7311 7310/7310 7302/7302
f 7312/7312 7303/7303 7304/7304
f 7312/7312 7304/7304 7313/7313
f 7297/7297 7314/7314 7305/7305
f 7306/7306 7314/7314 7297/7297
f 7315/7315 7306/7306 7307/7307
f 7315/7315 7307/7307 7316/7316
f 7309/7309 7317/7317 7308/7308
f 7318/7318 7317/7317 7309/7309
f 7318/7318 7319/7319 7317/7317
f 7320/7320 7321/7321 7322/7322
f 7323/7323 7316/7316 7321/7321
f 7320/7320 7323/7323 7321/7321
f 7323/7323 7315/7315 7316/7316
f 7315/7315 7324/7324 7306/7306
f 7306/7306 7324/7324 7314/7314
f 7325/7325 7313/7313 7326/7326
f 7325/7325 7312/7312 7313/7313
f 7320/7320 7327/7327 7323/7323
f 7320/7320 7328/7328 7327/7327
f 7329/7329 7330/7330 7331/7331
f 7323/7323 7332/7332 7315/7315
f 7323/7323 7327/7327 7332/7332
f 7315/7315 7332/7332 7324/7324
f 7333/7333 7326/7326 7334/7334
f 7333/7333 7325/7325 7326/7326
f 7329/7329 7335/7335 7330/7330
f 7335/7335 7336/7336 7330/7330
f 7337/7337 7334/7334 7336/7336
f 7337/7337 7333/7333 7334/7334
f 7335/7335 7337/7337 7336/7336
f 7338/7338 7339/7339 7340/7340
f 7338/7338 7341/7341 7339/7339
f 7342/7342 7339/7339 7341/7341
f 7340/7340 7343/7343 7344/7344
f 7340/7340 7339/7339 7343/7343
f 7344/7344 7345/7345 7346/7346
f 7344/7344 7343/7343 7345/7345
f 7346/7346 7347/7347 7348/7348
f 7346/7346 7345/7345 7347/7347
f 7342/7342 7349/7349 7339/7339
f 7349/7349 7343/7343 7339/7339
f 7350/7350 7345/7345 7343/7343
f 7349/7349 7350/7350 7343/7343
f 7342/7342 7351/7351 7349/7349
f 7342/7342 7352/7352 7351/7351
f 7349/7349 7351/7351 7353/7353
f 7349/7349 7353/7353 7350/7350
f 7350/7350 7353/7353 7354/7354
f 7350/7350 7355/7355 7345/7345
f 7350/7350 7354/7354 7355/7355
f 7355/7355 7347/7347 7345/7345
f 7355/7355 7354/7354 7356/7356
f 7355/7355 7356/7356 7357/7357
f 7355/7355 7357/7357 7347/7347
f 7357/7357 7356/7356 7358/7358
f 7357/7357 7359/7359 7347/7347
f 7348/7348 7347/7347 7359/7359
f 7348/7348 7359/7359 7360/7360
f 7357/7357 7358/7358 7361/7361
f 7357/7357 7361/7361 7359/7359
f 7361/7361 7358/7358 7362/7362
f 7360/7360 7359/7359 7363/7363
f 7361/7361 7363/7363 7359/7359
f 7360/7360 7363/7363 7311/7311
f 7311/7311 7363/7363 7310/7310
f 7361/7361 7362/7362 7364/7364
f 7361/7361 7364/7364 7363/7363
f 7364/7364 7310/7310 7363/7363
f 7364/7364 7362/7362 7365/7365
f 7364/7364 7366/7366 7310/7310
f 7364/7364 7365/7365 7366/7366
f 7366/7366 7301/7301 7310/7310
f 7366/7366 7365/7365 7367/7367
f 7366/7366 7368/7368 7301/7301
f 7366/7366 7367/7367 7368/7368
f 7368/7368 7292/7292 7301/7301
f 7368/7368 7367/7367 7369/7369
f 7368/7368 7370/7370 7292/7292
f 7368/7368 7369/7369 7370/7370
f 7370/7370 7284/7284 7292/7292
f 7370/7370 7369/7369 7371/7371
f 7370/7370 7372/7372 7284/7284
f 7370/7370 7371/7371 7372/7372
f 7372/7372 7269/7269 7284/7284
f 7372/7372 7371/7371 7373/7373
f 7372/7372 7374/7374 7269/7269
f 7372/7372 7373/7373 7374/7374
f 7374/7374 7260/7260 7269/7269
f 7374/7374 7373/7373 7375/7375
f 7374/7374 7376/7376 7260/7260
f 7374/7374 7375/7375 7376/7376
f 7377/7377 7378/7378 7379/7379
f 7377/7377 7379/7379 7380/7380
f 7381/7381 7377/7377 7380/7380
f 7381/7381 7380/7380 7382/7382
f 7383/7383 7381/7381 7382/7382
f 7383/7383 7382/7382 7384/7384
f 7385/7385 7383/7383 7384/7384
f 7385/7385 7384/7384 7386/7386
f 7384/7384 7387/7387 7386/7386
f 7388/7388 7389/7389 7390/7390
f 7390/7390 7389/7389 7391/7391
f 7390/7390 7391/7391 7392/7392
f 7393/7393 7392/7392 7391/7391
f 7394/7394 7390/7390 7392/7392
f 7394/7394 7395/7395 7390/7390
f 7396/7396 7394/7394 7392/7392
f 7393/7393 7397/7397 7392/7392
f 7396/7396 7392/7392 7397/7397
f 7398/7398 7397/7397 7393/7393
f 7399/7399 7396/7396 7397/7397
f 7398/7398 7400/7400 7397/7397
f 7399/7399 7397/7397 7400/7400
f 7401/7401 7400/7400 7398/7398
f 7402/7402 7399/7399 7400/7400
f 7401/7401 7403/7403 7400/7400
f 7402/7402 7400/7400 7403/7403
f 7404/7404 7402/7402 7403/7403
f 7405/7405 7406/7406 7407/7407
f 7405/7405 7408/7408 7406/7406
f 7409/7409 7406/7406 7408/7408
f 7410/7410 7411/7411 7412/7412
f 7411/7411 7410/7410 7413/7413
f 7413/7413 7410/7410 7414/7414
f 7413/7413 7414/7414 7415/7415
f 7413/7413 7415/7415 7416/7416
f 7416/7416 7415/7415 7417/7417
f 7416/7416 7417/7417 7418/7418
f 7418/7418 7417/7417 7419/7419
f 7418/7418 7419/7419 7420/7420
f 7420/7420 7419/7419 7421/7421
f 7420/7420 7421/7421 7422/7422
f 7422/7422 7421/7421 7423/7423
f 7422/7422 7423/7423 7424/7424
f 7424/7424 7423/7423 7425/7425
f 7424/7424 7425/7425 7426/7426
f 7426/7426 7425/7425 7427/7427
f 7426/7426 7427/7427 7428/7428
f 7428/7428 7427/7427 7429/7429
f 7428/7428 7429/7429 7430/7430
f 7430/7430 7429/7429 7431/7431
f 7430/7430 7431/7431 7432/7432
f 7432/7432 7431/7431 7433/7433
f 7434/7434 7435/7435 7436/7436
f 7435/7435 7434/7434 7437/7437
f 7435/7435 7437/7437 7438/7438
f 7438/7438 7437/7437 7439/7439
f 7438/7438 7439/7439 7440/7440
f 7440/7440 7439/7439 7441/7441
f 7440/7440 7441/7441 7442/7442
f 7442/7442 7441/7441 7443/7443
f 7442/7442 7443/7443 7444/7444
f 7444/7444 7443/7443 7445/7445
f 7444/7444 7445/7445 7446/7446
f 7446/7446 7445/7445 7447/7447
f 7446/7446 7447/7447 7448/7448
f 7448/7448 7447/7447 7449/7449
f 7448/7448 7449/7449 7450/7450
f 7450/7450 7449/7449 7451/7451
f 7450/7450 7451/7451 7452/7452
f 7452/7452 7451/7451 7453/7453
f 7452/7452 7453/7453 7454/7454
f 7454/7454 7453/7453 7455/7455
f 7455/7455 7453/7453 7456/7456
f 7455/7455 7456/7456 7457/7457
f 7458/7458 7459/7459 7460/7460
f 7458/7458 7461/7461 7459/7459
f 7462/7462 7459/7459 7461/7461
f 7462/7462 7463/7463 7459/7459
f 7463/7463 7464/7464 7459/7459
f 7463/7463 7465/7465 7464/7464
f 7466/7466 7467/7467 7468/7468
f 7466/7466 7468/7468 7469/7469
f 7470/7470 7469/7469 7468/7468
f 7471/7471 7470/7470 7468/7468
f 7471/7471 7472/7472 7470/7470
f 7472/7472 7473/7473 7470/7470
f 7472/7472 7474/7474 7473/7473
f 7474/7474 7475/7475 7473/7473
f 7474/7474 7476/7476 7475/7475
f 7477/7477 7473/7473 7475/7475
f 7478/7478 7470/7470 7473/7473
f 7478/7478 7473/7473 7477/7477
f 7470/7470 7478/7478 7469/7469
f 7479/7479 7478/7478 7477/7477
f 7478/7478 7479/7479 7480/7480
f 7478/7478 7480/7480 7469/7469
f 7481/7481 7480/7480 7479/7479
f 7481/7481 7482/7482 7480/7480
f 7483/7483 7469/7469 7480/7480
f 7482/7482 7483/7483 7480/7480
f 7482/7482 7484/7484 7483/7483
f 7483/7483 7466/7466 7469/7469
f 7485/7485 7466/7466 7483/7483
f 7485/7485 7486/7486 7466/7466
f 7487/7487 7488/7488 7489/7489
f 7487/7487 7489/7489 7490/7490
f 7491/7491 7487/7487 7490/7490
f 7492/7492 7490/7490 7489/7489
f 7493/7493 7492/7492 7489/7489
f 7493/7493 7494/7494 7492/7492
f 7491/7491 7490/7490 7495/7495
f 7496/7496 7491/7491 7495/7495
f 7497/7497 7495/7495 7490/7490
f 7492/7492 7497/7497 7490/7490
f 7497/7497 7498/7498 7495/7495
f 7494/7494 7499/7499 7492/7492
f 7497/7497 7492/7492 7499/7499
f 7494/7494 7500/7500 7499/7499
f 7497/7497 7499/7499 7501/7501
f 7498/7498 7497/7497 7501/7501
f 7498/7498 7501/7501 7502/7502
f 7503/7503 7498/7498 7502/7502
f 7504/7504 7505/7505 7506/7506
f 7507/7507 7504/7504 7506/7506
f 7507/7507 7506/7506 7508/7508
f 7507/7507 7509/7509 7504/7504
f 7507/7507 7510/7510 7509/7509
f 7509/7509 7510/7510 7511/7511
f 7509/7509 7511/7511 7512/7512
f 7513/7513 7514/7514 7515/7515
f 7513/7513 7516/7516 7514/7514
f 7516/7516 7517/7517 7514/7514
f 7518/7518 7516/7516 7513/7513
f 7518/7518 7513/7513 7519/7519
f 7518/7518 7519/7519 7520/7520
f 7518/7518 7520/7520 7521/7521
f 7522/7522 7518/7518 7521/7521
f 7516/7516 7518/7518 7522/7522
f 7522/7522 7521/7521 7523/7523
f 7524/7524 7522/7522 7523/7523
f 7516/7516 7525/7525 7517/7517
f 7516/7516 7522/7522 7525/7525
f 7524/7524 7525/7525 7522/7522
f 7525/7525 7526/7526 7517/7517
f 7524/7524 7527/7527 7525/7525
f 7525/7525 7527/7527 7526/7526
f 7528/7528 7529/7529 7530/7530
f 7529/7529 7531/7531 7530/7530
f 7529/7529 7532/7532 7531/7531
f 7533/7533 7534/7534 7535/7535
f 7533/7533 7536/7536 7534/7534
f 7537/7537 7536/7536 7533/7533
f 7537/7537 7533/7533 7538/7538
f 7537/7537 7538/7538 7539/7539
f 7537/7537 7539/7539 7540/7540
f 7541/7541 7542/7542 7543/7543
f 7541/7541 7543/7543 7544/7544
f 7543/7543 7545/7545 7544/7544
f 7543/7543 7546/7546 7545/7545
f 7546/7546 7547/7547 7545/7545
f 7546/7546 7548/7548 7547/7547
f 7549/7549 7547/7547 7548/7548
f 7549/7549 7550/7550 7547/7547
f 7551/7551 7552/7552 7553/7553
f 7551/7551 7554/7554 7552/7552
f 7551/7551 7555/7555 7554/7554
f 7551/7551 7556/7556 7555/7555
f 7555/7555 7556/7556 7557/7557
f 7555/7555 7557/7557 7558/7558
f 7556/7556 7559/7559 7557/7557
f 7560/7560 7561/7561 7562/7562
f 7560/7560 7563/7563 7561/7561
f 7564/7564 7565/7565 7566/7566
f 7564/7564 7567/7567 7565/7565
f 7568/7568 7567/7567 7564/7564
f 7568/7568 7564/7564 7569/7569
f 7568/7568 7569/7569 7570/7570
f 7568/7568 7570/7570 7571/7571
f 7569/7569 7572/7572 7570/7570
f 7573/7573 7574/7574 7575/7575
f 7573/7573 7575/7575 7576/7576
f 7577/7577 7573/7573 7576/7576
f 7575/7575 7578/7578 7576/7576
f 7575/7575 7579/7579 7578/7578
f 7579/7579 7580/7580 7578/7578
f 7579/7579 7581/7581 7580/7580
f 7582/7582 7580/7580 7581/7581
f 7582/7582 7583/7583 7580/7580
f 7583/7583 7584/7584 7580/7580
f 7583/7583 7585/7585 7584/7584
f 7586/7586 7587/7587 7588/7588
f 7586/7586 7588/7588 7589/7589
f 7589/7589 7588/7588 7590/7590
f 7591/7591 7586/7586 7589/7589
f 7589/7589 7590/7590 7592/7592
f 7592/7592 7590/7590 7593/7593
f 7592/7592 7593/7593 7594/7594
f 7591/7591 7589/7589 7595/7595
f 7595/7595 7589/7589 7592/7592
f 7596/7596 7592/7592 7594/7594
f 7595/7595 7592/7592 7596/7596
f 7596/7596 7594/7594 7597/7597
f 7596/7596 7597/7597 7598/7598
f 7596/7596 7598/7598 7599/7599
f 7595/7595 7596/7596 7599/7599
f 7599/7599 7598/7598 7600/7600
f 7599/7599 7600/7600 7601/7601
f 7591/7591 7595/7595 7602/7602
f 7595/7595 7599/7599 7602/7602
f 7602/7602 7599/7599 7601/7601
f 7591/7591 7602/7602 7603/7603
f 7602/7602 7601/7601 7604/7604
f 7603/7603 7602/7602 7605/7605
f 7602/7602 7604/7604 7605/7605
f 7606/7606 7607/7607 7608/7608
f 7607/7607 7609/7609 7608/7608
f 7610/7610 7607/7607 7606/7606
f 7610/7610 7606/7606 7611/7611
f 7610/7610 7611/7611 7612/7612
f 7610/7610 7612/7612 7613/7613
f 7614/7614 7610/7610 7613/7613
f 7614/7614 7607/7607 7610/7610
f 7614/7614 7613/7613 7615/7615
f 7616/7616 7614/7614 7615/7615
f 7607/7607 7617/7617 7609/7609
f 7614/7614 7617/7617 7607/7607
f 7616/7616 7617/7617 7614/7614
f 7617/7617 7618/7618 7609/7609
f 7616/7616 7619/7619 7617/7617
f 7617/7617 7619/7619 7618/7618

o Corridor_Wall_01_14
usemtl Material.001_BaseColor.1001
v 36.71453613 1.52822097 2.40809843
v 36.71453613 1.52822097 2.53250822
v 36.71453613 1.83318695 2.53250820
v 36.71453613 1.83318694 2.40809841
v 36.71453613 1.52822096 2.26530988
v 36.71453613 1.83318690 2.26530987
v 36.71453613 1.52822092 2.12252134
v 36.71453613 1.83318689 2.12252133
v 36.71453613 1.52822091 1.97973280
v 36.71453613 1.83318684 1.97973278
v 36.71453613 1.52822090 1.83694441
v 36.71453613 1.83318684 1.83694424
v 36.71453613 1.52822090 1.69415586
v 36.71453613 1.83318679 1.69415585
v 36.71453613 1.52822082 1.55136747
v 36.71453613 1.83318679 1.55136730
v 36.71453613 1.52822081 1.42695722
v 36.71453613 1.83318678 1.42695721
v 36.16526855 1.52822082 1.55136747
v 36.16526855 1.52822081 1.42695722
v 36.16526855 1.83318678 1.42695721
v 36.16526855 1.83318679 1.55136730
v 36.16526855 1.52822090 1.69415586
v 36.16526855 1.83318679 1.69415585
v 36.16526855 1.52822090 1.83694441
v 36.16526855 1.83318684 1.83694424
v 36.16526855 1.52822091 1.97973280
v 36.16526855 1.83318684 1.97973278
v 36.16526855 1.52822092 2.12252134
v 36.16526855 1.83318689 2.12252133
v 36.16526855 1.52822096 2.26530988
v 36.16526855 1.83318690 2.26530987
v 36.16526855 1.52822097 2.40809843
v 36.16526855 1.83318694 2.40809841
v 36.16526855 1.52822097 2.53250822
v 36.16526855 1.83318695 2.53250820
v 36.29339600 1.52822097 2.53250822
v 36.16526855 1.52822097 2.53250822
v 36.16526855 1.83318695 2.53250820
v 36.29339600 1.83318695 2.53250820
v 36.43990234 1.52822097 2.53250822
v 36.43990234 1.83318695 2.53250820
v 36.58640869 1.52822097 2.53250822
v 36.58640869 1.83318695 2.53250820
v 36.71453613 1.52822097 2.53250822
v 36.71453613 1.83318695 2.53250820
v 36.58640869 1.52822081 1.42695722
v 36.71453613 1.52822081 1.42695722
v 36.71453613 1.83318678 1.42695721
v 36.58640869 1.83318678 1.42695721
v 36.43990234 1.52822081 1.42695722
v 36.43990234 1.83318678 1.42695721
v 36.29339600 1.52822081 1.42695722
v 36.29339600 1.83318678 1.42695721
v 36.16526855 1.52822081 1.42695722
v 36.16526855 1.83318678 1.42695721
v 36.71360840 1.58955406 1.70427854
v 36.71360840 1.47870127 1.42882399
v 36.71360840 1.58955397 1.42882398
v 36.71360840 1.47870136 1.70427854
v 36.71360840 1.58955407 1.97973279
v 36.71360840 1.47870137 1.97973280
v 36.71360840 1.58955412 2.25518735
v 36.71360840 1.47870142 2.25518736
v 36.71360840 1.58955417 2.53064176
v 36.71360840 1.47870143 2.53064176
v 36.16619629 1.58955412 2.25518735
v 36.16619629 1.47870143 2.53064176
v 36.16619629 1.58955417 2.53064176
v 36.16619629 1.47870142 2.25518736
v 36.16619629 1.58955407 1.97973279
v 36.16619629 1.47870137 1.97973280
v 36.16619629 1.58955406 1.70427854
v 36.16619629 1.47870136 1.70427854
v 36.16619629 1.58955397 1.42882398
v 36.16619629 1.47870127 1.42882399
v 36.43990234 1.58955417 2.53064176
v 36.71360840 1.47870143 2.53064176
v 36.71360840 1.58955417 2.53064176
v 36.43990234 1.47870143 2.53064176
v 36.16619629 1.58955417 2.53064176
v 36.16619629 1.47870143 2.53064176
v 36.43990234 1.58955397 1.42882398
v 36.16619629 1.47870127 1.42882399
v 36.16619629 1.58955397 1.42882398
v 36.43990234 1.47870127 1.42882399
v 36.71360840 1.58955397 1.42882398
v 36.71360840 1.47870127 1.42882399
v 36.43990234 1.47870143 2.53064176
v 36.71360840 1.47870142 2.25518736
v 36.71360840 1.47870143 2.53064176
v 36.43990234 1.47870142 2.25518736
v 36.16619629 1.47870143 2.53064176
v 36.71360840 1.47870137 1.97973280
v 36.16619629 1.47870142 2.25518736
v 36.43990234 1.47870137 1.97973280
v 36.71360840 1.47870136 1.70427854
v 36.16619629 1.47870137 1.97973280
v 36.43990234 1.47870136 1.70427854
v 36.71360840 1.47870127 1.42882399
v 36.16619629 1.47870136 1.70427854
v 36.43990234 1.47870127 1.42882399
v 36.16619629 1.47870127 1.42882399
v 36.75129395 1.52822097 2.56926511
v 36.75764160 1.53017166 2.56926511
v 36.75647705 1.53103584 2.57444852
v 36.75129395 1.53017166 2.57561338
v 36.75764160 1.53017165 2.40809843
v 36.58640869 1.52822097 2.56926511
v 36.58640869 1.53017166 2.57561338
v 36.75129395 1.52822097 2.40809843
v 36.75764160 1.53017164 2.26530988
v 36.43990234 1.52822097 2.56926511
v 36.43990234 1.53017166 2.57561338
v 36.75129395 1.52822096 2.26530988
v 36.75764160 1.53017160 2.12252134
v 36.29339600 1.52822097 2.56926511
v 36.29339600 1.53017166 2.57561338
v 36.12851074 1.52822097 2.56926511
v 36.12851074 1.53017166 2.57561338
v 36.12332764 1.53103576 2.57444852
v 36.12216309 1.53017166 2.56926511
v 36.75129395 1.52822092 2.12252134
v 36.75764160 1.53017159 1.97973280
v 36.12851074 1.52822097 2.40809843
v 36.12216309 1.53017165 2.40809843
v 36.75129395 1.52822091 1.97973280
v 36.75764160 1.53017159 1.83694441
v 36.12851074 1.52822096 2.26530988
v 36.12216309 1.53017164 2.26530988
v 36.75129395 1.52822090 1.83694441
v 36.75764160 1.53017158 1.69415586
v 36.12851074 1.52822092 2.12252134
v 36.12216309 1.53017160 2.12252134
v 36.75129395 1.52822090 1.69415586
v 36.75764160 1.53017150 1.55136747
v 36.12851074 1.52822091 1.97973280
v 36.12216309 1.53017159 1.97973280
v 36.75129395 1.52822082 1.55136747
v 36.75764160 1.53017149 1.39020048
v 36.75129395 1.52822081 1.39020048
v 36.75647705 1.53103563 1.38501722
v 36.75129395 1.53017149 1.38385236
v 36.58640869 1.53017149 1.38385236
v 36.12851074 1.52822090 1.83694441
v 36.12216309 1.53017159 1.83694441
v 36.58640869 1.52822081 1.39020048
v 36.43990234 1.53017149 1.38385236
v 36.12851074 1.52822090 1.69415586
v 36.12216309 1.53017158 1.69415586
v 36.43990234 1.52822081 1.39020048
v 36.29339600 1.53017149 1.38385236
v 36.12851074 1.52822082 1.55136747
v 36.12216309 1.53017150 1.55136747
v 36.12851074 1.52822081 1.39020048
v 36.12216309 1.53017149 1.39020048
v 36.12332764 1.53103563 1.38501722
v 36.12851074 1.53017149 1.38385236
v 36.29339600 1.52822081 1.39020048
v 36.16526855 1.52822090 1.69415586
v 36.16526855 1.52822082 1.55136747
v 36.16526855 1.52822090 1.83694441
v 36.16526855 1.52822081 1.42695722
v 36.29339600 1.52822081 1.42695722
v 36.16526855 1.52822091 1.97973280
v 36.43990234 1.52822081 1.42695722
v 36.58640869 1.52822081 1.42695722
v 36.16526855 1.52822092 2.12252134
v 36.71453613 1.52822081 1.42695722
v 36.16526855 1.52822096 2.26530988
v 36.71453613 1.52822082 1.55136747
v 36.16526855 1.52822097 2.40809843
v 36.71453613 1.52822090 1.69415586
v 36.16526855 1.52822097 2.53250822
v 36.71453613 1.52822090 1.83694441
v 36.29339600 1.52822097 2.53250822
v 36.71453613 1.52822091 1.97973280
v 36.43990234 1.52822097 2.53250822
v 36.71453613 1.52822092 2.12252134
v 36.58640869 1.52822097 2.53250822
v 36.71453613 1.52822096 2.26530988
v 36.71453613 1.52822097 2.53250822
v 36.71453613 1.52822097 2.40809843
v 36.75129395 1.53488105 2.57824278
v 36.75647705 1.53103584 2.57444852
v 36.75764160 1.53488105 2.57561338
v 36.75129395 1.53017166 2.57561338
v 36.58640869 1.53017166 2.57561338
v 36.75129395 1.61919479 2.57824277
v 36.75764160 1.61919479 2.57561338
v 36.58640869 1.53488105 2.57824278
v 36.43990234 1.53017166 2.57561338
v 36.75129395 1.70350849 2.57824277
v 36.75764160 1.70350849 2.57561337
v 36.43990234 1.53488105 2.57824278
v 36.29339600 1.53017166 2.57561338
v 36.58640869 1.61919479 2.57824277
v 36.75129395 1.78782222 2.57824276
v 36.75764160 1.78782222 2.57561337
v 36.29339600 1.53488105 2.57824278
v 36.12851074 1.53017166 2.57561338
v 36.43990234 1.61919479 2.57824277
v 36.58640869 1.70350849 2.57824277
v 36.75129395 1.87213596 2.57824276
v 36.75764160 1.87213596 2.57561337
v 36.75647705 1.87598114 2.57444851
v 36.75129395 1.87684536 2.57561337
v 36.12851074 1.53488105 2.57824278
v 36.12332764 1.53103576 2.57444852
v 36.12216309 1.53488105 2.57561338
v 36.12216309 1.61919479 2.57561338
v 36.58640869 1.78782222 2.57824276
v 36.58640869 1.87213596 2.57824276
v 36.58640869 1.87684536 2.57561337
v 36.29339600 1.61919479 2.57824277
v 36.12851074 1.61919479 2.57824277
v 36.12216309 1.70350849 2.57561337
v 36.43990234 1.70350849 2.57824277
v 36.43990234 1.78782222 2.57824276
v 36.43990234 1.87213596 2.57824276
v 36.43990234 1.87684536 2.57561337
v 36.29339600 1.70350849 2.57824277
v 36.12851074 1.70350849 2.57824277
v 36.12216309 1.78782222 2.57561337
v 36.29339600 1.78782222 2.57824276
v 36.29339600 1.87213596 2.57824276
v 36.29339600 1.87684536 2.57561337
v 36.12851074 1.78782222 2.57824276
v 36.12216309 1.87213596 2.57561337
v 36.12851074 1.87213596 2.57824276
v 36.12851074 1.87684536 2.57561337
v 36.12332764 1.87598114 2.57444851
v 36.76027100 1.53488085 1.39020048
v 36.75647705 1.53103563 1.38501722
v 36.75764160 1.53488085 1.38385236
v 36.75764160 1.53017149 1.39020048
v 36.75764160 1.53017150 1.55136747
v 36.76027100 1.61919455 1.39020047
v 36.75764160 1.61919455 1.38385236
v 36.76027100 1.53488086 1.55136747
v 36.75764160 1.53017158 1.69415586
v 36.76027100 1.70350828 1.39020047
v 36.75764160 1.70350828 1.38385236
v 36.76027100 1.53488094 1.69415586
v 36.75764160 1.53017159 1.83694441
v 36.76027100 1.61919463 1.55136747
v 36.76027100 1.78782202 1.39020047
v 36.75764160 1.78782202 1.38385235
v 36.76027100 1.53488095 1.83694440
v 36.75764160 1.53017159 1.97973280
v 36.76027100 1.61919464 1.69415586
v 36.76027100 1.70350837 1.55136731
v 36.76027100 1.87213572 1.39020046
v 36.75764160 1.87213572 1.38385235
v 36.75647705 1.87598093 1.38501720
v 36.75764160 1.87684515 1.39020046
v 36.76027100 1.53488095 1.97973280
v 36.75764160 1.53017160 2.12252134
v 36.76027100 1.78782203 1.55136731
v 36.76027100 1.87213576 1.55136730
v 36.75764160 1.87684516 1.55136730
v 36.76027100 1.70350837 1.69415585
v 36.76027100 1.61919464 1.83694440
v 36.76027100 1.53488096 2.12252134
v 36.75764160 1.53017164 2.26530988
v 36.76027100 1.78782203 1.69415585
v 36.76027100 1.87213577 1.69415585
v 36.75764160 1.87684517 1.69415585
v 36.76027100 1.61919465 1.97973279
v 36.76027100 1.70350838 1.83694424
v 36.76027100 1.53488100 2.26530988
v 36.75764160 1.53017165 2.40809843
v 36.76027100 1.87213581 1.83694424
v 36.75764160 1.87684517 1.83694424
v 36.76027100 1.78782208 1.83694424
v 36.76027100 1.70350839 1.97973279
v 36.76027100 1.61919469 2.12252134
v 36.76027100 1.53488105 2.40809843
v 36.75764160 1.53017166 2.56926511
v 36.76027100 1.87213582 1.97973278
v 36.75764160 1.87684525 1.97973278
v 36.76027100 1.78782212 1.97973278
v 36.76027100 1.61919474 2.26530988
v 36.76027100 1.70350843 2.12252133
v 36.76027100 1.53488105 2.56926511
v 36.75647705 1.53103584 2.57444852
v 36.75764160 1.53488105 2.57561338
v 36.75764160 1.61919479 2.57561338
v 36.76027100 1.87213586 2.12252132
v 36.75764160 1.87684526 2.12252132
v 36.76027100 1.78782217 2.12252133
v 36.76027100 1.70350844 2.26530988
v 36.76027100 1.61919474 2.40809842
v 36.76027100 1.61919479 2.56926511
v 36.75764160 1.70350849 2.57561337
v 36.76027100 1.87213587 2.26530987
v 36.75764160 1.87684527 2.26530987
v 36.76027100 1.78782217 2.26530972
v 36.76027100 1.70350848 2.40809842
v 36.76027100 1.70350849 2.56926511
v 36.75764160 1.78782222 2.57561337
v 36.76027100 1.78782222 2.40809842
v 36.76027100 1.87213591 2.40809841
v 36.75764160 1.87684527 2.40809841
v 36.76027100 1.78782222 2.56926510
v 36.75764160 1.87213596 2.57561337
v 36.76027100 1.87213592 2.56926510
v 36.75764160 1.87684536 2.56926510
v 36.75647705 1.87598114 2.57444851
v 36.12851074 1.53488085 1.38122282
v 36.12332764 1.53103563 1.38501722
v 36.12216309 1.53488085 1.38385236
v 36.12851074 1.53017149 1.38385236
v 36.29339600 1.53017149 1.38385236
v 36.12851074 1.61919455 1.38122281
v 36.12216309 1.61919455 1.38385236
v 36.29339600 1.53488085 1.38122282
v 36.43990234 1.53017149 1.38385236
v 36.12851074 1.70350828 1.38122281
v 36.12216309 1.70350828 1.38385236
v 36.43990234 1.53488085 1.38122282
v 36.58640869 1.53017149 1.38385236
v 36.29339600 1.61919455 1.38122281
v 36.12851074 1.78782202 1.38122281
v 36.12216309 1.78782202 1.38385235
v 36.58640869 1.53488085 1.38122282
v 36.75129395 1.53017149 1.38385236
v 36.43990234 1.61919455 1.38122281
v 36.29339600 1.70350828 1.38122281
v 36.12851074 1.87213572 1.38122280
v 36.12216309 1.87213572 1.38385235
v 36.12332764 1.87598093 1.38501720
v 36.12851074 1.87684508 1.38385235
v 36.75129395 1.53488085 1.38122282
v 36.75647705 1.53103563 1.38501722
v 36.75764160 1.53488085 1.38385236
v 36.75764160 1.61919455 1.38385236
v 36.29339600 1.78782202 1.38122281
v 36.29339600 1.87213572 1.38122280
v 36.29339600 1.87684515 1.38385235
v 36.58640869 1.61919455 1.38122281
v 36.75129395 1.61919455 1.38122281
v 36.75764160 1.70350828 1.38385236
v 36.43990234 1.70350828 1.38122281
v 36.43990234 1.78782202 1.38122281
v 36.43990234 1.87213572 1.38122280
v 36.43990234 1.87684508 1.38385235
v 36.58640869 1.70350828 1.38122281
v 36.75129395 1.70350828 1.38122281
v 36.75764160 1.78782202 1.38385235
v 36.58640869 1.78782202 1.38122281
v 36.58640869 1.87213572 1.38122280
v 36.58640869 1.87684515 1.38385235
v 36.75129395 1.78782202 1.38122281
v 36.75764160 1.87213572 1.38385235
v 36.75129395 1.87213572 1.38122280
v 36.75129395 1.87684508 1.38385235
v 36.75647705 1.87598093 1.38501720
v 36.11953369 1.53488105 2.56926511
v 36.12216309 1.53017166 2.56926511
v 36.12332764 1.53103576 2.57444852
v 36.12216309 1.53488105 2.57561338
v 36.12216309 1.53017165 2.40809843
v 36.11953369 1.61919479 2.56926511
v 36.12216309 1.61919479 2.57561338
v 36.11953369 1.53488105 2.40809843
v 36.12216309 1.53017164 2.26530988
v 36.11953369 1.70350849 2.56926511
v 36.12216309 1.70350849 2.57561337
v 36.11953369 1.53488100 2.26530988
v 36.12216309 1.53017160 2.12252134
v 36.11953369 1.61919474 2.40809842
v 36.11953369 1.78782222 2.56926510
v 36.12216309 1.78782222 2.57561337
v 36.11953369 1.53488096 2.12252134
v 36.12216309 1.53017159 1.97973280
v 36.11953369 1.61919474 2.26530988
v 36.11953369 1.70350848 2.40809842
v 36.11953369 1.87213592 2.56926510
v 36.12216309 1.87213596 2.57561337
v 36.12332764 1.87598114 2.57444851
v 36.12216309 1.87684536 2.56926510
v 36.11953369 1.53488095 1.97973280
v 36.12216309 1.53017159 1.83694441
v 36.11953369 1.78782218 2.40809842
v 36.11953369 1.87213591 2.40809841
v 36.12216309 1.87684527 2.40809841
v 36.11953369 1.70350844 2.26530988
v 36.11953369 1.61919469 2.12252134
v 36.11953369 1.53488095 1.83694440
v 36.12216309 1.53017158 1.69415586
v 36.11953369 1.78782217 2.26530972
v 36.11953369 1.87213587 2.26530987
v 36.12216309 1.87684527 2.26530987
v 36.11953369 1.61919465 1.97973279
v 36.11953369 1.70350843 2.12252133
v 36.11953369 1.53488094 1.69415586
v 36.12216309 1.53017150 1.55136747
v 36.11953369 1.87213586 2.12252132
v 36.12216309 1.87684526 2.12252132
v 36.11953369 1.78782217 2.12252133
v 36.11953369 1.70350839 1.97973279
v 36.11953369 1.61919464 1.83694440
v 36.11953369 1.53488086 1.55136747
v 36.12216309 1.53017149 1.39020048
v 36.11953369 1.87213582 1.97973278
v 36.12216309 1.87684525 1.97973278
v 36.11953369 1.78782212 1.97973278
v 36.11953369 1.61919464 1.69415586
v 36.11953369 1.70350838 1.83694424
v 36.11953369 1.53488085 1.39020048
v 36.12332764 1.53103563 1.38501722
v 36.12216309 1.53488085 1.38385236
v 36.12216309 1.61919455 1.38385236
v 36.11953369 1.87213581 1.83694424
v 36.12216309 1.87684517 1.83694424
v 36.11953369 1.78782212 1.83694424
v 36.11953369 1.70350837 1.69415585
v 36.11953369 1.61919463 1.55136747
v 36.11953369 1.61919455 1.39020047
v 36.12216309 1.70350828 1.38385236
v 36.11953369 1.87213577 1.69415585
v 36.12216309 1.87684517 1.69415585
v 36.11953369 1.78782207 1.69415585
v 36.11953369 1.70350837 1.55136731
v 36.11953369 1.70350828 1.39020047
v 36.12216309 1.78782202 1.38385235
v 36.11953369 1.78782203 1.55136731
v 36.11953369 1.87213576 1.55136730
v 36.12216309 1.87684516 1.55136730
v 36.11953369 1.78782202 1.39020047
v 36.12216309 1.87213572 1.38385235
v 36.11953369 1.87213572 1.39020046
v 36.12216309 1.87684515 1.39020046
v 36.12332764 1.87598093 1.38501720
v 36.75129395 1.87879604 2.56926510
v 36.75647705 1.87598114 2.57444851
v 36.75764160 1.87684536 2.56926510
v 36.75129395 1.87684536 2.57561337
v 36.58640869 1.87684536 2.57561337
v 36.75129395 1.87879596 2.40809841
v 36.75764160 1.87684527 2.40809841
v 36.58640869 1.87879604 2.56926510
v 36.43990234 1.87684536 2.57561337
v 36.58640869 1.87879596 2.40809841
v 36.75129395 1.87879595 2.26530987
v 36.75764160 1.87684527 2.26530987
v 36.43990234 1.87879604 2.56926510
v 36.29339600 1.87684536 2.57561337
v 36.43990234 1.87879596 2.40809841
v 36.58640869 1.87879595 2.26530987
v 36.75129395 1.87879594 2.12252132
v 36.75764160 1.87684526 2.12252132
v 36.29339600 1.87879604 2.56926510
v 36.12851074 1.87684536 2.57561337
v 36.29339600 1.87879596 2.40809841
v 36.43990234 1.87879595 2.26530987
v 36.58640869 1.87879594 2.12252132
v 36.75129395 1.87879594 1.97973278
v 36.75764160 1.87684525 1.97973278
v 36.12851074 1.87879604 2.56926510
v 36.12332764 1.87598114 2.57444851
v 36.12216309 1.87684536 2.56926510
v 36.12216309 1.87684527 2.40809841
v 36.12851074 1.87879596 2.40809841
v 36.12216309 1.87684527 2.26530987
v 36.12851074 1.87879595 2.26530987
v 36.12216309 1.87684526 2.12252132
v 36.29339600 1.87879595 2.26530987
v 36.12851074 1.87879594 2.12252132
v 36.12216309 1.87684525 1.97973278
v 36.29339600 1.87879594 2.12252132
v 36.12851074 1.87879594 1.97973278
v 36.12216309 1.87684517 1.83694424
v 36.43990234 1.87879594 2.12252132
v 36.29339600 1.87879594 1.97973278
v 36.12851074 1.87879586 1.83694424
v 36.12216309 1.87684517 1.69415585
v 36.43990234 1.87879594 1.97973278
v 36.12851074 1.87879585 1.69415585
v 36.12216309 1.87684516 1.55136730
v 36.29339600 1.87879586 1.83694424
v 36.58640869 1.87879594 1.97973278
v 36.12851074 1.87879584 1.55136730
v 36.12216309 1.87684515 1.39020046
v 36.43990234 1.87879586 1.83694424
v 36.29339600 1.87879585 1.69415585
v 36.58640869 1.87879586 1.83694424
v 36.12851074 1.87879584 1.39020046
v 36.12332764 1.87598093 1.38501720
v 36.12851074 1.87684508 1.38385235
v 36.29339600 1.87684515 1.38385235
v 36.29339600 1.87879584 1.55136730
v 36.43990234 1.87879585 1.69415585
v 36.29339600 1.87879584 1.39020046
v 36.43990234 1.87684508 1.38385235
v 36.75129395 1.87879586 1.83694424
v 36.75764160 1.87684517 1.83694424
v 36.43990234 1.87879584 1.55136730
v 36.43990234 1.87879584 1.39020046
v 36.58640869 1.87684515 1.38385235
v 36.58640869 1.87879585 1.69415585
v 36.75129395 1.87879585 1.69415585
v 36.75764160 1.87684517 1.69415585
v 36.58640869 1.87879584 1.55136730
v 36.58640869 1.87879584 1.39020046
v 36.75129395 1.87684508 1.38385235
v 36.75129395 1.87879584 1.55136730
v 36.75764160 1.87684516 1.55136730
v 36.75129395 1.87879584 1.39020046
v 36.75647705 1.87598093 1.38501720
v 36.75764160 1.87684515 1.39020046
vt 0.78943110 0.49779236
vt 0.78943110 0.45132416
vt 0.94297606 0.45132416
vt 0.94297606 0.49779236
vt 0.78943110 0.55112511
vt 0.94297606 0.55112511
vt 0.78943110 0.60445780
vt 0.94297606 0.60445780
vt 0.78943110 0.65779060
vt 0.94297606 0.65779060
vt 0.78943110 0.71112329
vt 0.94297606 0.71112329
vt 0.78943110 0.76445597
vt 0.94297606 0.76445603
vt 0.78943104 0.81778866
vt 0.94297600 0.81778872
vt 0.78943104 0.86425692
vt 0.94297600 0.86425692
vt 0.33571115 0.81806278
vt 0.33571115 0.86453104
vt 0.18216620 0.86453104
vt 0.18216614 0.81806284
vt 0.33571115 0.76473010
vt 0.18216614 0.76473010
vt 0.33571109 0.71139741
vt 0.18216614 0.71139741
vt 0.33571109 0.65806466
vt 0.18216614 0.65806472
vt 0.33571109 0.60473192
vt 0.18216614 0.60473192
vt 0.33571109 0.55139917
vt 0.18216614 0.55139923
vt 0.33571109 0.49806648
vt 0.18216614 0.49806648
vt 0.33571109 0.45159829
vt 0.18216608 0.45159829
vt 0.99823350 0.15906584
vt 0.99823350 0.20692265
vt 0.84468853 0.20692265
vt 0.84468853 0.15906590
vt 0.99823350 0.10434455
vt 0.84468848 0.10434461
vt 0.99823344 0.04962331
vt 0.84468848 0.04962337
vt 0.99823350 0.00176656
vt 0.84468848 0.00176656
vt 0.99823350 0.36775500
vt 0.99823350 0.41561174
vt 0.84468853 0.41561186
vt 0.84468853 0.36775506
vt 0.99823350 0.31303376
vt 0.84468853 0.31303382
vt 0.99823350 0.25831246
vt 0.84468853 0.25831252
vt 0.99823350 0.21045572
vt 0.84468853 0.21045578
vt 0.72758973 0.77378047
vt 0.78589797 0.88126594
vt 0.72758979 0.88126594
vt 0.78589797 0.77378047
vt 0.72758973 0.66629505
vt 0.78589797 0.66629505
vt 0.72758973 0.55880958
vt 0.78589791 0.55880958
vt 0.72758967 0.45132416
vt 0.78589791 0.45132416
vt 0.66574842 0.77378052
vt 0.72405666 0.88126600
vt 0.66574842 0.88126600
vt 0.72405660 0.77378052
vt 0.66574842 0.66629511
vt 0.72405660 0.66629511
vt 0.66574842 0.55880964
vt 0.72405660 0.55880964
vt 0.66574842 0.45132422
vt 0.72405660 0.45132422
vt 0.42051151 0.77554125
vt 0.36220330 0.66873795
vt 0.42051151 0.66873795
vt 0.36220330 0.77554125
vt 0.42051151 0.88234454
vt 0.36220330 0.88234454
vt 0.36220333 0.55840147
vt 0.42051154 0.66520482
vt 0.36220333 0.66520482
vt 0.42051154 0.55840147
vt 0.36220330 0.45159817
vt 0.42051154 0.45159817
vt 0.53084797 0.45127761
vt 0.42404470 0.55876309
vt 0.42404470 0.45127761
vt 0.53084797 0.55876309
vt 0.63765132 0.45127761
vt 0.42404470 0.66624856
vt 0.63765132 0.55876303
vt 0.53084803 0.66624856
vt 0.42404470 0.77373397
vt 0.63765132 0.66624856
vt 0.53084803 0.77373397
vt 0.42404470 0.88121945
vt 0.63765132 0.77373397
vt 0.53084803 0.88121945
vt 0.63765132 0.88121945
vt 0.42734504 0.00521809
vt 0.42481005 0.00509363
vt 0.42518169 0.00305963
vt 0.42721522 0.00268537
vt 0.42415386 0.06467330
vt 0.48812592 0.00451595
vt 0.48810622 0.00193191
vt 0.42670545 0.06468832
vt 0.42408738 0.11796099
vt 0.54299557 0.00433809
vt 0.54299212 0.00176656
vt 0.42665407 0.11796325
vt 0.42405492 0.17135131
vt 0.59776324 0.00434589
vt 0.59777528 0.00178689
vt 0.65883690 0.00491124
vt 0.65896106 0.00236440
vt 0.66100663 0.00273716
vt 0.66138333 0.00478190
vt 0.42662486 0.17135227
vt 0.42404467 0.22477335
vt 0.65951091 0.06459361
vt 0.66206908 0.06457651
vt 0.42661577 0.22477317
vt 0.42406240 0.27821112
vt 0.65961033 0.11796141
vt 0.66217989 0.11795789
vt 0.42663425 0.27820885
vt 0.42414016 0.33166671
vt 0.65964466 0.17137867
vt 0.66221535 0.17137784
vt 0.42671317 0.33165884
vt 0.42438996 0.38515806
vt 0.65964472 0.22480226
vt 0.66221535 0.22480273
vt 0.42697388 0.38513434
vt 0.42521933 0.44467354
vt 0.42775193 0.44454014
vt 0.42559624 0.44670653
vt 0.42763069 0.44707549
vt 0.48859331 0.44767481
vt 0.65962589 0.27821684
vt 0.66219562 0.27821839
vt 0.48860687 0.44512314
vt 0.54326361 0.44774455
vt 0.65958440 0.33160150
vt 0.66215104 0.33160448
vt 0.54326189 0.44517672
vt 0.59810656 0.44760710
vt 0.65951824 0.38487923
vt 0.66206980 0.38489509
vt 0.65885496 0.44434583
vt 0.66138965 0.44447136
vt 0.66101718 0.44650495
vt 0.65898371 0.44687825
vt 0.59808803 0.44502437
vt 0.64584917 0.33158338
vt 0.64580905 0.38482416
vt 0.64588028 0.27820933
vt 0.64545876 0.43094742
vt 0.59800363 0.43130851
vt 0.64589387 0.22479993
vt 0.54325712 0.43144178
vt 0.48865342 0.43140960
vt 0.64589393 0.17138302
vt 0.44112828 0.43111831
vt 0.64586282 0.11798191
vt 0.44069755 0.38502216
vt 0.64576942 0.06465852
vt 0.44047228 0.33162206
vt 0.64538604 0.01839131
vt 0.44039080 0.27819651
vt 0.59772205 0.01809567
vt 0.44036889 0.22477198
vt 0.54300648 0.01809430
vt 0.44037214 0.17135715
vt 0.48821545 0.01823902
vt 0.44038951 0.11797732
vt 0.44074821 0.01861387
vt 0.44041482 0.06473923
vt 0.00811600 0.45139384
vt 0.00618184 0.44899487
vt 0.00821268 0.44898343
vt 0.00559686 0.45104647
vt 0.00290842 0.51136899
vt 0.04839287 0.45125151
vt 0.04838594 0.44875133
vt 0.00544795 0.51143640
vt 0.00238216 0.56613505
vt 0.08986781 0.45122349
vt 0.08986702 0.44871569
vt 0.00496005 0.56614745
vt 0.00236124 0.62132221
vt 0.04788462 0.51193029
vt 0.13135618 0.45121485
vt 0.13134903 0.44870126
vt 0.00496044 0.62131017
vt 0.00295903 0.68259823
vt 0.04763013 0.56637335
vt 0.08998986 0.51192337
vt 0.17149387 0.45088845
vt 0.17137203 0.44849306
vt 0.17339408 0.44848657
vt 0.17399642 0.45052338
vt 0.00551066 0.68247432
vt 0.00332955 0.68464875
vt 0.00537814 0.68502980
vt 0.04779520 0.68563825
vt 0.13211234 0.51159418
vt 0.17434408 0.51088387
vt 0.17691602 0.51080179
vt 0.04764056 0.62125057
vt 0.04781330 0.68306726
vt 0.09046039 0.68564326
vt 0.09011285 0.56637019
vt 0.13258663 0.56616461
vt 0.17523238 0.56581461
vt 0.17781016 0.56578612
vt 0.09024099 0.62116069
vt 0.09045132 0.68306160
vt 0.13321935 0.68534231
vt 0.13281952 0.62096292
vt 0.17557056 0.62075275
vt 0.17813131 0.62075609
vt 0.13317746 0.68275410
vt 0.17518899 0.68425858
vt 0.17503604 0.68172634
vt 0.17757441 0.68183547
vt 0.17721696 0.68386930
vt 0.00571329 0.00525552
vt 0.00354285 0.00309694
vt 0.00557527 0.00271952
vt 0.00317262 0.00513065
vt 0.00224302 0.06490272
vt 0.04762470 0.00446683
vt 0.04759612 0.00187409
vt 0.00480793 0.06492698
vt 0.00202673 0.11858428
vt 0.09044655 0.00435853
vt 0.09044928 0.00176650
vt 0.00461423 0.11859310
vt 0.00186888 0.17244714
vt 0.04765895 0.06504083
vt 0.13332735 0.00456226
vt 0.13335589 0.00196058
vt 0.00446157 0.17245334
vt 0.00176654 0.22634339
vt 0.04748627 0.11875099
vt 0.09041674 0.06507301
vt 0.17547254 0.00525397
vt 0.17561230 0.00270849
vt 0.17765304 0.00309175
vt 0.17801945 0.00513554
vt 0.00435988 0.22634584
vt 0.00176654 0.28023589
vt 0.13320941 0.06510490
vt 0.17595860 0.06505334
vt 0.17856194 0.06504017
vt 0.09031787 0.11885375
vt 0.04734096 0.17256445
vt 0.00435862 0.28023136
vt 0.00195642 0.33408451
vt 0.13315606 0.11892843
vt 0.17603803 0.11898661
vt 0.17863300 0.11898750
vt 0.04723277 0.22639489
vt 0.09019244 0.17266709
vt 0.00454432 0.33406132
vt 0.00273659 0.38782263
vt 0.17593357 0.17289251
vt 0.17852733 0.17289966
vt 0.13304801 0.17277706
vt 0.09006322 0.22647154
vt 0.04718821 0.28016716
vt 0.00531649 0.38774306
vt 0.00557469 0.44694841
vt 0.17574249 0.22678125
vt 0.17833471 0.22679275
vt 0.13288909 0.22660524
vt 0.04729626 0.33378375
vt 0.08994429 0.28019261
vt 0.00808713 0.44657981
vt 0.00618184 0.44899487
vt 0.00821268 0.44898343
vt 0.04838594 0.44875133
vt 0.17545901 0.28062379
vt 0.17804697 0.28064078
vt 0.13268270 0.28035116
vt 0.08985627 0.33372927
vt 0.04765938 0.38706577
vt 0.04837665 0.44623303
vt 0.08986702 0.44871569
vt 0.17504786 0.33432925
vt 0.17762308 0.33435845
vt 0.13238354 0.33390999
vt 0.08981545 0.38684654
vt 0.08986623 0.44620776
vt 0.13134903 0.44870126
vt 0.13193309 0.38696718
vt 0.17427717 0.38760972
vt 0.17681114 0.38768840
vt 0.13134430 0.44618809
vt 0.17137203 0.44849306
vt 0.17147619 0.44609457
vt 0.17398299 0.44644773
vt 0.17339408 0.44848657
vt 0.17362748 0.92398751
vt 0.17578542 0.92613423
vt 0.17376439 0.92650926
vt 0.17615382 0.92411196
vt 0.17710401 0.86330616
vt 0.13195261 0.92476535
vt 0.13198097 0.92734271
vt 0.17455292 0.86328262
vt 0.17729986 0.80850875
vt 0.08939527 0.92488289
vt 0.08939451 0.92745364
vt 0.17472436 0.80850440
vt 0.17729874 0.75346678
vt 0.13192977 0.86317366
vt 0.04694555 0.92475235
vt 0.04692102 0.92731243
vt 0.17470758 0.75347728
vt 0.17679513 0.69241250
vt 0.13208511 0.80838495
vt 0.08944490 0.86313999
vt 0.00481222 0.92408311
vt 0.00467580 0.92662847
vt 0.00263585 0.92624551
vt 0.00227002 0.92420244
vt 0.17425287 0.69253182
vt 0.17642923 0.69036937
vt 0.17438918 0.68998641
vt 0.13214245 0.68930525
vt 0.04692177 0.86311322
vt 0.00435769 0.86313868
vt 0.00176655 0.86314917
vt 0.13214219 0.75350362
vt 0.13211840 0.69186562
vt 0.08965972 0.68917638
vt 0.08953442 0.80830830
vt 0.04698080 0.80823219
vt 0.00434206 0.80811143
vt 0.00176655 0.80810696
vt 0.08962634 0.75347537
vt 0.08965912 0.69174683
vt 0.04709389 0.68928194
vt 0.04713503 0.75344676
vt 0.00451650 0.75333387
vt 0.00196543 0.75331002
vt 0.04712193 0.69185853
vt 0.00531557 0.69010961
vt 0.00545209 0.69263113
vt 0.00292592 0.69250631
vt 0.00329464 0.69048429
vt 0.66921639 0.00544292
vt 0.66669542 0.00532538
vt 0.66705757 0.00330669
vt 0.66907310 0.00292712
vt 0.66592342 0.06462514
vt 0.71080065 0.00455749
vt 0.71076566 0.00198418
vt 0.66846812 0.06464303
vt 0.66583025 0.11788452
vt 0.75329852 0.00433791
vt 0.75329405 0.00176656
vt 0.66839761 0.11788779
vt 0.66577822 0.17132938
vt 0.71098602 0.06465179
vt 0.79582596 0.00441843
vt 0.79584700 0.00183749
vt 0.66835105 0.17133129
vt 0.66574842 0.22481656
vt 0.71093845 0.11795151
vt 0.75340009 0.06458127
vt 0.83764410 0.00498939
vt 0.83777577 0.00246328
vt 0.83980179 0.00283784
vt 0.84017110 0.00486481
vt 0.66832262 0.22481722
vt 0.66575140 0.27831900
vt 0.79587561 0.06450105
vt 0.83829302 0.06432980
vt 0.84087640 0.06430954
vt 0.75344396 0.11795205
vt 0.71090853 0.17136610
vt 0.66832614 0.27831733
vt 0.66581726 0.33183068
vt 0.79596806 0.11791563
vt 0.83852082 0.11785018
vt 0.84109610 0.11784351
vt 0.71089488 0.22482657
vt 0.75345558 0.17137790
vt 0.66839302 0.33182353
vt 0.66604984 0.38538003
vt 0.83858091 0.17135042
vt 0.84115547 0.17134899
vt 0.79600573 0.17136741
vt 0.75345325 0.22483200
vt 0.71090418 0.27829498
vt 0.66863483 0.38535845
vt 0.66679955 0.44488311
vt 0.83858132 0.22484815
vt 0.84115547 0.22484893
vt 0.79601097 0.22483677
vt 0.71095788 0.33174765
vt 0.75345272 0.27828395
vt 0.66933352 0.44475317
vt 0.66717315 0.44691825
vt 0.66920847 0.44729114
vt 0.71132064 0.44779110
vt 0.83855063 0.27833307
vt 0.84112346 0.27833509
vt 0.79599351 0.27829731
vt 0.75346321 0.33170247
vt 0.71109617 0.38515925
vt 0.71133512 0.44523990
vt 0.75363213 0.44778317
vt 0.83850145 0.33177686
vt 0.84106910 0.33178031
vt 0.79595423 0.33170831
vt 0.75350505 0.38505578
vt 0.75362718 0.44522715
vt 0.79588830 0.44762647
vt 0.79587126 0.38500214
vt 0.83842224 0.38503462
vt 0.84096891 0.38505363
vt 0.79586029 0.44508445
vt 0.83776194 0.44683325
vt 0.83762610 0.44430566
vt 0.84015447 0.44442916
vt 0.83978719 0.44645613
vt 0.41668764 0.00479913
vt 0.41884342 0.00262493
vt 0.41922411 0.00466108
vt 0.41680461 0.00225830
vt 0.35568050 0.00176656
vt 0.41756997 0.06426626
vt 0.42015788 0.06423962
vt 0.35567254 0.00432205
vt 0.30099440 0.00184685
vt 0.35590881 0.06454355
vt 0.41785362 0.11785477
vt 0.42043161 0.11784625
vt 0.30100283 0.00441366
vt 0.24621023 0.00212181
vt 0.30117410 0.06470132
vt 0.35607022 0.11798429
vt 0.41793555 0.17139560
vt 0.42051157 0.17139369
vt 0.24624121 0.00469249
vt 0.18582059 0.00330162
vt 0.24648967 0.06487715
vt 0.30127016 0.11807638
vt 0.35615143 0.17144251
vt 0.41793707 0.22491270
vt 0.42051157 0.22491378
vt 0.18595600 0.00581515
vt 0.18380661 0.00367475
vt 0.18343879 0.00568968
vt 0.18246925 0.06488776
vt 0.18500912 0.06491178
vt 0.18229809 0.11803633
vt 0.18486160 0.11804223
vt 0.18221338 0.17143577
vt 0.24650510 0.11812651
vt 0.18478499 0.17143887
vt 0.18216610 0.22491783
vt 0.24649593 0.17149651
vt 0.18474060 0.22491896
vt 0.18216611 0.27843797
vt 0.30131507 0.17148340
vt 0.24649709 0.22493088
vt 0.18474214 0.27843601
vt 0.18224607 0.33198535
vt 0.30133885 0.22491580
vt 0.18482403 0.33197683
vt 0.18251978 0.38559198
vt 0.24652627 0.27838910
vt 0.35618061 0.22490072
vt 0.18510771 0.38556540
vt 0.18345359 0.44517052
vt 0.30136260 0.27834821
vt 0.24660750 0.33184731
vt 0.35618177 0.27833509
vt 0.18599005 0.44503248
vt 0.18383428 0.44720674
vt 0.18587308 0.44757330
vt 0.24699724 0.44806510
vt 0.24676889 0.38528812
vt 0.30140752 0.33175522
vt 0.24700518 0.44550955
vt 0.30168328 0.44798481
vt 0.41789269 0.27839279
vt 0.42046431 0.27839583
vt 0.30150357 0.38513029
vt 0.30167487 0.44541794
vt 0.35646749 0.44770980
vt 0.35617259 0.33170509
vt 0.41781610 0.33178937
vt 0.42037961 0.33179522
vt 0.35618803 0.38495445
vt 0.35643649 0.44513911
vt 0.41685709 0.44652998
vt 0.41766858 0.38491988
vt 0.42020842 0.38494384
vt 0.41672170 0.44401646
vt 0.41887110 0.44615686
vt 0.41923890 0.44414192
f 7620/7620 7621/7621 7622/7622
f 7620/7620 7622/7622 7623/7623
f 7624/7624 7620/7620 7623/7623
f 7624/7624 7623/7623 7625/7625
f 7626/7626 7624/7624 7625/7625
f 7626/7626 7625/7625 7627/7627
f 7628/7628 7626/7626 7627/7627
f 7628/7628 7627/7627 7629/7629
f 7630/7630 7628/7628 7629/7629
f 7630/7630 7629/7629 7631/7631
f 7632/7632 7630/7630 7631/7631
f 7632/7632 7631/7631 7633/7633
f 7634/7634 7632/7632 7633/7633
f 7634/7634 7633/7633 7635/7635
f 7636/7636 7634/7634 7635/7635
f 7636/7636 7635/7635 7637/7637
f 7638/7638 7639/7639 7640/7640
f 7638/7638 7640/7640 7641/7641
f 7642/7642 7638/7638 7641/7641
f 7642/7642 7641/7641 7643/7643
f 7644/7644 7642/7642 7643/7643
f 7644/7644 7643/7643 7645/7645
f 7646/7646 7644/7644 7645/7645
f 7646/7646 7645/7645 7647/7647
f 7648/7648 7646/7646 7647/7647
f 7648/7648 7647/7647 7649/7649
f 7650/7650 7648/7648 7649/7649
f 7650/7650 7649/7649 7651/7651
f 7652/7652 7650/7650 7651/7651
f 7652/7652 7651/7651 7653/7653
f 7654/7654 7652/7652 7653/7653
f 7654/7654 7653/7653 7655/7655
f 7656/7656 7657/7657 7658/7658
f 7656/7656 7658/7658 7659/7659
f 7660/7660 7656/7656 7659/7659
f 7660/7660 7659/7659 7661/7661
f 7662/7662 7660/7660 7661/7661
f 7662/7662 7661/7661 7663/7663
f 7664/7664 7662/7662 7663/7663
f 7664/7664 7663/7663 7665/7665
f 7666/7666 7667/7667 7668/7668
f 7666/7666 7668/7668 7669/7669
f 7670/7670 7666/7666 7669/7669
f 7670/7670 7669/7669 7671/7671
f 7672/7672 7670/7670 7671/7671
f 7672/7672 7671/7671 7673/7673
f 7674/7674 7672/7672 7673/7673
f 7674/7674 7673/7673 7675/7675
f 7676/7676 7677/7677 7678/7678
f 7676/7676 7679/7679 7677/7677
f 7680/7680 7679/7679 7676/7676
f 7680/7680 7681/7681 7679/7679
f 7682/7682 7681/7681 7680/7680
f 7682/7682 7683/7683 7681/7681
f 7684/7684 7683/7683 7682/7682
f 7684/7684 7685/7685 7683/7683
f 7686/7686 7687/7687 7688/7688
f 7686/7686 7689/7689 7687/7687
f 7690/7690 7689/7689 7686/7686
f 7690/7690 7691/7691 7689/7689
f 7692/7692 7691/7691 7690/7690
f 7692/7692 7693/7693 7691/7691
f 7694/7694 7693/7693 7692/7692
f 7694/7694 7695/7695 7693/7693
f 7696/7696 7697/7697 7698/7698
f 7696/7696 7699/7699 7697/7697
f 7700/7700 7699/7699 7696/7696
f 7700/7700 7701/7701 7699/7699
f 7702/7702 7703/7703 7704/7704
f 7702/7702 7705/7705 7703/7703
f 7706/7706 7705/7705 7702/7702
f 7706/7706 7707/7707 7705/7705
f 7708/7708 7709/7709 7710/7710
f 7708/7708 7711/7711 7709/7709
f 7712/7712 7711/7711 7708/7708
f 7711/7711 7713/7713 7709/7709
f 7712/7712 7714/7714 7711/7711
f 7711/7711 7715/7715 7713/7713
f 7714/7714 7715/7715 7711/7711
f 7715/7715 7716/7716 7713/7713
f 7714/7714 7717/7717 7715/7715
f 7715/7715 7718/7718 7716/7716
f 7717/7717 7718/7718 7715/7715
f 7718/7718 7719/7719 7716/7716
f 7717/7717 7720/7720 7718/7718
f 7718/7718 7721/7721 7719/7719
f 7720/7720 7721/7721 7718/7718
f 7720/7720 7722/7722 7721/7721
f 7723/7723 7724/7724 7725/7725
f 7723/7723 7725/7725 7726/7726
f 7727/7727 7724/7724 7723/7723
f 7726/7726 7728/7728 7723/7723
f 7726/7726 7729/7729 7728/7728
f 7727/7727 7723/7723 7730/7730
f 7731/7731 7727/7727 7730/7730
f 7729/7729 7732/7732 7728/7728
f 7729/7729 7733/7733 7732/7732
f 7731/7731 7730/7730 7734/7734
f 7735/7735 7731/7731 7734/7734
f 7733/7733 7736/7736 7732/7732
f 7733/7733 7737/7737 7736/7736
f 7737/7737 7738/7738 7736/7736
f 7737/7737 7739/7739 7738/7738
f 7738/7738 7739/7739 7740/7740
f 7738/7738 7740/7740 7741/7741
f 7735/7735 7734/7734 7742/7742
f 7743/7743 7735/7735 7742/7742
f 7741/7741 7744/7744 7738/7738
f 7741/7741 7745/7745 7744/7744
f 7743/7743 7742/7742 7746/7746
f 7747/7747 7743/7743 7746/7746
f 7745/7745 7748/7748 7744/7744
f 7745/7745 7749/7749 7748/7748
f 7747/7747 7746/7746 7750/7750
f 7751/7751 7747/7747 7750/7750
f 7749/7749 7752/7752 7748/7748
f 7749/7749 7753/7753 7752/7752
f 7751/7751 7750/7750 7754/7754
f 7755/7755 7751/7751 7754/7754
f 7753/7753 7756/7756 7752/7752
f 7753/7753 7757/7757 7756/7756
f 7755/7755 7754/7754 7758/7758
f 7759/7759 7755/7755 7758/7758
f 7759/7759 7758/7758 7760/7760
f 7760/7760 7761/7761 7759/7759
f 7760/7760 7762/7762 7761/7761
f 7763/7763 7762/7762 7760/7760
f 7757/7757 7764/7764 7756/7756
f 7757/7757 7765/7765 7764/7764
f 7763/7763 7760/7760 7766/7766
f 7767/7767 7763/7763 7766/7766
f 7765/7765 7768/7768 7764/7764
f 7765/7765 7769/7769 7768/7768
f 7767/7767 7766/7766 7770/7770
f 7771/7771 7767/7767 7770/7770
f 7769/7769 7772/7772 7768/7768
f 7769/7769 7773/7773 7772/7772
f 7773/7773 7774/7774 7772/7772
f 7773/7773 7775/7775 7774/7774
f 7774/7774 7775/7775 7776/7776
f 7774/7774 7776/7776 7777/7777
f 7777/7777 7771/7771 7778/7778
f 7771/7771 7770/7770 7778/7778
f 7777/7777 7778/7778 7774/7774
f 7779/7779 7764/7764 7768/7768
f 7780/7780 7779/7779 7768/7768
f 7780/7780 7768/7768 7772/7772
f 7779/7779 7781/7781 7764/7764
f 7782/7782 7780/7780 7772/7772
f 7782/7782 7772/7772 7774/7774
f 7781/7781 7756/7756 7764/7764
f 7783/7783 7782/7782 7774/7774
f 7783/7783 7774/7774 7778/7778
f 7781/7781 7784/7784 7756/7756
f 7785/7785 7783/7783 7778/7778
f 7785/7785 7778/7778 7770/7770
f 7784/7784 7752/7752 7756/7756
f 7786/7786 7785/7785 7770/7770
f 7784/7784 7787/7787 7752/7752
f 7786/7786 7770/7770 7766/7766
f 7787/7787 7748/7748 7752/7752
f 7788/7788 7786/7786 7766/7766
f 7787/7787 7789/7789 7748/7748
f 7788/7788 7766/7766 7760/7760
f 7789/7789 7744/7744 7748/7748
f 7790/7790 7788/7788 7760/7760
f 7789/7789 7791/7791 7744/7744
f 7790/7790 7760/7760 7758/7758
f 7791/7791 7738/7738 7744/7744
f 7792/7792 7790/7790 7758/7758
f 7791/7791 7793/7793 7738/7738
f 7792/7792 7758/7758 7754/7754
f 7793/7793 7736/7736 7738/7738
f 7794/7794 7792/7792 7754/7754
f 7793/7793 7795/7795 7736/7736
f 7794/7794 7754/7754 7750/7750
f 7795/7795 7732/7732 7736/7736
f 7796/7796 7794/7794 7750/7750
f 7795/7795 7797/7797 7732/7732
f 7796/7796 7750/7750 7746/7746
f 7797/7797 7728/7728 7732/7732
f 7798/7798 7796/7796 7746/7746
f 7797/7797 7799/7799 7728/7728
f 7798/7798 7746/7746 7742/7742
f 7799/7799 7723/7723 7728/7728
f 7800/7800 7798/7798 7742/7742
f 7799/7799 7801/7801 7723/7723
f 7800/7800 7742/7742 7734/7734
f 7801/7801 7730/7730 7723/7723
f 7802/7802 7800/7800 7734/7734
f 7801/7801 7802/7802 7730/7730
f 7802/7802 7734/7734 7730/7730
f 7803/7803 7804/7804 7805/7805
f 7803/7803 7806/7806 7804/7804
f 7803/7803 7807/7807 7806/7806
f 7805/7805 7808/7808 7803/7803
f 7805/7805 7809/7809 7808/7808
f 7803/7803 7810/7810 7807/7807
f 7808/7808 7810/7810 7803/7803
f 7810/7810 7811/7811 7807/7807
f 7809/7809 7812/7812 7808/7808
f 7809/7809 7813/7813 7812/7812
f 7810/7810 7814/7814 7811/7811
f 7814/7814 7815/7815 7811/7811
f 7808/7808 7816/7816 7810/7810
f 7812/7812 7816/7816 7808/7808
f 7816/7816 7814/7814 7810/7810
f 7813/7813 7817/7817 7812/7812
f 7813/7813 7818/7818 7817/7817
f 7814/7814 7819/7819 7815/7815
f 7819/7819 7820/7820 7815/7815
f 7816/7816 7821/7821 7814/7814
f 7821/7821 7819/7819 7814/7814
f 7812/7812 7822/7822 7816/7816
f 7817/7817 7822/7822 7812/7812
f 7822/7822 7821/7821 7816/7816
f 7818/7818 7823/7823 7817/7817
f 7818/7818 7824/7824 7823/7823
f 7823/7823 7824/7824 7825/7825
f 7823/7823 7825/7825 7826/7826
f 7819/7819 7827/7827 7820/7820
f 7827/7827 7828/7828 7820/7820
f 7827/7827 7829/7829 7828/7828
f 7830/7830 7829/7829 7827/7827
f 7817/7817 7831/7831 7822/7822
f 7823/7823 7831/7831 7817/7817
f 7826/7826 7832/7832 7823/7823
f 7823/7823 7832/7832 7831/7831
f 7826/7826 7833/7833 7832/7832
f 7834/7834 7827/7827 7819/7819
f 7821/7821 7834/7834 7819/7819
f 7830/7830 7827/7827 7835/7835
f 7834/7834 7835/7835 7827/7827
f 7836/7836 7830/7830 7835/7835
f 7822/7822 7837/7837 7821/7821
f 7831/7831 7837/7837 7822/7822
f 7837/7837 7834/7834 7821/7821
f 7832/7832 7838/7838 7831/7831
f 7831/7831 7838/7838 7837/7837
f 7833/7833 7839/7839 7832/7832
f 7832/7832 7839/7839 7838/7838
f 7833/7833 7840/7840 7839/7839
f 7837/7837 7841/7841 7834/7834
f 7841/7841 7835/7835 7834/7834
f 7838/7838 7841/7841 7837/7837
f 7836/7836 7835/7835 7842/7842
f 7841/7841 7842/7842 7835/7835
f 7843/7843 7836/7836 7842/7842
f 7838/7838 7844/7844 7841/7841
f 7839/7839 7844/7844 7838/7838
f 7844/7844 7842/7842 7841/7841
f 7840/7840 7845/7845 7839/7839
f 7839/7839 7845/7845 7844/7844
f 7840/7840 7846/7846 7845/7845
f 7843/7843 7842/7842 7847/7847
f 7844/7844 7847/7847 7842/7842
f 7845/7845 7847/7847 7844/7844
f 7848/7848 7843/7843 7847/7847
f 7846/7846 7849/7849 7845/7845
f 7845/7845 7849/7849 7847/7847
f 7848/7848 7847/7847 7849/7849
f 7846/7846 7850/7850 7849/7849
f 7849/7849 7851/7851 7848/7848
f 7849/7849 7850/7850 7851/7851
f 7852/7852 7853/7853 7854/7854
f 7852/7852 7855/7855 7853/7853
f 7852/7852 7856/7856 7855/7855
f 7857/7857 7852/7852 7854/7854
f 7857/7857 7854/7854 7858/7858
f 7852/7852 7859/7859 7856/7856
f 7857/7857 7859/7859 7852/7852
f 7859/7859 7860/7860 7856/7856
f 7861/7861 7857/7857 7858/7858
f 7861/7861 7858/7858 7862/7862
f 7859/7859 7863/7863 7860/7860
f 7863/7863 7864/7864 7860/7860
f 7857/7857 7865/7865 7859/7859
f 7861/7861 7865/7865 7857/7857
f 7865/7865 7863/7863 7859/7859
f 7866/7866 7861/7861 7862/7862
f 7866/7866 7862/7862 7867/7867
f 7863/7863 7868/7868 7864/7864
f 7868/7868 7869/7869 7864/7864
f 7865/7865 7870/7870 7863/7863
f 7870/7870 7868/7868 7863/7863
f 7861/7861 7871/7871 7865/7865
f 7866/7866 7871/7871 7861/7861
f 7871/7871 7870/7870 7865/7865
f 7872/7872 7866/7866 7867/7867
f 7872/7872 7867/7867 7873/7873
f 7872/7872 7873/7873 7874/7874
f 7872/7872 7874/7874 7875/7875
f 7868/7868 7876/7876 7869/7869
f 7876/7876 7877/7877 7869/7869
f 7866/7866 7878/7878 7871/7871
f 7872/7872 7878/7878 7866/7866
f 7875/7875 7879/7879 7872/7872
f 7872/7872 7879/7879 7878/7878
f 7875/7875 7880/7880 7879/7879
f 7871/7871 7881/7881 7870/7870
f 7878/7878 7881/7881 7871/7871
f 7870/7870 7882/7882 7868/7868
f 7882/7882 7876/7876 7868/7868
f 7881/7881 7882/7882 7870/7870
f 7876/7876 7883/7883 7877/7877
f 7883/7883 7884/7884 7877/7877
f 7879/7879 7885/7885 7878/7878
f 7878/7878 7885/7885 7881/7881
f 7880/7880 7886/7886 7879/7879
f 7879/7879 7886/7886 7885/7885
f 7880/7880 7887/7887 7886/7886
f 7882/7882 7888/7888 7876/7876
f 7888/7888 7883/7883 7876/7876
f 7881/7881 7889/7889 7882/7882
f 7885/7885 7889/7889 7881/7881
f 7889/7889 7888/7888 7882/7882
f 7883/7883 7890/7890 7884/7884
f 7890/7890 7891/7891 7884/7884
f 7887/7887 7892/7892 7886/7886
f 7887/7887 7893/7893 7892/7892
f 7886/7886 7894/7894 7885/7885
f 7885/7885 7894/7894 7889/7889
f 7886/7886 7892/7892 7894/7894
f 7889/7889 7895/7895 7888/7888
f 7894/7894 7895/7895 7889/7889
f 7888/7888 7896/7896 7883/7883
f 7896/7896 7890/7890 7883/7883
f 7895/7895 7896/7896 7888/7888
f 7890/7890 7897/7897 7891/7891
f 7897/7897 7898/7898 7891/7891
f 7893/7893 7899/7899 7892/7892
f 7893/7893 7900/7900 7899/7899
f 7892/7892 7901/7901 7894/7894
f 7894/7894 7901/7901 7895/7895
f 7892/7892 7899/7899 7901/7901
f 7896/7896 7902/7902 7890/7890
f 7902/7902 7897/7897 7890/7890
f 7895/7895 7903/7903 7896/7896
f 7901/7901 7903/7903 7895/7895
f 7903/7903 7902/7902 7896/7896
f 7897/7897 7904/7904 7898/7898
f 7904/7904 7905/7905 7898/7898
f 7904/7904 7906/7906 7905/7905
f 7904/7904 7907/7907 7906/7906
f 7900/7900 7908/7908 7899/7899
f 7900/7900 7909/7909 7908/7908
f 7899/7899 7910/7910 7901/7901
f 7901/7901 7910/7910 7903/7903
f 7899/7899 7908/7908 7910/7910
f 7903/7903 7911/7911 7902/7902
f 7910/7910 7911/7911 7903/7903
f 7902/7902 7912/7912 7897/7897
f 7912/7912 7904/7904 7897/7897
f 7911/7911 7912/7912 7902/7902
f 7904/7904 7913/7913 7907/7907
f 7912/7912 7913/7913 7904/7904
f 7913/7913 7914/7914 7907/7907
f 7909/7909 7915/7915 7908/7908
f 7909/7909 7916/7916 7915/7915
f 7908/7908 7917/7917 7910/7910
f 7910/7910 7917/7917 7911/7911
f 7908/7908 7915/7915 7917/7917
f 7911/7911 7918/7918 7912/7912
f 7918/7918 7913/7913 7912/7912
f 7917/7917 7918/7918 7911/7911
f 7913/7913 7919/7919 7914/7914
f 7918/7918 7919/7919 7913/7913
f 7919/7919 7920/7920 7914/7914
f 7917/7917 7921/7921 7918/7918
f 7915/7915 7921/7921 7917/7917
f 7921/7921 7919/7919 7918/7918
f 7916/7916 7922/7922 7915/7915
f 7915/7915 7922/7922 7921/7921
f 7916/7916 7923/7923 7922/7922
f 7919/7919 7924/7924 7920/7920
f 7921/7921 7924/7924 7919/7919
f 7922/7922 7924/7924 7921/7921
f 7924/7924 7925/7925 7920/7920
f 7923/7923 7926/7926 7922/7922
f 7922/7922 7926/7926 7924/7924
f 7924/7924 7926/7926 7925/7925
f 7923/7923 7927/7927 7926/7926
f 7926/7926 7928/7928 7925/7925
f 7926/7926 7927/7927 7928/7928
f 7929/7929 7930/7930 7931/7931
f 7929/7929 7932/7932 7930/7930
f 7929/7929 7933/7933 7932/7932
f 7931/7931 7934/7934 7929/7929
f 7931/7931 7935/7935 7934/7934
f 7929/7929 7936/7936 7933/7933
f 7934/7934 7936/7936 7929/7929
f 7936/7936 7937/7937 7933/7933
f 7935/7935 7938/7938 7934/7934
f 7935/7935 7939/7939 7938/7938
f 7936/7936 7940/7940 7937/7937
f 7940/7940 7941/7941 7937/7937
f 7934/7934 7942/7942 7936/7936
f 7938/7938 7942/7942 7934/7934
f 7942/7942 7940/7940 7936/7936
f 7939/7939 7943/7943 7938/7938
f 7939/7939 7944/7944 7943/7943
f 7940/7940 7945/7945 7941/7941
f 7945/7945 7946/7946 7941/7941
f 7942/7942 7947/7947 7940/7940
f 7947/7947 7945/7945 7940/7940
f 7938/7938 7948/7948 7942/7942
f 7943/7943 7948/7948 7938/7938
f 7948/7948 7947/7947 7942/7942
f 7944/7944 7949/7949 7943/7943
f 7944/7944 7950/7950 7949/7949
f 7949/7949 7950/7950 7951/7951
f 7949/7949 7951/7951 7952/7952
f 7945/7945 7953/7953 7946/7946
f 7953/7953 7954/7954 7946/7946
f 7953/7953 7955/7955 7954/7954
f 7956/7956 7955/7955 7953/7953
f 7943/7943 7957/7957 7948/7948
f 7949/7949 7957/7957 7943/7943
f 7952/7952 7958/7958 7949/7949
f 7949/7949 7958/7958 7957/7957
f 7952/7952 7959/7959 7958/7958
f 7960/7960 7953/7953 7945/7945
f 7947/7947 7960/7960 7945/7945
f 7956/7956 7953/7953 7961/7961
f 7960/7960 7961/7961 7953/7953
f 7962/7962 7956/7956 7961/7961
f 7948/7948 7963/7963 7947/7947
f 7957/7957 7963/7963 7948/7948
f 7963/7963 7960/7960 7947/7947
f 7958/7958 7964/7964 7957/7957
f 7957/7957 7964/7964 7963/7963
f 7959/7959 7965/7965 7958/7958
f 7958/7958 7965/7965 7964/7964
f 7959/7959 7966/7966 7965/7965
f 7963/7963 7967/7967 7960/7960
f 7967/7967 7961/7961 7960/7960
f 7964/7964 7967/7967 7963/7963
f 7962/7962 7961/7961 7968/7968
f 7967/7967 7968/7968 7961/7961
f 7969/7969 7962/7962 7968/7968
f 7964/7964 7970/7970 7967/7967
f 7965/7965 7970/7970 7964/7964
f 7970/7970 7968/7968 7967/7967
f 7966/7966 7971/7971 7965/7965
f 7965/7965 7971/7971 7970/7970
f 7966/7966 7972/7972 7971/7971
f 7969/7969 7968/7968 7973/7973
f 7970/7970 7973/7973 7968/7968
f 7971/7971 7973/7973 7970/7970
f 7974/7974 7969/7969 7973/7973
f 7972/7972 7975/7975 7971/7971
f 7971/7971 7975/7975 7973/7973
f 7974/7974 7973/7973 7975/7975
f 7972/7972 7976/7976 7975/7975
f 7975/7975 7977/7977 7974/7974
f 7975/7975 7976/7976 7977/7977
f 7978/7978 7979/7979 7980/7980
f 7978/7978 7980/7980 7981/7981
f 7978/7978 7982/7982 7979/7979
f 7983/7983 7978/7978 7981/7981
f 7983/7983 7981/7981 7984/7984
f 7978/7978 7985/7985 7982/7982
f 7983/7983 7985/7985 7978/7978
f 7985/7985 7986/7986 7982/7982
f 7987/7987 7983/7983 7984/7984
f 7987/7987 7984/7984 7988/7988
f 7985/7985 7989/7989 7986/7986
f 7989/7989 7990/7990 7986/7986
f 7983/7983 7991/7991 7985/7985
f 7987/7987 7991/7991 7983/7983
f 7991/7991 7989/7989 7985/7985
f 7992/7992 7987/7987 7988/7988
f 7992/7992 7988/7988 7993/7993
f 7989/7989 7994/7994 7990/7990
f 7994/7994 7995/7995 7990/7990
f 7991/7991 7996/7996 7989/7989
f 7996/7996 7994/7994 7989/7989
f 7987/7987 7997/7997 7991/7991
f 7992/7992 7997/7997 7987/7987
f 7997/7997 7996/7996 7991/7991
f 7998/7998 7992/7992 7993/7993
f 7998/7998 7993/7993 7999/7999
f 7998/7998 7999/7999 8000/8000
f 7998/7998 8000/8000 8001/8001
f 7994/7994 8002/8002 7995/7995
f 8002/8002 8003/8003 7995/7995
f 7992/7992 8004/8004 7997/7997
f 7998/7998 8004/8004 7992/7992
f 8001/8001 8005/8005 7998/7998
f 7998/7998 8005/8005 8004/8004
f 8001/8001 8006/8006 8005/8005
f 7997/7997 8007/8007 7996/7996
f 8004/8004 8007/8007 7997/7997
f 7996/7996 8008/8008 7994/7994
f 8008/8008 8002/8002 7994/7994
f 8007/8007 8008/8008 7996/7996
f 8002/8002 8009/8009 8003/8003
f 8009/8009 8010/8010 8003/8003
f 8005/8005 8011/8011 8004/8004
f 8004/8004 8011/8011 8007/8007
f 8006/8006 8012/8012 8005/8005
f 8005/8005 8012/8012 8011/8011
f 8006/8006 8013/8013 8012/8012
f 8008/8008 8014/8014 8002/8002
f 8014/8014 8009/8009 8002/8002
f 8007/8007 8015/8015 8008/8008
f 8011/8011 8015/8015 8007/8007
f 8015/8015 8014/8014 8008/8008
f 8009/8009 8016/8016 8010/8010
f 8016/8016 8017/8017 8010/8010
f 8013/8013 8018/8018 8012/8012
f 8013/8013 8019/8019 8018/8018
f 8012/8012 8020/8020 8011/8011
f 8011/8011 8020/8020 8015/8015
f 8012/8012 8018/8018 8020/8020
f 8015/8015 8021/8021 8014/8014
f 8020/8020 8021/8021 8015/8015
f 8014/8014 8022/8022 8009/8009
f 8022/8022 8016/8016 8009/8009
f 8021/8021 8022/8022 8014/8014
f 8016/8016 8023/8023 8017/8017
f 8023/8023 8024/8024 8017/8017
f 8019/8019 8025/8025 8018/8018
f 8019/8019 8026/8026 8025/8025
f 8018/8018 8027/8027 8020/8020
f 8020/8020 8027/8027 8021/8021
f 8018/8018 8025/8025 8027/8027
f 8022/8022 8028/8028 8016/8016
f 8028/8028 8023/8023 8016/8016
f 8021/8021 8029/8029 8022/8022
f 8027/8027 8029/8029 8021/8021
f 8029/8029 8028/8028 8022/8022
f 8023/8023 8030/8030 8024/8024
f 8030/8030 8031/8031 8024/8024
f 8030/8030 8032/8032 8031/8031
f 8030/8030 8033/8033 8032/8032
f 8026/8026 8034/8034 8025/8025
f 8026/8026 8035/8035 8034/8034
f 8025/8025 8036/8036 8027/8027
f 8027/8027 8036/8036 8029/8029
f 8025/8025 8034/8034 8036/8036
f 8029/8029 8037/8037 8028/8028
f 8036/8036 8037/8037 8029/8029
f 8028/8028 8038/8038 8023/8023
f 8038/8038 8030/8030 8023/8023
f 8037/8037 8038/8038 8028/8028
f 8030/8030 8039/8039 8033/8033
f 8038/8038 8039/8039 8030/8030
f 8039/8039 8040/8040 8033/8033
f 8035/8035 8041/8041 8034/8034
f 8035/8035 8042/8042 8041/8041
f 8034/8034 8043/8043 8036/8036
f 8036/8036 8043/8043 8037/8037
f 8034/8034 8041/8041 8043/8043
f 8037/8037 8044/8044 8038/8038
f 8044/8044 8039/8039 8038/8038
f 8043/8043 8044/8044 8037/8037
f 8039/8039 8045/8045 8040/8040
f 8044/8044 8045/8045 8039/8039
f 8045/8045 8046/8046 8040/8040
f 8043/8043 8047/8047 8044/8044
f 8041/8041 8047/8047 8043/8043
f 8047/8047 8045/8045 8044/8044
f 8042/8042 8048/8048 8041/8041
f 8041/8041 8048/8048 8047/8047
f 8042/8042 8049/8049 8048/8048
f 8045/8045 8050/8050 8046/8046
f 8047/8047 8050/8050 8045/8045
f 8048/8048 8050/8050 8047/8047
f 8050/8050 8051/8051 8046/8046
f 8049/8049 8052/8052 8048/8048
f 8048/8048 8052/8052 8050/8050
f 8050/8050 8052/8052 8051/8051
f 8049/8049 8053/8053 8052/8052
f 8052/8052 8054/8054 8051/8051
f 8052/8052 8053/8053 8054/8054
f 8055/8055 8056/8056 8057/8057
f 8055/8055 8058/8058 8056/8056
f 8055/8055 8059/8059 8058/8058
f 8060/8060 8055/8055 8057/8057
f 8060/8060 8057/8057 8061/8061
f 8055/8055 8062/8062 8059/8059
f 8062/8062 8063/8063 8059/8059
f 8064/8064 8055/8055 8060/8060
f 8064/8064 8062/8062 8055/8055
f 8065/8065 8060/8060 8061/8061
f 8065/8065 8061/8061 8066/8066
f 8062/8062 8067/8067 8063/8063
f 8067/8067 8068/8068 8063/8063
f 8069/8069 8062/8062 8064/8064
f 8069/8069 8067/8067 8062/8062
f 8070/8070 8064/8064 8060/8060
f 8070/8070 8060/8060 8065/8065
f 8071/8071 8065/8065 8066/8066
f 8071/8071 8066/8066 8072/8072
f 8067/8067 8073/8073 8068/8068
f 8073/8073 8074/8074 8068/8068
f 8075/8075 8067/8067 8069/8069
f 8075/8075 8073/8073 8067/8067
f 8076/8076 8069/8069 8064/8064
f 8076/8076 8064/8064 8070/8070
f 8077/8077 8070/8070 8065/8065
f 8077/8077 8065/8065 8071/8071
f 8078/8078 8071/8071 8072/8072
f 8078/8078 8072/8072 8079/8079
f 8073/8073 8080/8080 8074/8074
f 8080/8080 8081/8081 8074/8074
f 8080/8080 8082/8082 8081/8081
f 8080/8080 8083/8083 8082/8082
f 8084/8084 8080/8080 8073/8073
f 8080/8080 8084/8084 8083/8083
f 8084/8084 8085/8085 8083/8083
f 8084/8084 8073/8073 8075/8075
f 8084/8084 8086/8086 8085/8085
f 8086/8086 8084/8084 8075/8075
f 8086/8086 8087/8087 8085/8085
f 8086/8086 8075/8075 8088/8088
f 8088/8088 8075/8075 8069/8069
f 8088/8088 8069/8069 8076/8076
f 8086/8086 8089/8089 8087/8087
f 8089/8089 8086/8086 8088/8088
f 8089/8089 8090/8090 8087/8087
f 8091/8091 8088/8088 8076/8076
f 8089/8089 8088/8088 8091/8091
f 8089/8089 8092/8092 8090/8090
f 8092/8092 8089/8089 8091/8091
f 8092/8092 8093/8093 8090/8090
f 8091/8091 8076/8076 8094/8094
f 8094/8094 8076/8076 8070/8070
f 8094/8094 8070/8070 8077/8077
f 8092/8092 8091/8091 8095/8095
f 8095/8095 8091/8091 8094/8094
f 8092/8092 8096/8096 8093/8093
f 8096/8096 8092/8092 8095/8095
f 8096/8096 8097/8097 8093/8093
f 8098/8098 8094/8094 8077/8077
f 8095/8095 8094/8094 8098/8098
f 8096/8096 8099/8099 8097/8097
f 8099/8099 8100/8100 8097/8097
f 8096/8096 8095/8095 8101/8101
f 8101/8101 8095/8095 8098/8098
f 8099/8099 8096/8096 8101/8101
f 8098/8098 8077/8077 8102/8102
f 8102/8102 8077/8077 8071/8071
f 8102/8102 8071/8071 8078/8078
f 8099/8099 8103/8103 8100/8100
f 8103/8103 8104/8104 8100/8100
f 8101/8101 8098/8098 8105/8105
f 8105/8105 8098/8098 8102/8102
f 8099/8099 8101/8101 8106/8106
f 8103/8103 8099/8099 8106/8106
f 8106/8106 8101/8101 8105/8105
f 8107/8107 8102/8102 8078/8078
f 8105/8105 8102/8102 8107/8107
f 8103/8103 8108/8108 8104/8104
f 8108/8108 8109/8109 8104/8104
f 8108/8108 8110/8110 8109/8109
f 8108/8108 8111/8111 8110/8110
f 8103/8103 8106/8106 8112/8112
f 8108/8108 8103/8103 8112/8112
f 8106/8106 8105/8105 8113/8113
f 8113/8113 8105/8105 8107/8107
f 8112/8112 8106/8106 8113/8113
f 8108/8108 8114/8114 8111/8111
f 8108/8108 8112/8112 8114/8114
f 8114/8114 8115/8115 8111/8111
f 8107/8107 8078/8078 8116/8116
f 8116/8116 8078/8078 8079/8079
f 8116/8116 8079/8079 8117/8117
f 8112/8112 8113/8113 8118/8118
f 8114/8114 8112/8112 8118/8118
f 8114/8114 8119/8119 8115/8115
f 8114/8114 8118/8118 8119/8119
f 8119/8119 8120/8120 8115/8115
f 8113/8113 8107/8107 8121/8121
f 8121/8121 8107/8107 8116/8116
f 8118/8118 8113/8113 8121/8121
f 8122/8122 8116/8116 8117/8117
f 8121/8121 8116/8116 8122/8122
f 8122/8122 8117/8117 8123/8123
f 8118/8118 8121/8121 8124/8124
f 8119/8119 8118/8118 8124/8124
f 8124/8124 8121/8121 8122/8122
f 8119/8119 8125/8125 8120/8120
f 8119/8119 8124/8124 8125/8125
f 8125/8125 8126/8126 8120/8120
f 8127/8127 8122/8122 8123/8123
f 8124/8124 8122/8122 8127/8127
f 8125/8125 8124/8124 8127/8127
f 8127/8127 8123/8123 8128/8128
f 8125/8125 8129/8129 8126/8126
f 8125/8125 8127/8127 8129/8129
f 8129/8129 8127/8127 8128/8128
f 8129/8129 8130/8130 8126/8126
f 8129/8129 8128/8128 8131/8131
f 8129/8129 8131/8131 8130/8130

o Corridor_Wall_01_15
usemtl rainwatertrim1
v 46.53656738 -1.64368778 -0.83671200
v 45.96678955 -1.64368748 -0.83671200
v 45.96678955 -1.79359623 -0.83671199
v 46.53656738 -1.79359623 -0.83671199
v 48.81399170 -1.64368778 -0.83671207
v 48.24463623 -1.64368778 -0.83671207
v 48.24463623 -1.79359623 -0.83671207
v 48.81399170 -1.79359623 -0.83671207
v 47.67527832 -1.64368778 -0.83671207
v 47.10592285 -1.64368778 -0.83671207
v 47.10592285 -1.79359623 -0.83671207
v 47.67527832 -1.79359623 -0.83671207
v 48.24463623 -1.64368778 -0.83671207
v 48.24463623 -1.79359623 -0.83671207
v 49.95270264 -1.64368778 -0.83671215
v 49.38334717 -1.64368778 -0.83671207
v 49.38334717 -1.79359623 -0.83671207
v 49.95270264 -1.79359623 -0.83671214
v 49.38334717 -1.64368778 -0.83671207
v 49.38334717 -1.79359623 -0.83671207
v 47.10592285 -1.64368778 -0.83671207
v 47.10592285 -1.79359623 -0.83671207
v 50.22513916 -1.79359623 -0.83671214
v 50.22513916 -1.64368778 -0.83671215
v 10.73032684 -1.64368774 0.03789718
v 10.16054962 -1.64368744 0.03789720
v 10.16054962 -1.79359619 0.03789720
v 10.73032700 -1.79359619 0.03789719
v 13.00775146 -1.64368774 0.03789711
v 12.43839508 -1.64368774 0.03789713
v 12.43839508 -1.79359619 0.03789713
v 13.00775146 -1.79359619 0.03789712
v 11.86903915 -1.64368774 0.03789714
v 11.29968292 -1.64368774 0.03789716
v 11.29968292 -1.79359619 0.03789717
v 11.86903900 -1.79359619 0.03789715
v 12.43839508 -1.64368774 0.03789713
v 12.43839508 -1.79359619 0.03789713
v 14.14646332 -1.64368774 0.03789707
v 13.57710724 -1.64368774 0.03789709
v 13.57710724 -1.79359619 0.03789709
v 14.14646332 -1.79359619 0.03789708
v 13.57710724 -1.64368774 0.03789709
v 13.57710724 -1.79359619 0.03789709
v 14.70818420 -1.64368774 0.03789705
v 14.70818420 -1.79359650 0.03789706
v 11.29968292 -1.64368774 0.03789716
v 11.29968292 -1.79359619 0.03789717
v 15.27796143 -1.64368774 0.03789718
v 14.70818390 -1.64368744 0.03789720
v 14.70818390 -1.79359619 0.03789720
v 15.27796143 -1.79359619 0.03789719
v 17.55538574 -1.64368774 0.03789711
v 16.98602966 -1.64368774 0.03789713
v 16.98602966 -1.79359619 0.03789713
v 17.55538574 -1.79359619 0.03789712
v 16.41667358 -1.64368774 0.03789714
v 15.84731750 -1.64368774 0.03789716
v 15.84731750 -1.79359619 0.03789717
v 16.41667358 -1.79359619 0.03789715
v 16.98602966 -1.64368774 0.03789713
v 16.98602966 -1.79359619 0.03789713
v 18.69409790 -1.64368774 0.03789707
v 18.12474121 -1.64368774 0.03789709
v 18.12474121 -1.79359619 0.03789709
v 18.69409790 -1.79359619 0.03789708
v 18.12474121 -1.64368774 0.03789709
v 18.12474121 -1.79359619 0.03789709
v 19.25581848 -1.64368774 0.03789705
v 19.25581848 -1.79359650 0.03789706
v 15.84731750 -1.64368774 0.03789716
v 15.84731750 -1.79359619 0.03789717
v 19.82559570 -1.64368774 0.03789718
v 19.25581787 -1.64368744 0.03789720
v 19.25581787 -1.79359619 0.03789720
v 19.82559570 -1.79359619 0.03789719
v 22.10302002 -1.64368774 0.03789711
v 21.53366333 -1.64368774 0.03789713
v 21.53366333 -1.79359619 0.03789713
v 22.10302002 -1.79359619 0.03789712
v 20.96430786 -1.64368774 0.03789714
v 20.39495117 -1.64368774 0.03789716
v 20.39495117 -1.79359619 0.03789717
v 20.96430786 -1.79359619 0.03789715
v 21.53366333 -1.64368774 0.03789713
v 21.53366333 -1.79359619 0.03789713
v 23.24173218 -1.64368774 0.03789707
v 22.67237549 -1.64368774 0.03789709
v 22.67237549 -1.79359619 0.03789709
v 23.24173218 -1.79359619 0.03789708
v 22.67237549 -1.64368774 0.03789709
v 22.67237549 -1.79359619 0.03789709
v 23.80345215 -1.64368774 0.03789705
v 23.80345215 -1.79359650 0.03789706
v 20.39495117 -1.64368774 0.03789716
v 20.39495117 -1.79359619 0.03789717
v 24.37322998 -1.64368774 0.03789718
v 23.80345215 -1.64368744 0.03789720
v 23.80345215 -1.79359619 0.03789720
v 24.37322998 -1.79359619 0.03789719
v 26.65065430 -1.64368774 0.03789711
v 26.08129761 -1.64368774 0.03789713
v 26.08129761 -1.79359619 0.03789713
v 26.65065430 -1.79359619 0.03789712
v 25.51194214 -1.64368774 0.03789714
v 24.94258545 -1.64368774 0.03789716
v 24.94258545 -1.79359619 0.03789717
v 25.51194214 -1.79359619 0.03789715
v 26.08129761 -1.64368774 0.03789713
v 26.08129761 -1.79359619 0.03789713
v 27.78936646 -1.64368774 0.03789707
v 27.22000977 -1.64368774 0.03789709
v 27.22000977 -1.79359619 0.03789709
v 27.78936646 -1.79359619 0.03789708
v 27.22000977 -1.64368774 0.03789709
v 27.22000977 -1.79359619 0.03789709
v 28.35108643 -1.64368774 0.03789705
v 28.35108643 -1.79359650 0.03789706
v 24.94258545 -1.64368774 0.03789716
v 24.94258545 -1.79359619 0.03789717
v 28.92086426 -1.64368774 0.03789718
v 28.35108643 -1.64368744 0.03789720
v 28.35108643 -1.79359619 0.03789720
v 28.92086426 -1.79359619 0.03789719
v 31.19828857 -1.64368774 0.03789711
v 30.62893311 -1.64368774 0.03789713
v 30.62893311 -1.79359619 0.03789713
v 31.19828857 -1.79359619 0.03789712
v 30.05957642 -1.64368774 0.03789714
v 29.49021973 -1.64368774 0.03789716
v 29.49021973 -1.79359619 0.03789717
v 30.05957642 -1.79359619 0.03789715
v 30.62893311 -1.64368774 0.03789713
v 30.62893311 -1.79359619 0.03789713
v 32.33699951 -1.64368774 0.03789707
v 31.76764404 -1.64368774 0.03789709
v 31.76764404 -1.79359619 0.03789709
v 32.33699951 -1.79359619 0.03789708
v 31.76764404 -1.64368774 0.03789709
v 31.76764404 -1.79359619 0.03789709
v 32.89872070 -1.64368774 0.03789705
v 32.89872070 -1.79359650 0.03789706
v 29.49021973 -1.64368774 0.03789716
v 29.49021973 -1.79359619 0.03789717
v 33.46849854 -1.64368774 0.03789718
v 32.89872070 -1.64368744 0.03789720
v 32.89872070 -1.79359619 0.03789720
v 33.46849854 -1.79359619 0.03789719
v 35.74592285 -1.64368774 0.03789711
v 35.17656738 -1.64368774 0.03789713
v 35.17656738 -1.79359619 0.03789713
v 35.74592285 -1.79359619 0.03789712
v 34.60720947 -1.64368774 0.03789714
v 34.03785400 -1.64368774 0.03789716
v 34.03785400 -1.79359619 0.03789717
v 34.60720947 -1.79359619 0.03789715
v 35.17656738 -1.64368774 0.03789713
v 35.17656738 -1.79359619 0.03789713
v 36.88463379 -1.64368774 0.03789707
v 36.31527832 -1.64368774 0.03789709
v 36.31527832 -1.79359619 0.03789709
v 36.88463379 -1.79359619 0.03789708
v 36.31527832 -1.64368774 0.03789709
v 36.31527832 -1.79359619 0.03789709
v 37.44635498 -1.64368774 0.03789705
v 37.44635498 -1.79359650 0.03789706
v 34.03785400 -1.64368774 0.03789716
v 34.03785400 -1.79359619 0.03789717
v 38.01613281 -1.64368774 0.03789718
v 37.44635498 -1.64368744 0.03789720
v 37.44635498 -1.79359619 0.03789720
v 38.01613281 -1.79359619 0.03789719
v 40.29355713 -1.64368774 0.03789711
v 39.72420166 -1.64368774 0.03789713
v 39.72420166 -1.79359619 0.03789713
v 40.29355713 -1.79359619 0.03789712
v 39.15484375 -1.64368774 0.03789714
v 38.58548828 -1.64368774 0.03789716
v 38.58548828 -1.79359619 0.03789717
v 39.15484375 -1.79359619 0.03789715
v 39.72420166 -1.64368774 0.03789713
v 39.72420166 -1.79359619 0.03789713
v 41.43226807 -1.64368774 0.03789707
v 40.86291260 -1.64368774 0.03789709
v 40.86291260 -1.79359619 0.03789709
v 41.43226807 -1.79359619 0.03789708
v 40.86291260 -1.64368774 0.03789709
v 40.86291260 -1.79359619 0.03789709
v 38.58548828 -1.64368774 0.03789716
v 38.58548828 -1.79359619 0.03789717
v 41.70470459 -1.79359619 0.03789707
v 41.70470459 -1.64368774 0.03789706
v 42.27822266 -1.64368778 -0.83671200
v 41.70844482 -1.64368748 -0.83671200
v 41.70844482 -1.79359623 -0.83671199
v 42.27822266 -1.79359623 -0.83671199
v 44.55564697 -1.64368778 -0.83671207
v 43.98629150 -1.64368778 -0.83671207
v 43.98629150 -1.79359623 -0.83671207
v 44.55564697 -1.79359623 -0.83671207
v 43.41693359 -1.64368778 -0.83671207
v 42.84757813 -1.64368778 -0.83671207
v 42.84757813 -1.79359623 -0.83671207
v 43.41693359 -1.79359623 -0.83671207
v 43.98629150 -1.64368778 -0.83671207
v 43.98629150 -1.79359623 -0.83671207
v 45.69435791 -1.64368778 -0.83671215
v 45.12500244 -1.64368778 -0.83671207
v 45.12500244 -1.79359623 -0.83671207
v 45.69435791 -1.79359623 -0.83671214
v 45.12500244 -1.64368778 -0.83671207
v 45.12500244 -1.79359623 -0.83671207
v 42.84757813 -1.64368778 -0.83671207
v 42.84757813 -1.79359623 -0.83671207
v 45.96679443 -1.79359623 -0.83671214
v 45.96679443 -1.64368778 -0.83671215
vt 0.49825999 0.18673402
vt 0.98949897 0.18438697
vt 0.99066001 0.32390904
vt 0.49825999 0.32917899
vt 0.50040501 0.50573999
vt 0.99186099 0.50578701
vt 0.99186099 0.64632797
vt 0.50040501 0.64737898
vt 0.49884999 0.34718704
vt 0.99030602 0.34553099
vt 0.99030602 0.48723000
vt 0.49884999 0.48712897
vt 0.00739300 0.34800303
vt 0.00739300 0.48854399
vt 0.50178701 0.66749197
vt 0.99324399 0.67084497
vt 0.99324399 0.81614500
vt 0.50178701 0.80967599
vt 0.00894800 0.50471598
vt 0.00894800 0.65001601
vt 0.00680300 0.19232500
vt 0.00680300 0.33402300
vt 0.26662701 0.80659240
vt 0.26662698 0.66502869
vt 0.49825999 0.18673402
vt 0.98949897 0.18438697
vt 0.99066001 0.32390904
vt 0.49825999 0.32917899
vt 0.50040501 0.50573999
vt 0.99186099 0.50578701
vt 0.99186099 0.64632797
vt 0.50040501 0.64737898
vt 0.49884999 0.34718704
vt 0.99030602 0.34553099
vt 0.99030602 0.48723000
vt 0.49884999 0.48712897
vt 0.00739300 0.34800303
vt 0.00739300 0.48854399
vt 0.50178701 0.66749197
vt 0.99324399 0.67084497
vt 0.99324399 0.81614500
vt 0.50178701 0.80967599
vt 0.00894800 0.50471598
vt 0.00894800 0.65001601
vt 0.01692100 0.66241300
vt 0.01692100 0.80331802
vt 0.00680300 0.19232500
vt 0.00680300 0.33402300
vt 0.49825999 0.18673402
vt 0.98949897 0.18438697
vt 0.99066001 0.32390904
vt 0.49825999 0.32917899
vt 0.50040501 0.50573999
vt 0.99186099 0.50578701
vt 0.99186099 0.64632797
vt 0.50040501 0.64737898
vt 0.49884999 0.34718704
vt 0.99030602 0.34553099
vt 0.99030602 0.48723000
vt 0.49884999 0.48712897
vt 0.00739300 0.34800303
vt 0.00739300 0.48854399
vt 0.50178701 0.66749197
vt 0.99324399 0.67084497
vt 0.99324399 0.81614500
vt 0.50178701 0.80967599
vt 0.00894800 0.50471598
vt 0.00894800 0.65001601
vt 0.01692100 0.66241300
vt 0.01692100 0.80331802
vt 0.00680300 0.19232500
vt 0.00680300 0.33402300
vt 0.49825999 0.18673402
vt 0.98949897 0.18438697
vt 0.99066001 0.32390904
vt 0.49825999 0.32917899
vt 0.50040501 0.50573999
vt 0.99186099 0.50578701
vt 0.99186099 0.64632797
vt 0.50040501 0.64737898
vt 0.49884999 0.34718704
vt 0.99030602 0.34553099
vt 0.99030602 0.48723000
vt 0.49884999 0.48712897
vt 0.00739300 0.34800303
vt 0.00739300 0.48854399
vt 0.50178701 0.66749197
vt 0.99324399 0.67084497
vt 0.99324399 0.81614500
vt 0.50178701 0.80967599
vt 0.00894800 0.50471598
vt 0.00894800 0.65001601
vt 0.01692100 0.66241300
vt 0.01692100 0.80331802
vt 0.00680300 0.19232500
vt 0.00680300 0.33402300
vt 0.49825999 0.18673402
vt 0.98949897 0.18438697
vt 0.99066001 0.32390904
vt 0.49825999 0.32917899
vt 0.50040501 0.50573999
vt 0.99186099 0.50578701
vt 0.99186099 0.64632797
vt 0.50040501 0.64737898
vt 0.49884999 0.34718704
vt 0.99030602 0.34553099
vt 0.99030602 0.48723000
vt 0.49884999 0.48712897
vt 0.00739300 0.34800303
vt 0.00739300 0.48854399
vt 0.50178701 0.66749197
vt 0.99324399 0.67084497
vt 0.99324399 0.81614500
vt 0.50178701 0.80967599
vt 0.00894800 0.50471598
vt 0.00894800 0.65001601
vt 0.01692100 0.66241300
vt 0.01692100 0.80331802
vt 0.00680300 0.19232500
vt 0.00680300 0.33402300
vt 0.49825999 0.18673402
vt 0.98949897 0.18438697
vt 0.99066001 0.32390904
vt 0.49825999 0.32917899
vt 0.50040501 0.50573999
vt 0.99186099 0.50578701
vt 0.99186099 0.64632797
vt 0.50040501 0.64737898
vt 0.49884999 0.34718704
vt 0.99030602 0.34553099
vt 0.99030602 0.48723000
vt 0.49884999 0.48712897
vt 0.00739300 0.34800303
vt 0.00739300 0.48854399
vt 0.50178701 0.66749197
vt 0.99324399 0.67084497
vt 0.99324399 0.81614500
vt 0.50178701 0.80967599
vt 0.00894800 0.50471598
vt 0.00894800 0.65001601
vt 0.01692100 0.66241300
vt 0.01692100 0.80331802
vt 0.00680300 0.19232500
vt 0.00680300 0.33402300
vt 0.49825999 0.18673402
vt 0.98949897 0.18438697
vt 0.99066001 0.32390904
vt 0.49825999 0.32917899
vt 0.50040501 0.50573999
vt 0.99186099 0.50578701
vt 0.99186099 0.64632797
vt 0.50040501 0.64737898
vt 0.49884999 0.34718704
vt 0.99030602 0.34553099
vt 0.99030602 0.48723000
vt 0.49884999 0.48712897
vt 0.00739300 0.34800303
vt 0.00739300 0.48854399
vt 0.50178701 0.66749197
vt 0.99324399 0.67084497
vt 0.99324399 0.81614500
vt 0.50178701 0.80967599
vt 0.00894800 0.50471598
vt 0.00894800 0.65001601
vt 0.01692100 0.66241300
vt 0.01692100 0.80331802
vt 0.00680300 0.19232500
vt 0.00680300 0.33402300
vt 0.49825999 0.18673402
vt 0.98949897 0.18438697
vt 0.99066001 0.32390904
vt 0.49825999 0.32917899
vt 0.50040501 0.50573999
vt 0.99186099 0.50578701
vt 0.99186099 0.64632797
vt 0.50040501 0.64737898
vt 0.49884999 0.34718704
vt 0.99030602 0.34553099
vt 0.99030602 0.48723000
vt 0.49884999 0.48712897
vt 0.00739300 0.34800303
vt 0.00739300 0.48854399
vt 0.50178701 0.66749197
vt 0.99324399 0.67084497
vt 0.99324399 0.81614500
vt 0.50178701 0.80967599
vt 0.00894800 0.50471598
vt 0.00894800 0.65001601
vt 0.00680300 0.19232500
vt 0.00680300 0.33402300
vt 0.26662701 0.80659240
vt 0.26662698 0.66502869
vt 0.49825999 0.18673402
vt 0.98949897 0.18438697
vt 0.99066001 0.32390904
vt 0.49825999 0.32917899
vt 0.50040501 0.50573999
vt 0.99186099 0.50578701
vt 0.99186099 0.64632797
vt 0.50040501 0.64737898
vt 0.49884999 0.34718704
vt 0.99030602 0.34553099
vt 0.99030602 0.48723000
vt 0.49884999 0.48712897
vt 0.00739300 0.34800303
vt 0.00739300 0.48854399
vt 0.50178701 0.66749197
vt 0.99324399 0.67084497
vt 0.99324399 0.81614500
vt 0.50178701 0.80967599
vt 0.00894800 0.50471598
vt 0.00894800 0.65001601
vt 0.00680300 0.19232500
vt 0.00680300 0.33402300
vt 0.26662701 0.80659240
vt 0.26662698 0.66502869
f 8132/8132 8133/8133 8134/8134
f 8132/8132 8134/8134 8135/8135
f 8136/8136 8137/8137 8138/8138
f 8136/8136 8138/8138 8139/8139
f 8140/8140 8141/8141 8142/8142
f 8140/8140 8142/8142 8143/8143
f 8144/8144 8140/8140 8143/8143
f 8144/8144 8143/8143 8145/8145
f 8146/8146 8147/8147 8148/8148
f 8146/8146 8148/8148 8149/8149
f 8150/8150 8136/8136 8139/8139
f 8150/8150 8139/8139 8151/8151
f 8152/8152 8132/8132 8135/8135
f 8152/8152 8135/8135 8153/8153
f 8146/8146 8149/8149 8154/8154
f 8146/8146 8154/8154 8155/8155
f 8156/8156 8157/8157 8158/8158
f 8156/8156 8158/8158 8159/8159
f 8160/8160 8161/8161 8162/8162
f 8160/8160 8162/8162 8163/8163
f 8164/8164 8165/8165 8166/8166
f 8164/8164 8166/8166 8167/8167
f 8168/8168 8164/8164 8167/8167
f 8168/8168 8167/8167 8169/8169
f 8170/8170 8171/8171 8172/8172
f 8170/8170 8172/8172 8173/8173
f 8174/8174 8160/8160 8163/8163
f 8174/8174 8163/8163 8175/8175
f 8176/8176 8170/8170 8173/8173
f 8176/8176 8173/8173 8177/8177
f 8178/8178 8156/8156 8159/8159
f 8178/8178 8159/8159 8179/8179
f 8180/8180 8181/8181 8182/8182
f 8180/8180 8182/8182 8183/8183
f 8184/8184 8185/8185 8186/8186
f 8184/8184 8186/8186 8187/8187
f 8188/8188 8189/8189 8190/8190
f 8188/8188 8190/8190 8191/8191
f 8192/8192 8188/8188 8191/8191
f 8192/8192 8191/8191 8193/8193
f 8194/8194 8195/8195 8196/8196
f 8194/8194 8196/8196 8197/8197
f 8198/8198 8184/8184 8187/8187
f 8198/8198 8187/8187 8199/8199
f 8200/8200 8194/8194 8197/8197
f 8200/8200 8197/8197 8201/8201
f 8202/8202 8180/8180 8183/8183
f 8202/8202 8183/8183 8203/8203
f 8204/8204 8205/8205 8206/8206
f 8204/8204 8206/8206 8207/8207
f 8208/8208 8209/8209 8210/8210
f 8208/8208 8210/8210 8211/8211
f 8212/8212 8213/8213 8214/8214
f 8212/8212 8214/8214 8215/8215
f 8216/8216 8212/8212 8215/8215
f 8216/8216 8215/8215 8217/8217
f 8218/8218 8219/8219 8220/8220
f 8218/8218 8220/8220 8221/8221
f 8222/8222 8208/8208 8211/8211
f 8222/8222 8211/8211 8223/8223
f 8224/8224 8218/8218 8221/8221
f 8224/8224 8221/8221 8225/8225
f 8226/8226 8204/8204 8207/8207
f 8226/8226 8207/8207 8227/8227
f 8228/8228 8229/8229 8230/8230
f 8228/8228 8230/8230 8231/8231
f 8232/8232 8233/8233 8234/8234
f 8232/8232 8234/8234 8235/8235
f 8236/8236 8237/8237 8238/8238
f 8236/8236 8238/8238 8239/8239
f 8240/8240 8236/8236 8239/8239
f 8240/8240 8239/8239 8241/8241
f 8242/8242 8243/8243 8244/8244
f 8242/8242 8244/8244 8245/8245
f 8246/8246 8232/8232 8235/8235
f 8246/8246 8235/8235 8247/8247
f 8248/8248 8242/8242 8245/8245
f 8248/8248 8245/8245 8249/8249
f 8250/8250 8228/8228 8231/8231
f 8250/8250 8231/8231 8251/8251
f 8252/8252 8253/8253 8254/8254
f 8252/8252 8254/8254 8255/8255
f 8256/8256 8257/8257 8258/8258
f 8256/8256 8258/8258 8259/8259
f 8260/8260 8261/8261 8262/8262
f 8260/8260 8262/8262 8263/8263
f 8264/8264 8260/8260 8263/8263
f 8264/8264 8263/8263 8265/8265
f 8266/8266 8267/8267 8268/8268
f 8266/8266 8268/8268 8269/8269
f 8270/8270 8256/8256 8259/8259
f 8270/8270 8259/8259 8271/8271
f 8272/8272 8266/8266 8269/8269
f 8272/8272 8269/8269 8273/8273
f 8274/8274 8252/8252 8255/8255
f 8274/8274 8255/8255 8275/8275
f 8276/8276 8277/8277 8278/8278
f 8276/8276 8278/8278 8279/8279
f 8280/8280 8281/8281 8282/8282
f 8280/8280 8282/8282 8283/8283
f 8284/8284 8285/8285 8286/8286
f 8284/8284 8286/8286 8287/8287
f 8288/8288 8284/8284 8287/8287
f 8288/8288 8287/8287 8289/8289
f 8290/8290 8291/8291 8292/8292
f 8290/8290 8292/8292 8293/8293
f 8294/8294 8280/8280 8283/8283
f 8294/8294 8283/8283 8295/8295
f 8296/8296 8290/8290 8293/8293
f 8296/8296 8293/8293 8297/8297
f 8298/8298 8276/8276 8279/8279
f 8298/8298 8279/8279 8299/8299
f 8300/8300 8301/8301 8302/8302
f 8300/8300 8302/8302 8303/8303
f 8304/8304 8305/8305 8306/8306
f 8304/8304 8306/8306 8307/8307
f 8308/8308 8309/8309 8310/8310
f 8308/8308 8310/8310 8311/8311
f 8312/8312 8308/8308 8311/8311
f 8312/8312 8311/8311 8313/8313
f 8314/8314 8315/8315 8316/8316
f 8314/8314 8316/8316 8317/8317
f 8318/8318 8304/8304 8307/8307
f 8318/8318 8307/8307 8319/8319
f 8320/8320 8300/8300 8303/8303
f 8320/8320 8303/8303 8321/8321
f 8314/8314 8317/8317 8322/8322
f 8314/8314 8322/8322 8323/8323
f 8324/8324 8325/8325 8326/8326
f 8324/8324 8326/8326 8327/8327
f 8328/8328 8329/8329 8330/8330
f 8328/8328 8330/8330 8331/8331
f 8332/8332 8333/8333 8334/8334
f 8332/8332 8334/8334 8335/8335
f 8336/8336 8332/8332 8335/8335
f 8336/8336 8335/8335 8337/8337
f 8338/8338 8339/8339 8340/8340
f 8338/8338 8340/8340 8341/8341
f 8342/8342 8328/8328 8331/8331
f 8342/8342 8331/8331 8343/8343
f 8344/8344 8324/8324 8327/8327
f 8344/8344 8327/8327 8345/8345
f 8338/8338 8341/8341 8346/8346
f 8338/8338 8346/8346 8347/8347

o Corridor_Wall_01_16
usemtl Control_01
v 10.22774120 -1.26668434 1.72307719
v 10.11909714 -1.26668434 1.72307719
v 10.11909714 -1.43616905 1.72307719
v 10.22774120 -1.43616905 1.72307719
v 10.22774120 -1.45463860 1.70460780
v 10.11909714 -1.45463860 1.70460780
v 10.11909718 -1.45463861 1.34294505
v 10.22774124 -1.45463861 1.34294505
v 10.22774124 -1.43616907 1.32447566
v 10.11909729 -1.43616907 1.32447566
v 10.11909729 -1.26668436 1.32447566
v 10.22774124 -1.26668436 1.32447566
v 10.22774124 -1.24821497 1.34294505
v 10.11909718 -1.24821497 1.34294505
v 10.11909714 -1.24821495 1.70460780
v 10.22774120 -1.24821495 1.70460780
v 10.22774120 -1.26233864 1.72742304
v 10.22774120 -1.44051476 1.72742305
v 10.26335400 -1.44051476 1.72742305
v 10.26335396 -1.26233864 1.72742304
v 10.22774120 -1.45898430 1.70895366
v 10.22774124 -1.45898432 1.33859935
v 10.26335415 -1.45898432 1.33859935
v 10.26335400 -1.45898430 1.70895366
v 10.22774124 -1.44051478 1.32012981
v 10.22774124 -1.26233866 1.32012980
v 10.26335411 -1.26233866 1.32012980
v 10.26335415 -1.44051478 1.32012981
v 10.22774124 -1.24386911 1.33859934
v 10.22774120 -1.24386910 1.70895365
v 10.26335396 -1.24386910 1.70895365
v 10.26335411 -1.24386911 1.33859934
v 10.22774120 -1.26668434 1.72307719
v 10.22774120 -1.43616905 1.72307719
v 10.22774120 -1.44051476 1.72742305
v 10.22774120 -1.26233864 1.72742304
v 10.22774120 -1.45463860 1.70460780
v 10.22774124 -1.45463861 1.34294505
v 10.22774124 -1.45898432 1.33859935
v 10.22774120 -1.45898430 1.70895366
v 10.22774124 -1.43616907 1.32447566
v 10.22774124 -1.26668436 1.32447566
v 10.22774124 -1.26233866 1.32012980
v 10.22774124 -1.44051478 1.32012981
v 10.22774124 -1.24821497 1.34294505
v 10.22774120 -1.24821495 1.70460780
v 10.22774120 -1.24386910 1.70895365
v 10.22774124 -1.24386911 1.33859934
v 10.22774120 -1.25283226 1.71845988
v 10.11909714 -1.25283226 1.71845988
v 10.11909714 -1.45002098 1.71845989
v 10.22774120 -1.45002098 1.71845989
v 10.22774120 -1.45002098 1.71845989
v 10.11909714 -1.45002098 1.71845989
v 10.11909729 -1.45002131 1.32909297
v 10.22774124 -1.45002131 1.32909297
v 10.22774124 -1.45002131 1.32909297
v 10.11909729 -1.45002131 1.32909297
v 10.11909729 -1.25283228 1.32909296
v 10.22774124 -1.25283228 1.32909296
v 10.22774124 -1.25283228 1.32909296
v 10.11909729 -1.25283228 1.32909296
v 10.11909714 -1.25283226 1.71845988
v 10.22774120 -1.25283226 1.71845988
v 10.26335400 -1.44223259 1.72931712
v 10.22774120 -1.44223259 1.72931712
v 10.22774120 -1.45866143 1.72710048
v 10.26335400 -1.45866143 1.72710048
v 10.22774120 -1.26062081 1.72931712
v 10.26335396 -1.26062081 1.72931712
v 10.26335396 -1.24419197 1.72710047
v 10.22774120 -1.24419197 1.72710047
v 10.26335415 -1.46087854 1.33688152
v 10.22774124 -1.46087854 1.33688152
v 10.22774124 -1.45866144 1.32045238
v 10.26335415 -1.45866144 1.32045238
v 10.22774120 -1.46087822 1.71067150
v 10.26335400 -1.46087822 1.71067150
v 10.26335400 -1.45866143 1.72710048
v 10.22774120 -1.45866143 1.72710048
v 10.26335411 -1.26062082 1.31823588
v 10.22774124 -1.26062082 1.31823588
v 10.22774124 -1.24419214 1.32045237
v 10.26335411 -1.24419214 1.32045237
v 10.22774124 -1.44223261 1.31823589
v 10.26335415 -1.44223261 1.31823589
v 10.26335415 -1.45866144 1.32045238
v 10.22774124 -1.45866144 1.32045238
v 10.26335396 -1.24197502 1.71067149
v 10.22774120 -1.24197502 1.71067149
v 10.22774120 -1.24419197 1.72710047
v 10.26335396 -1.24419197 1.72710047
v 10.22774124 -1.24197504 1.33688151
v 10.26335411 -1.24197504 1.33688151
v 10.26335411 -1.24419214 1.32045237
v 10.22774124 -1.24419214 1.32045237
v 10.22774120 -1.44051476 1.72742305
v 10.22774120 -1.43616905 1.72307719
v 10.22774120 -1.45002098 1.71845989
v 10.22774120 -1.45436699 1.72280559
v 10.22774120 -1.26668434 1.72307719
v 10.22774120 -1.26233864 1.72742304
v 10.22774120 -1.24848656 1.72280558
v 10.22774120 -1.25283226 1.71845988
v 10.22774124 -1.45898432 1.33859935
v 10.22774124 -1.45463861 1.34294505
v 10.22774124 -1.45002131 1.32909297
v 10.22774124 -1.45436701 1.32474712
v 10.22774120 -1.45463860 1.70460780
v 10.22774120 -1.45898430 1.70895366
v 10.22774124 -1.26233866 1.32012980
v 10.22774124 -1.26668436 1.32447566
v 10.22774124 -1.25283228 1.32909296
v 10.22774124 -1.24848658 1.32474711
v 10.22774124 -1.43616907 1.32447566
v 10.22774124 -1.44051478 1.32012981
v 10.22774120 -1.24386910 1.70895365
v 10.22774120 -1.24821495 1.70460780
v 10.22774124 -1.24821497 1.34294505
v 10.22774124 -1.24386911 1.33859934
v 10.11909729 -1.43616907 1.32447566
v 10.11909729 -1.45002131 1.32909297
v 10.11909729 -1.25283228 1.32909296
v 10.11909729 -1.26668436 1.32447566
v 10.11909718 -1.45463861 1.34294505
v 10.11909718 -1.24821497 1.34294505
v 10.11909714 -1.45463860 1.70460780
v 10.11909714 -1.24821495 1.70460780
v 10.11909714 -1.45002098 1.71845989
v 10.11909714 -1.25283226 1.71845988
v 10.11909714 -1.43616905 1.72307719
v 10.11909714 -1.26668434 1.72307719
v 10.25900833 -1.43822289 1.71329936
v 10.25900833 -1.44320122 1.71163982
v 10.25900829 -1.25965233 1.71163981
v 10.25900829 -1.26463051 1.71329936
v 10.26335396 -1.26233864 1.72742304
v 10.26335400 -1.44051476 1.72742305
v 10.26335400 -1.43875176 1.71655864
v 10.26335400 -1.26410164 1.71655863
v 10.26335400 -1.44051476 1.72742305
v 10.26335400 -1.45436699 1.72280559
v 10.26335400 -1.44577782 1.71421672
v 10.26335400 -1.43875176 1.71655864
v 10.26335400 -1.45898430 1.70895366
v 10.26335400 -1.44811974 1.70719066
v 10.26335400 -1.45898430 1.70895366
v 10.26335415 -1.45898432 1.33859935
v 10.26335415 -1.44812006 1.34036235
v 10.26335400 -1.44811974 1.70719066
v 10.26335415 -1.45898432 1.33859935
v 10.26335415 -1.45436701 1.32474712
v 10.26335415 -1.44577784 1.33333629
v 10.26335415 -1.44812006 1.34036235
v 10.26335415 -1.44051478 1.32012981
v 10.26335415 -1.43875177 1.33099422
v 10.26335415 -1.44051478 1.32012981
v 10.26335411 -1.26233866 1.32012980
v 10.26335411 -1.26410166 1.33099421
v 10.26335415 -1.43875177 1.33099422
v 10.26335411 -1.26233866 1.32012980
v 10.26335411 -1.24848658 1.32474711
v 10.26335411 -1.25707560 1.33333628
v 10.26335411 -1.26410166 1.33099421
v 10.26335411 -1.24386911 1.33859934
v 10.26335411 -1.25473352 1.34036234
v 10.26335411 -1.24386911 1.33859934
v 10.26335396 -1.24386910 1.70895365
v 10.26335400 -1.25473351 1.70719065
v 10.26335411 -1.25473352 1.34036234
v 10.26335396 -1.24386910 1.70895365
v 10.26335396 -1.24848656 1.72280558
v 10.26335400 -1.25707558 1.71421671
v 10.26335400 -1.25473351 1.70719065
v 10.26335396 -1.26233864 1.72742304
v 10.26335400 -1.26410164 1.71655863
v 10.26335400 -1.26410164 1.71655863
v 10.26335400 -1.43875176 1.71655864
v 10.25900833 -1.43822289 1.71329936
v 10.25900829 -1.26463051 1.71329936
v 10.26335400 -1.43875176 1.71655864
v 10.26335400 -1.44577782 1.71421672
v 10.25900833 -1.44320122 1.71163982
v 10.25900833 -1.43822289 1.71329936
v 10.26335400 -1.44577782 1.71421672
v 10.26335400 -1.44811974 1.70719066
v 10.25900833 -1.44486046 1.70666148
v 10.25900833 -1.44320122 1.71163982
v 10.26335400 -1.44811974 1.70719066
v 10.26335415 -1.44812006 1.34036235
v 10.25900837 -1.44486048 1.34089122
v 10.25900833 -1.44486046 1.70666148
v 10.26335415 -1.44812006 1.34036235
v 10.26335415 -1.44577784 1.33333629
v 10.25900837 -1.44320124 1.33591289
v 10.25900837 -1.44486048 1.34089122
v 10.26335415 -1.44577784 1.33333629
v 10.26335415 -1.43875177 1.33099422
v 10.25900837 -1.43822290 1.33425365
v 10.25900837 -1.44320124 1.33591289
v 10.26335415 -1.43875177 1.33099422
v 10.26335411 -1.26410166 1.33099421
v 10.25900833 -1.26463068 1.33425364
v 10.25900837 -1.43822290 1.33425365
v 10.26335411 -1.26410166 1.33099421
v 10.26335411 -1.25707560 1.33333628
v 10.25900833 -1.25965235 1.33591288
v 10.25900833 -1.26463068 1.33425364
v 10.26335411 -1.25707560 1.33333628
v 10.26335411 -1.25473352 1.34036234
v 10.25900833 -1.25799295 1.34089121
v 10.25900833 -1.25965235 1.33591288
v 10.26335411 -1.25473352 1.34036234
v 10.26335400 -1.25473351 1.70719065
v 10.25900829 -1.25799279 1.70666148
v 10.25900833 -1.25799295 1.34089121
v 10.26335400 -1.25473351 1.70719065
v 10.26335400 -1.25707558 1.71421671
v 10.25900829 -1.25965233 1.71163981
v 10.25900829 -1.25799279 1.70666148
v 10.26335400 -1.25707558 1.71421671
v 10.26335400 -1.26410164 1.71655863
v 10.25900829 -1.26463051 1.71329936
v 10.25900829 -1.25965233 1.71163981
v 10.26335400 -1.44051476 1.72742305
v 10.22774120 -1.44051476 1.72742305
v 10.22774120 -1.44223259 1.72931712
v 10.26335400 -1.44223259 1.72931712
v 10.22774120 -1.45866143 1.72710048
v 10.22774120 -1.44223259 1.72931712
v 10.22774120 -1.46087822 1.71067150
v 10.22774120 -1.45898430 1.70895366
v 10.26335400 -1.45898430 1.70895366
v 10.26335400 -1.46087822 1.71067150
v 10.22774120 -1.46087822 1.71067150
v 10.26335400 -1.45866143 1.72710048
v 10.26335400 -1.46087822 1.71067150
v 10.26335400 -1.44223259 1.72931712
v 10.22774120 -1.26233864 1.72742304
v 10.26335396 -1.26233864 1.72742304
v 10.26335396 -1.26062081 1.72931712
v 10.22774120 -1.26062081 1.72931712
v 10.26335396 -1.24419197 1.72710047
v 10.26335396 -1.26062081 1.72931712
v 10.26335396 -1.24197502 1.71067149
v 10.26335396 -1.24386910 1.70895365
v 10.22774120 -1.24386910 1.70895365
v 10.22774120 -1.24197502 1.71067149
v 10.26335396 -1.24197502 1.71067149
v 10.22774120 -1.24419197 1.72710047
v 10.22774120 -1.24197502 1.71067149
v 10.22774120 -1.26062081 1.72931712
v 10.26335415 -1.45898432 1.33859935
v 10.22774124 -1.45898432 1.33859935
v 10.22774124 -1.46087854 1.33688152
v 10.26335415 -1.46087854 1.33688152
v 10.22774124 -1.45866144 1.32045238
v 10.22774124 -1.46087854 1.33688152
v 10.22774124 -1.44223261 1.31823589
v 10.22774124 -1.44051478 1.32012981
v 10.26335415 -1.44051478 1.32012981
v 10.26335415 -1.44223261 1.31823589
v 10.22774124 -1.44223261 1.31823589
v 10.26335415 -1.45866144 1.32045238
v 10.26335415 -1.44223261 1.31823589
v 10.26335415 -1.46087854 1.33688152
v 10.26335411 -1.26233866 1.32012980
v 10.22774124 -1.26233866 1.32012980
v 10.22774124 -1.26062082 1.31823588
v 10.26335411 -1.26062082 1.31823588
v 10.22774124 -1.24419214 1.32045237
v 10.22774124 -1.26062082 1.31823588
v 10.22774124 -1.24197504 1.33688151
v 10.22774124 -1.24386911 1.33859934
v 10.26335411 -1.24386911 1.33859934
v 10.26335411 -1.24197504 1.33688151
v 10.22774124 -1.24197504 1.33688151
v 10.26335411 -1.24419214 1.32045237
v 10.26335411 -1.24197504 1.33688151
v 10.26335411 -1.26062082 1.31823588
v 10.15592377 -1.32329781 1.75974528
v 10.15592377 -1.29550926 1.72305705
v 10.15592377 -1.40734398 1.72305705
v 10.15592377 -1.37955559 1.75974528
v 10.22652748 -1.32329781 1.75974528
v 10.22652748 -1.37955559 1.75974528
v 10.22652748 -1.40734398 1.72305705
v 10.22652748 -1.29550926 1.72305705
v 10.16135588 -1.32488243 1.76517741
v 10.16135588 -1.37797081 1.76517741
v 10.22109524 -1.37797081 1.76517741
v 10.22109524 -1.32488243 1.76517741
v 10.16135588 -1.38520592 1.76005305
v 10.16135601 -1.41310265 1.72305705
v 10.22109524 -1.41310265 1.72305705
v 10.22109524 -1.38520592 1.76005305
v 10.16135599 -1.28975075 1.72305705
v 10.16135588 -1.31764748 1.76005305
v 10.22109524 -1.31764748 1.76005305
v 10.22109524 -1.28975075 1.72305705
v 10.15728174 -1.32448631 1.76381938
v 10.15795284 -1.32084679 1.76320567
v 10.15728174 -1.31906014 1.75997599
v 10.15728174 -1.38379326 1.75997600
v 10.15795284 -1.38200646 1.76320567
v 10.15728174 -1.37836693 1.76381938
v 10.22516937 -1.31906014 1.75997599
v 10.22449837 -1.32084679 1.76320582
v 10.22516937 -1.32448631 1.76381938
v 10.22516937 -1.37836693 1.76381938
v 10.22449837 -1.38200646 1.76320582
v 10.22516937 -1.38379326 1.75997600
v 10.16135588 -1.32035774 1.76389628
v 10.15795284 -1.32084679 1.76320567
v 10.15728174 -1.32448631 1.76381938
v 10.15728174 -1.37836693 1.76381938
v 10.15795284 -1.38200646 1.76320567
v 10.16135588 -1.38249565 1.76389628
v 10.22109524 -1.38249565 1.76389628
v 10.22449837 -1.38200646 1.76320582
v 10.22516937 -1.37836693 1.76381938
v 10.22516937 -1.32448631 1.76381938
v 10.22449837 -1.32084679 1.76320582
v 10.22109524 -1.32035774 1.76389628
v 10.16135588 -1.38249565 1.76389628
v 10.15795284 -1.38200646 1.76320567
v 10.15728174 -1.38379326 1.75997600
v 10.22516937 -1.38379326 1.75997600
v 10.22449837 -1.38200646 1.76320582
v 10.22109524 -1.38249565 1.76389628
v 10.15728174 -1.31906014 1.75997599
v 10.15795284 -1.32084679 1.76320567
v 10.16135588 -1.32035774 1.76389628
v 10.22109524 -1.32035774 1.76389628
v 10.22449837 -1.32084679 1.76320582
v 10.22516937 -1.31906014 1.75997599
v 10.15728186 -1.29119042 1.72305705
v 10.15728186 -1.41166313 1.72305705
v 10.22516949 -1.41166313 1.72305705
v 10.22516949 -1.29119042 1.72305705
v 10.15728186 -1.41166313 1.72305705
v 10.22516949 -1.41166313 1.72305705
v 10.15728186 -1.29119042 1.72305705
v 10.22516949 -1.29119042 1.72305705
v 10.25848560 -1.40793817 1.45542522
v 10.25848560 -1.39467889 1.47526927
v 10.25848560 -1.37483453 1.48852885
v 10.25848560 -1.35142663 1.49318492
v 10.25848560 -1.32801874 1.48852885
v 10.25848560 -1.30817468 1.47526927
v 10.25848560 -1.29491510 1.45542521
v 10.25848560 -1.29025903 1.43201731
v 10.25848560 -1.29491510 1.40860942
v 10.25848560 -1.30817468 1.38876521
v 10.25848560 -1.32801874 1.37550578
v 10.25848560 -1.35142664 1.37084956
v 10.25848560 -1.37483454 1.37550578
v 10.25848560 -1.39467890 1.38876521
v 10.25848560 -1.40793817 1.40860942
v 10.25848560 -1.41259454 1.43201732
v 10.25848560 -1.40793816 1.63892818
v 10.25848557 -1.39467888 1.65877238
v 10.25848557 -1.37483452 1.67203196
v 10.25848557 -1.35142663 1.67668803
v 10.25848557 -1.32801873 1.67203196
v 10.25848557 -1.30817467 1.65877238
v 10.25848557 -1.29491509 1.63892817
v 10.25848557 -1.29025903 1.61552043
v 10.25848557 -1.29491509 1.59211253
v 10.25848557 -1.30817468 1.57226817
v 10.25848560 -1.32801873 1.55900874
v 10.25848560 -1.35142663 1.55435252
v 10.25848560 -1.37483453 1.55900874
v 10.25848560 -1.39467889 1.57226817
v 10.25848560 -1.40793816 1.59211253
v 10.25848560 -1.41259423 1.61552043
v 10.25848560 -1.41259454 1.43201732
v 10.25848560 -1.40793817 1.40860942
v 10.26326134 -1.40793817 1.40860942
v 10.26326134 -1.41259454 1.43201732
v 10.25848560 -1.39467890 1.38876521
v 10.26326134 -1.39467890 1.38876521
v 10.25848560 -1.39467890 1.38876521
v 10.25848560 -1.37483454 1.37550578
v 10.26326134 -1.37483454 1.37550578
v 10.26326134 -1.39467890 1.38876521
v 10.25848560 -1.35142664 1.37084956
v 10.26326134 -1.35142664 1.37084956
v 10.25848560 -1.32801874 1.37550578
v 10.26326134 -1.32801874 1.37550578
v 10.25848560 -1.30817468 1.38876521
v 10.26326134 -1.30817468 1.38876521
v 10.25848560 -1.30817468 1.38876521
v 10.25848560 -1.29491510 1.40860942
v 10.26326134 -1.29491510 1.40860942
v 10.26326134 -1.30817468 1.38876521
v 10.25848560 -1.29025903 1.43201731
v 10.26326134 -1.29025903 1.43201731
v 10.25848560 -1.29491510 1.45542521
v 10.26326134 -1.29491510 1.45542521
v 10.25848560 -1.30817468 1.47526927
v 10.26326134 -1.30817468 1.47526927
v 10.25848560 -1.30817468 1.47526927
v 10.25848560 -1.32801874 1.48852885
v 10.26326134 -1.32801874 1.48852885
v 10.26326134 -1.30817468 1.47526927
v 10.25848560 -1.35142663 1.49318492
v 10.26326134 -1.35142663 1.49318492
v 10.25848560 -1.37483453 1.48852885
v 10.26326134 -1.37483453 1.48852885
v 10.25848560 -1.39467889 1.47526927
v 10.26326134 -1.39467889 1.47526927
v 10.25848560 -1.39467889 1.47526927
v 10.25848560 -1.40793817 1.45542522
v 10.26326134 -1.40793817 1.45542522
v 10.26326134 -1.39467889 1.47526927
v 10.26326134 -1.41259454 1.43201732
v 10.26326134 -1.40793817 1.40860942
v 10.26490803 -1.40483789 1.40989360
v 10.26490803 -1.40923853 1.43201732
v 10.26326134 -1.40793817 1.40860942
v 10.26326134 -1.39467890 1.38876521
v 10.26490803 -1.39230585 1.39113826
v 10.26490803 -1.40483789 1.40989360
v 10.26326134 -1.39467890 1.38876521
v 10.26326134 -1.37483454 1.37550578
v 10.26490803 -1.37355036 1.37860637
v 10.26490803 -1.39230585 1.39113826
v 10.26326134 -1.37483454 1.37550578
v 10.26326134 -1.35142664 1.37084956
v 10.26490807 -1.35142664 1.37420573
v 10.26490803 -1.37355036 1.37860637
v 10.26326134 -1.35142664 1.37084956
v 10.26326134 -1.32801874 1.37550578
v 10.26490803 -1.32930323 1.37860636
v 10.26490807 -1.35142664 1.37420573
v 10.26326134 -1.32801874 1.37550578
v 10.26326134 -1.30817468 1.38876521
v 10.26490803 -1.31054773 1.39113825
v 10.26490803 -1.32930323 1.37860636
v 10.26326134 -1.30817468 1.38876521
v 10.26326134 -1.29491510 1.40860942
v 10.26490803 -1.29801569 1.40989359
v 10.26490803 -1.31054773 1.39113825
v 10.26326134 -1.29491510 1.40860942
v 10.26326134 -1.29025903 1.43201731
v 10.26490803 -1.29361505 1.43201731
v 10.26490803 -1.29801569 1.40989359
v 10.26326134 -1.29025903 1.43201731
v 10.26326134 -1.29491510 1.45542521
v 10.26490803 -1.29801569 1.45414088
v 10.26490803 -1.29361505 1.43201731
v 10.26326134 -1.29491510 1.45542521
v 10.26326134 -1.30817468 1.47526927
v 10.26490803 -1.31054773 1.47289622
v 10.26490803 -1.29801569 1.45414088
v 10.26326134 -1.30817468 1.47526927
v 10.26326134 -1.32801874 1.48852885
v 10.26490803 -1.32930322 1.48542826
v 10.26490803 -1.31054773 1.47289622
v 10.26326134 -1.32801874 1.48852885
v 10.26326134 -1.35142663 1.49318492
v 10.26490803 -1.35142663 1.48982905
v 10.26490803 -1.32930322 1.48542826
v 10.26326134 -1.35142663 1.49318492
v 10.26326134 -1.37483453 1.48852885
v 10.26490803 -1.37355035 1.48542827
v 10.26490803 -1.35142663 1.48982905
v 10.26326134 -1.37483453 1.48852885
v 10.26326134 -1.39467889 1.47526927
v 10.26490803 -1.39230585 1.47289622
v 10.26490803 -1.37355035 1.48542827
v 10.26326134 -1.39467889 1.47526927
v 10.26326134 -1.40793817 1.45542522
v 10.26490803 -1.40483789 1.45414088
v 10.26490803 -1.39230585 1.47289622
v 10.26326134 -1.40793817 1.45542522
v 10.26326134 -1.41259454 1.43201732
v 10.26490803 -1.40923853 1.43201732
v 10.26490803 -1.40483789 1.45414088
v 10.26490803 -1.40923853 1.43201732
v 10.26490803 -1.40483789 1.40989360
v 10.26696159 -1.40190729 1.41110759
v 10.26696159 -1.40606653 1.43201732
v 10.26490803 -1.40483789 1.40989360
v 10.26490803 -1.39230585 1.39113826
v 10.26696159 -1.39006281 1.39338115
v 10.26696159 -1.40190729 1.41110759
v 10.26490803 -1.39230585 1.39113826
v 10.26490803 -1.37355036 1.37860637
v 10.26696159 -1.37233637 1.38153666
v 10.26696159 -1.39006281 1.39338115
v 10.26490803 -1.37355036 1.37860637
v 10.26490807 -1.35142664 1.37420573
v 10.26696159 -1.35142664 1.37737742
v 10.26696159 -1.37233637 1.38153666
v 10.26490807 -1.35142664 1.37420573
v 10.26490803 -1.32930323 1.37860636
v 10.26696159 -1.33051691 1.38153666
v 10.26696159 -1.35142664 1.37737742
v 10.26490803 -1.32930323 1.37860636
v 10.26490803 -1.31054773 1.39113825
v 10.26696159 -1.31279047 1.39338114
v 10.26696159 -1.33051691 1.38153666
v 10.26490803 -1.31054773 1.39113825
v 10.26490803 -1.29801569 1.40989359
v 10.26696159 -1.30094614 1.41110758
v 10.26696159 -1.31279047 1.39338114
v 10.26490803 -1.29801569 1.40989359
v 10.26490803 -1.29361505 1.43201731
v 10.26696159 -1.29678690 1.43201731
v 10.26696159 -1.30094614 1.41110758
v 10.26490803 -1.29361505 1.43201731
v 10.26490803 -1.29801569 1.45414088
v 10.26696159 -1.30094614 1.45292704
v 10.26696159 -1.29678690 1.43201731
v 10.26490803 -1.29801569 1.45414088
v 10.26490803 -1.31054773 1.47289622
v 10.26696159 -1.31279046 1.47065348
v 10.26696159 -1.30094614 1.45292704
v 10.26490803 -1.31054773 1.47289622
v 10.26490803 -1.32930322 1.48542826
v 10.26696159 -1.33051690 1.48249797
v 10.26696159 -1.31279046 1.47065348
v 10.26490803 -1.32930322 1.48542826
v 10.26490803 -1.35142663 1.48982905
v 10.26696159 -1.35142663 1.48665721
v 10.26696159 -1.33051690 1.48249797
v 10.26490803 -1.35142663 1.48982905
v 10.26490803 -1.37355035 1.48542827
v 10.26696159 -1.37233636 1.48249797
v 10.26696159 -1.35142663 1.48665721
v 10.26490803 -1.37355035 1.48542827
v 10.26490803 -1.39230585 1.47289622
v 10.26696159 -1.39006280 1.47065349
v 10.26696159 -1.37233636 1.48249797
v 10.26490803 -1.39230585 1.47289622
v 10.26490803 -1.40483789 1.45414088
v 10.26696159 -1.40190729 1.45292705
v 10.26696159 -1.39006280 1.47065349
v 10.26490803 -1.40483789 1.45414088
v 10.26490803 -1.40923853 1.43201732
v 10.26696159 -1.40606653 1.43201732
v 10.26696159 -1.40190729 1.45292705
v 10.26696159 -1.40606653 1.43201732
v 10.26696159 -1.40190729 1.41110759
v 10.26491486 -1.40006342 1.41187129
v 10.26491486 -1.40407098 1.43201732
v 10.26696159 -1.40190729 1.41110759
v 10.26696159 -1.39006281 1.39338115
v 10.26491486 -1.38865167 1.39479228
v 10.26491486 -1.40006342 1.41187129
v 10.26696159 -1.39006281 1.39338115
v 10.26696159 -1.37233637 1.38153666
v 10.26491486 -1.37157282 1.38338054
v 10.26491486 -1.38865167 1.39479228
v 10.26696159 -1.37233637 1.38153666
v 10.26696159 -1.35142664 1.37737742
v 10.26491486 -1.35142664 1.37937312
v 10.26491486 -1.37157282 1.38338054
v 10.26696159 -1.35142664 1.37737742
v 10.26696159 -1.33051691 1.38153666
v 10.26491486 -1.33128076 1.38338053
v 10.26491486 -1.35142664 1.37937312
v 10.26696159 -1.33051691 1.38153666
v 10.26696159 -1.31279047 1.39338114
v 10.26491486 -1.31420175 1.39479228
v 10.26491486 -1.33128076 1.38338053
v 10.26696159 -1.31279047 1.39338114
v 10.26696159 -1.30094614 1.41110758
v 10.26491486 -1.30278986 1.41187129
v 10.26491486 -1.31420175 1.39479228
v 10.26696159 -1.30094614 1.41110758
v 10.26696159 -1.29678690 1.43201731
v 10.26491486 -1.29878259 1.43201731
v 10.26491486 -1.30278986 1.41187129
v 10.26696159 -1.29678690 1.43201731
v 10.26696159 -1.30094614 1.45292704
v 10.26491486 -1.30278986 1.45216334
v 10.26491486 -1.29878259 1.43201731
v 10.26696159 -1.30094614 1.45292704
v 10.26696159 -1.31279046 1.47065348
v 10.26491486 -1.31420160 1.46924235
v 10.26491486 -1.30278986 1.45216334
v 10.26696159 -1.31279046 1.47065348
v 10.26696159 -1.33051690 1.48249797
v 10.26491486 -1.33128076 1.48065409
v 10.26491486 -1.31420160 1.46924235
v 10.26696159 -1.33051690 1.48249797
v 10.26696159 -1.35142663 1.48665721
v 10.26491486 -1.35142663 1.48466136
v 10.26491486 -1.33128076 1.48065409
v 10.26696159 -1.35142663 1.48665721
v 10.26696159 -1.37233636 1.48249797
v 10.26491486 -1.37157281 1.48065410
v 10.26491486 -1.35142663 1.48466136
v 10.26696159 -1.37233636 1.48249797
v 10.26696159 -1.39006280 1.47065349
v 10.26491486 -1.38865167 1.46924235
v 10.26491486 -1.37157281 1.48065410
v 10.26696159 -1.39006280 1.47065349
v 10.26696159 -1.40190729 1.45292705
v 10.26491486 -1.40006372 1.45216319
v 10.26491486 -1.38865167 1.46924235
v 10.26696159 -1.40190729 1.45292705
v 10.26696159 -1.40606653 1.43201732
v 10.26491486 -1.40407098 1.43201732
v 10.26491486 -1.40006372 1.45216319
v 10.26770897 -1.39879877 1.45163936
v 10.26770897 -1.40270197 1.43201732
v 10.27258953 -1.39776971 1.43201732
v 10.27258953 -1.39424219 1.44975200
v 10.26770897 -1.40270197 1.43201732
v 10.26770897 -1.39879877 1.41239513
v 10.27258953 -1.39424219 1.41428264
v 10.27258953 -1.39776971 1.43201732
v 10.26770897 -1.39879877 1.41239513
v 10.26770897 -1.38768366 1.39576030
v 10.27258953 -1.38419611 1.39924785
v 10.27258953 -1.39424219 1.41428264
v 10.26770897 -1.38768366 1.39576030
v 10.26770897 -1.37104883 1.38464519
v 10.27258953 -1.36916132 1.38920176
v 10.27258953 -1.38419611 1.39924785
v 10.26770897 -1.37104883 1.38464519
v 10.26770897 -1.35142664 1.38074229
v 10.27258953 -1.35142664 1.38567424
v 10.27258953 -1.36916132 1.38920176
v 10.26770897 -1.35142664 1.38074229
v 10.26770897 -1.33180445 1.38464518
v 10.27258953 -1.33369196 1.38920176
v 10.27258953 -1.35142664 1.38567424
v 10.26770897 -1.33180445 1.38464518
v 10.26770897 -1.31516977 1.39576029
v 10.27258953 -1.31865732 1.39924784
v 10.27258953 -1.33369196 1.38920176
v 10.26770897 -1.31516977 1.39576029
v 10.26770897 -1.30405466 1.41239512
v 10.27258953 -1.30861139 1.41428263
v 10.27258953 -1.31865732 1.39924784
v 10.26770897 -1.30405466 1.41239512
v 10.26770897 -1.30015161 1.43201731
v 10.27258953 -1.30508371 1.43201731
v 10.27258953 -1.30861139 1.41428263
v 10.26770897 -1.30015161 1.43201731
v 10.26770897 -1.30405466 1.45163935
v 10.27258953 -1.30861139 1.44975199
v 10.27258953 -1.30508371 1.43201731
v 10.26770897 -1.30405466 1.45163935
v 10.26770897 -1.31516977 1.46827433
v 10.27258953 -1.31865716 1.46478678
v 10.27258953 -1.30861139 1.44975199
v 10.26770897 -1.31516977 1.46827433
v 10.26770897 -1.33180444 1.47938914
v 10.27258953 -1.33369195 1.47483271
v 10.27258953 -1.31865716 1.46478678
v 10.26770897 -1.33180444 1.47938914
v 10.26770897 -1.35142663 1.48329234
v 10.27258953 -1.35142663 1.47836039
v 10.27258953 -1.33369195 1.47483271
v 10.26770897 -1.35142663 1.48329234
v 10.26770897 -1.37104883 1.47938914
v 10.27258953 -1.36916131 1.47483272
v 10.27258953 -1.35142663 1.47836039
v 10.26770897 -1.37104883 1.47938914
v 10.26770897 -1.38768365 1.46827434
v 10.27258953 -1.38419610 1.46478679
v 10.27258953 -1.36916131 1.47483272
v 10.26770897 -1.38768365 1.46827434
v 10.26770897 -1.39879877 1.45163936
v 10.27258953 -1.39424219 1.44975200
v 10.27258953 -1.38419610 1.46478679
v 10.27258953 -1.39424219 1.44975200
v 10.27258953 -1.39776971 1.43201732
v 10.27535862 -1.39444055 1.43201732
v 10.27535862 -1.39116632 1.44847789
v 10.27258953 -1.39776971 1.43201732
v 10.27258953 -1.39424219 1.41428264
v 10.27535862 -1.39116632 1.41555675
v 10.27535862 -1.39444055 1.43201732
v 10.27258953 -1.39424219 1.41428264
v 10.27258953 -1.38419611 1.39924785
v 10.27535862 -1.38184198 1.40160197
v 10.27535862 -1.39116632 1.41555675
v 10.27258953 -1.38419611 1.39924785
v 10.27258953 -1.36916132 1.38920176
v 10.27535862 -1.36788751 1.39227778
v 10.27535862 -1.38184198 1.40160197
v 10.27258953 -1.36916132 1.38920176
v 10.27258953 -1.35142664 1.38567424
v 10.27535862 -1.35142664 1.38900355
v 10.27535862 -1.36788751 1.39227778
v 10.27258953 -1.35142664 1.38567424
v 10.27258953 -1.33369196 1.38920176
v 10.27535862 -1.33496607 1.39227778
v 10.27535862 -1.35142664 1.38900355
v 10.27258953 -1.33369196 1.38920176
v 10.27258953 -1.31865732 1.39924784
v 10.27535862 -1.32101145 1.40160197
v 10.27535862 -1.33496607 1.39227778
v 10.27258953 -1.31865732 1.39924784
v 10.27258953 -1.30861139 1.41428263
v 10.27535862 -1.31168710 1.41555674
v 10.27535862 -1.32101145 1.40160197
v 10.27258953 -1.30861139 1.41428263
v 10.27258953 -1.30508371 1.43201731
v 10.27535862 -1.30841287 1.43201731
v 10.27535862 -1.31168710 1.41555674
v 10.27258953 -1.30508371 1.43201731
v 10.27258953 -1.30861139 1.44975199
v 10.27535862 -1.31168710 1.44847789
v 10.27535862 -1.30841287 1.43201731
v 10.27258953 -1.30861139 1.44975199
v 10.27258953 -1.31865716 1.46478678
v 10.27535862 -1.32101144 1.46243266
v 10.27535862 -1.31168710 1.44847789
v 10.27258953 -1.31865716 1.46478678
v 10.27258953 -1.33369195 1.47483271
v 10.27535862 -1.33496606 1.47175669
v 10.27535862 -1.32101144 1.46243266
v 10.27258953 -1.33369195 1.47483271
v 10.27258953 -1.35142663 1.47836039
v 10.27535862 -1.35142663 1.47503108
v 10.27535862 -1.33496606 1.47175669
v 10.27258953 -1.35142663 1.47836039
v 10.27258953 -1.36916131 1.47483272
v 10.27535862 -1.36788751 1.47175670
v 10.27535862 -1.35142663 1.47503108
v 10.27258953 -1.36916131 1.47483272
v 10.27258953 -1.38419610 1.46478679
v 10.27535862 -1.38184198 1.46243266
v 10.27535862 -1.36788751 1.47175670
v 10.27258953 -1.38419610 1.46478679
v 10.27258953 -1.39424219 1.44975200
v 10.27535862 -1.39116632 1.44847789
v 10.27535862 -1.38184198 1.46243266
v 10.27535862 -1.39444055 1.43201732
v 10.27535862 -1.38184198 1.43561320
v 10.27535862 -1.38184198 1.46243266
v 10.27535862 -1.39116632 1.44847789
v 10.27535862 -1.35142664 1.38900355
v 10.27535862 -1.33496607 1.39227778
v 10.27535862 -1.33496606 1.43499736
v 10.27535862 -1.35142664 1.43442698
v 10.27535862 -1.36788751 1.39227778
v 10.27535862 -1.36788751 1.43545848
v 10.27535862 -1.38184198 1.40160197
v 10.27535862 -1.32101145 1.40160197
v 10.27535862 -1.32101144 1.43430873
v 10.27535862 -1.31168710 1.41555674
v 10.27535862 -1.30841287 1.43201731
v 10.27535862 -1.39116632 1.41555675
v 10.27535862 -1.33496606 1.47175669
v 10.27535862 -1.35142663 1.47503108
v 10.27535862 -1.36788751 1.47175670
v 10.27535862 -1.32101144 1.46243266
v 10.27535862 -1.31168710 1.44847789
v 10.26491486 -1.40006342 1.41187129
v 10.26491486 -1.38865167 1.39479228
v 10.26491486 -1.36772638 1.41571788
v 10.26491486 -1.37272302 1.42319606
v 10.26491486 -1.37157282 1.38338054
v 10.26491486 -1.36024805 1.41072093
v 10.26491486 -1.35142664 1.37937312
v 10.26491486 -1.35142664 1.40896617
v 10.26491486 -1.33128076 1.38338053
v 10.26491486 -1.34260553 1.41072093
v 10.26491486 -1.31420175 1.39479228
v 10.26491486 -1.33512720 1.41571788
v 10.26491486 -1.30278986 1.41187129
v 10.26491486 -1.33013025 1.42319606
v 10.26491486 -1.29878259 1.43201731
v 10.26491486 -1.32837579 1.43201731
v 10.26491486 -1.30278986 1.45216334
v 10.26491486 -1.33013025 1.44083857
v 10.26491486 -1.31420160 1.46924235
v 10.26491486 -1.33512720 1.44831691
v 10.26491486 -1.33128076 1.48065409
v 10.26491486 -1.34260553 1.45331370
v 10.26491486 -1.35142663 1.48466136
v 10.26491486 -1.35142663 1.45506846
v 10.26491486 -1.37157281 1.48065410
v 10.26491486 -1.36024805 1.45331370
v 10.26491486 -1.38865167 1.46924235
v 10.26491486 -1.36772638 1.44831691
v 10.26491486 -1.40006372 1.45216319
v 10.26491486 -1.37272302 1.44083857
v 10.26491486 -1.40407098 1.43201732
v 10.26491486 -1.37447778 1.43201732
v 10.25848560 -1.41259423 1.61552043
v 10.25848560 -1.40793816 1.59211253
v 10.26326134 -1.40793816 1.59211253
v 10.26326134 -1.41259423 1.61552043
v 10.25848560 -1.39467889 1.57226817
v 10.26326134 -1.39467889 1.57226817
v 10.25848560 -1.39467889 1.57226817
v 10.25848560 -1.37483453 1.55900874
v 10.26326134 -1.37483453 1.55900874
v 10.26326134 -1.39467889 1.57226817
v 10.25848560 -1.35142663 1.55435252
v 10.26326134 -1.35142663 1.55435252
v 10.25848560 -1.32801873 1.55900874
v 10.26326134 -1.32801873 1.55900874
v 10.25848557 -1.30817468 1.57226817
v 10.26326134 -1.30817468 1.57226817
v 10.25848557 -1.30817468 1.57226817
v 10.25848557 -1.29491509 1.59211253
v 10.26326134 -1.29491509 1.59211253
v 10.26326134 -1.30817468 1.57226817
v 10.25848557 -1.29025903 1.61552043
v 10.26326134 -1.29025903 1.61552043
v 10.25848557 -1.29491509 1.63892817
v 10.26326134 -1.29491509 1.63892817
v 10.25848557 -1.30817467 1.65877238
v 10.26326134 -1.30817467 1.65877238
v 10.25848557 -1.30817467 1.65877238
v 10.25848557 -1.32801873 1.67203196
v 10.26326134 -1.32801873 1.67203196
v 10.26326134 -1.30817467 1.65877238
v 10.25848557 -1.35142663 1.67668803
v 10.26326134 -1.35142663 1.67668803
v 10.25848557 -1.37483452 1.67203196
v 10.26326134 -1.37483452 1.67203196
v 10.25848557 -1.39467888 1.65877238
v 10.26326134 -1.39467888 1.65877238
v 10.25848557 -1.39467888 1.65877238
v 10.25848560 -1.40793816 1.63892818
v 10.26326134 -1.40793816 1.63892818
v 10.26326134 -1.39467888 1.65877238
v 10.26326134 -1.41259423 1.61552043
v 10.26326134 -1.40793816 1.59211253
v 10.26490791 -1.40483788 1.59339671
v 10.26490791 -1.40923852 1.61552043
v 10.26326134 -1.40793816 1.59211253
v 10.26326134 -1.39467889 1.57226817
v 10.26490791 -1.39230584 1.57464122
v 10.26490791 -1.40483788 1.59339671
v 10.26326134 -1.39467889 1.57226817
v 10.26326134 -1.37483453 1.55900874
v 10.26490791 -1.37355035 1.56210933
v 10.26490791 -1.39230584 1.57464122
v 10.26326134 -1.37483453 1.55900874
v 10.26326134 -1.35142663 1.55435252
v 10.26490791 -1.35142663 1.55770854
v 10.26490791 -1.37355035 1.56210933
v 10.26326134 -1.35142663 1.55435252
v 10.26326134 -1.32801873 1.55900874
v 10.26490791 -1.32930322 1.56210933
v 10.26490791 -1.35142663 1.55770854
v 10.26326134 -1.32801873 1.55900874
v 10.26326134 -1.30817468 1.57226817
v 10.26490791 -1.31054772 1.57464122
v 10.26490791 -1.32930322 1.56210933
v 10.26326134 -1.30817468 1.57226817
v 10.26326134 -1.29491509 1.59211253
v 10.26490791 -1.29801568 1.59339671
v 10.26490791 -1.31054772 1.57464122
v 10.26326134 -1.29491509 1.59211253
v 10.26326134 -1.29025903 1.61552043
v 10.26490791 -1.29361504 1.61552043
v 10.26490791 -1.29801568 1.59339671
v 10.26326134 -1.29025903 1.61552043
v 10.26326134 -1.29491509 1.63892817
v 10.26490791 -1.29801568 1.63764384
v 10.26490791 -1.29361504 1.61552043
v 10.26326134 -1.29491509 1.63892817
v 10.26326134 -1.30817467 1.65877238
v 10.26490791 -1.31054757 1.65639933
v 10.26490791 -1.29801568 1.63764384
v 10.26326134 -1.30817467 1.65877238
v 10.26326134 -1.32801873 1.67203196
v 10.26490791 -1.32930321 1.66893138
v 10.26490791 -1.31054757 1.65639933
v 10.26326134 -1.32801873 1.67203196
v 10.26326134 -1.35142663 1.67668803
v 10.26490791 -1.35142663 1.67333201
v 10.26490791 -1.32930321 1.66893138
v 10.26326134 -1.35142663 1.67668803
v 10.26326134 -1.37483452 1.67203196
v 10.26490791 -1.37355034 1.66893138
v 10.26490791 -1.35142663 1.67333201
v 10.26326134 -1.37483452 1.67203196
v 10.26326134 -1.39467888 1.65877238
v 10.26490791 -1.39230584 1.65639934
v 10.26490791 -1.37355034 1.66893138
v 10.26326134 -1.39467888 1.65877238
v 10.26326134 -1.40793816 1.63892818
v 10.26490791 -1.40483788 1.63764384
v 10.26490791 -1.39230584 1.65639934
v 10.26326134 -1.40793816 1.63892818
v 10.26326134 -1.41259423 1.61552043
v 10.26490791 -1.40923852 1.61552043
v 10.26490791 -1.40483788 1.63764384
v 10.26490791 -1.40923852 1.61552043
v 10.26490791 -1.40483788 1.59339671
v 10.26696156 -1.40190728 1.59461055
v 10.26696156 -1.40606652 1.61552043
v 10.26490791 -1.40483788 1.59339671
v 10.26490791 -1.39230584 1.57464122
v 10.26696156 -1.39006280 1.57688426
v 10.26696156 -1.40190728 1.59461055
v 10.26490791 -1.39230584 1.57464122
v 10.26490791 -1.37355035 1.56210933
v 10.26696156 -1.37233636 1.56503978
v 10.26696156 -1.39006280 1.57688426
v 10.26490791 -1.37355035 1.56210933
v 10.26490791 -1.35142663 1.55770854
v 10.26696156 -1.35142663 1.56088054
v 10.26696156 -1.37233636 1.56503978
v 10.26490791 -1.35142663 1.55770854
v 10.26490791 -1.32930322 1.56210933
v 10.26696156 -1.33051690 1.56503978
v 10.26696156 -1.35142663 1.56088054
v 10.26490791 -1.32930322 1.56210933
v 10.26490791 -1.31054772 1.57464122
v 10.26696156 -1.31279046 1.57688426
v 10.26696156 -1.33051690 1.56503978
v 10.26490791 -1.31054772 1.57464122
v 10.26490791 -1.29801568 1.59339671
v 10.26696156 -1.30094598 1.59461054
v 10.26696156 -1.31279046 1.57688426
v 10.26490791 -1.29801568 1.59339671
v 10.26490791 -1.29361504 1.61552043
v 10.26696156 -1.29678689 1.61552043
v 10.26696156 -1.30094598 1.59461054
v 10.26490791 -1.29361504 1.61552043
v 10.26490791 -1.29801568 1.63764384
v 10.26696156 -1.30094597 1.63643016
v 10.26696156 -1.29678689 1.61552043
v 10.26490791 -1.29801568 1.63764384
v 10.26490791 -1.31054757 1.65639933
v 10.26696156 -1.31279046 1.65415660
v 10.26696156 -1.30094597 1.63643016
v 10.26490791 -1.31054757 1.65639933
v 10.26490791 -1.32930321 1.66893138
v 10.26696156 -1.33051690 1.66600108
v 10.26696156 -1.31279046 1.65415660
v 10.26490791 -1.32930321 1.66893138
v 10.26490791 -1.35142663 1.67333201
v 10.26696156 -1.35142663 1.67016032
v 10.26696156 -1.33051690 1.66600108
v 10.26490791 -1.35142663 1.67333201
v 10.26490791 -1.37355034 1.66893138
v 10.26696156 -1.37233635 1.66600108
v 10.26696156 -1.35142663 1.67016032
v 10.26490791 -1.37355034 1.66893138
v 10.26490791 -1.39230584 1.65639934
v 10.26696156 -1.39006280 1.65415660
v 10.26696156 -1.37233635 1.66600108
v 10.26490791 -1.39230584 1.65639934
v 10.26490791 -1.40483788 1.63764384
v 10.26696156 -1.40190728 1.63643016
v 10.26696156 -1.39006280 1.65415660
v 10.26490791 -1.40483788 1.63764384
v 10.26490791 -1.40923852 1.61552043
v 10.26696156 -1.40606652 1.61552043
v 10.26696156 -1.40190728 1.63643016
v 10.26696156 -1.40606652 1.61552043
v 10.26696156 -1.40190728 1.59461055
v 10.26491486 -1.40006341 1.59537425
v 10.26491486 -1.40407098 1.61552043
v 10.26696156 -1.40190728 1.59461055
v 10.26696156 -1.39006280 1.57688426
v 10.26491486 -1.38865167 1.57829539
v 10.26491486 -1.40006341 1.59537425
v 10.26696156 -1.39006280 1.57688426
v 10.26696156 -1.37233636 1.56503978
v 10.26491486 -1.37157281 1.56688350
v 10.26491486 -1.38865167 1.57829539
v 10.26696156 -1.37233636 1.56503978
v 10.26696156 -1.35142663 1.56088054
v 10.26491486 -1.35142663 1.56287608
v 10.26491486 -1.37157281 1.56688350
v 10.26696156 -1.35142663 1.56088054
v 10.26696156 -1.33051690 1.56503978
v 10.26491486 -1.33128076 1.56688350
v 10.26491486 -1.35142663 1.56287608
v 10.26696156 -1.33051690 1.56503978
v 10.26696156 -1.31279046 1.57688426
v 10.26491482 -1.31420159 1.57829539
v 10.26491486 -1.33128076 1.56688350
v 10.26696156 -1.31279046 1.57688426
v 10.26696156 -1.30094598 1.59461054
v 10.26491482 -1.30278985 1.59537425
v 10.26491482 -1.31420159 1.57829539
v 10.26696156 -1.30094598 1.59461054
v 10.26696156 -1.29678689 1.61552043
v 10.26491482 -1.29878258 1.61552043
v 10.26491482 -1.30278985 1.59537425
v 10.26696156 -1.29678689 1.61552043
v 10.26696156 -1.30094597 1.63643016
v 10.26491482 -1.30278985 1.63566630
v 10.26491482 -1.29878258 1.61552043
v 10.26696156 -1.30094597 1.63643016
v 10.26696156 -1.31279046 1.65415660
v 10.26491482 -1.31420159 1.65274546
v 10.26491482 -1.30278985 1.63566630
v 10.26696156 -1.31279046 1.65415660
v 10.26696156 -1.33051690 1.66600108
v 10.26491482 -1.33128075 1.66415721
v 10.26491482 -1.31420159 1.65274546
v 10.26696156 -1.33051690 1.66600108
v 10.26696156 -1.35142663 1.67016032
v 10.26491482 -1.35142663 1.66816447
v 10.26491482 -1.33128075 1.66415721
v 10.26696156 -1.35142663 1.67016032
v 10.26696156 -1.37233635 1.66600108
v 10.26491482 -1.37157280 1.66415721
v 10.26491482 -1.35142663 1.66816447
v 10.26696156 -1.37233635 1.66600108
v 10.26696156 -1.39006280 1.65415660
v 10.26491482 -1.38865166 1.65274547
v 10.26491482 -1.37157280 1.66415721
v 10.26696156 -1.39006280 1.65415660
v 10.26696156 -1.40190728 1.63643016
v 10.26491486 -1.40006341 1.63566630
v 10.26491482 -1.38865166 1.65274547
v 10.26696156 -1.40190728 1.63643016
v 10.26696156 -1.40606652 1.61552043
v 10.26491486 -1.40407098 1.61552043
v 10.26491486 -1.40006341 1.63566630
v 10.26770893 -1.39879876 1.63514247
v 10.26770893 -1.40270165 1.61552043
v 10.27258953 -1.39776971 1.61552043
v 10.27258953 -1.39424218 1.63325511
v 10.26770893 -1.40270165 1.61552043
v 10.26770893 -1.39879876 1.59589824
v 10.27258953 -1.39424218 1.59778560
v 10.27258953 -1.39776971 1.61552043
v 10.26770893 -1.39879876 1.59589824
v 10.26770893 -1.38768365 1.57926341
v 10.27258953 -1.38419610 1.58275096
v 10.27258953 -1.39424218 1.59778560
v 10.26770893 -1.38768365 1.57926341
v 10.26770893 -1.37104882 1.56814830
v 10.27258953 -1.36916131 1.57270488
v 10.27258953 -1.38419610 1.58275096
v 10.26770893 -1.37104882 1.56814830
v 10.26770893 -1.35142663 1.56424510
v 10.27258953 -1.35142663 1.56917735
v 10.27258953 -1.36916131 1.57270488
v 10.26770893 -1.35142663 1.56424510
v 10.26770893 -1.33180444 1.56814830
v 10.27258953 -1.33369195 1.57270488
v 10.27258953 -1.35142663 1.56917735
v 10.26770893 -1.33180444 1.56814830
v 10.26770893 -1.31516976 1.57926341
v 10.27258953 -1.31865716 1.58275096
v 10.27258953 -1.33369195 1.57270488
v 10.26770893 -1.31516976 1.57926341
v 10.26770893 -1.30405465 1.59589823
v 10.27258953 -1.30861138 1.59778559
v 10.27258953 -1.31865716 1.58275096
v 10.26770893 -1.30405465 1.59589823
v 10.26770893 -1.30015160 1.61552043
v 10.27258949 -1.30508370 1.61552043
v 10.27258953 -1.30861138 1.59778559
v 10.26770893 -1.30015160 1.61552043
v 10.26770893 -1.30405465 1.63514247
v 10.27258949 -1.30861138 1.63325511
v 10.27258949 -1.30508370 1.61552043
v 10.26770893 -1.30405465 1.63514247
v 10.26770893 -1.31516976 1.65177729
v 10.27258949 -1.31865716 1.64828990
v 10.27258949 -1.30861138 1.63325511
v 10.26770893 -1.31516976 1.65177729
v 10.26770893 -1.33180443 1.66289225
v 10.27258949 -1.33369195 1.65833567
v 10.27258949 -1.31865716 1.64828990
v 10.26770893 -1.33180443 1.66289225
v 10.26770893 -1.35142663 1.66679545
v 10.27258949 -1.35142663 1.66186335
v 10.27258949 -1.33369195 1.65833567
v 10.26770893 -1.35142663 1.66679545
v 10.26770893 -1.37104882 1.66289226
v 10.27258953 -1.36916131 1.65833568
v 10.27258949 -1.35142663 1.66186335
v 10.26770893 -1.37104882 1.66289226
v 10.26770893 -1.38768365 1.65177730
v 10.27258953 -1.38419610 1.64828990
v 10.27258953 -1.36916131 1.65833568
v 10.26770893 -1.38768365 1.65177730
v 10.26770893 -1.39879876 1.63514247
v 10.27258953 -1.39424218 1.63325511
v 10.27258953 -1.38419610 1.64828990
v 10.27258953 -1.39424218 1.63325511
v 10.27258953 -1.39776971 1.61552043
v 10.27535862 -1.39444054 1.61552043
v 10.27535862 -1.39116631 1.63198100
v 10.27258953 -1.39776971 1.61552043
v 10.27258953 -1.39424218 1.59778560
v 10.27535862 -1.39116631 1.59905971
v 10.27535862 -1.39444054 1.61552043
v 10.27258953 -1.39424218 1.59778560
v 10.27258953 -1.38419610 1.58275096
v 10.27535862 -1.38184197 1.58510509
v 10.27535862 -1.39116631 1.59905971
v 10.27258953 -1.38419610 1.58275096
v 10.27258953 -1.36916131 1.57270488
v 10.27535862 -1.36788751 1.57578074
v 10.27535862 -1.38184197 1.58510509
v 10.27258953 -1.36916131 1.57270488
v 10.27258953 -1.35142663 1.56917735
v 10.27535862 -1.35142663 1.57250651
v 10.27535862 -1.36788751 1.57578074
v 10.27258953 -1.35142663 1.56917735
v 10.27258953 -1.33369195 1.57270488
v 10.27535862 -1.33496606 1.57578074
v 10.27535862 -1.35142663 1.57250651
v 10.27258953 -1.33369195 1.57270488
v 10.27258953 -1.31865716 1.58275096
v 10.27535862 -1.32101144 1.58510508
v 10.27535862 -1.33496606 1.57578074
v 10.27258953 -1.31865716 1.58275096
v 10.27258953 -1.30861138 1.59778559
v 10.27535862 -1.31168710 1.59905970
v 10.27535862 -1.32101144 1.58510508
v 10.27258953 -1.30861138 1.59778559
v 10.27258949 -1.30508370 1.61552043
v 10.27535858 -1.30841286 1.61552043
v 10.27535862 -1.31168710 1.59905970
v 10.27258949 -1.30508370 1.61552043
v 10.27258949 -1.30861138 1.63325511
v 10.27535858 -1.31168709 1.63198100
v 10.27535858 -1.30841286 1.61552043
v 10.27258949 -1.30861138 1.63325511
v 10.27258949 -1.31865716 1.64828990
v 10.27535858 -1.32101128 1.64593562
v 10.27535858 -1.31168709 1.63198100
v 10.27258949 -1.31865716 1.64828990
v 10.27258949 -1.33369195 1.65833567
v 10.27535858 -1.33496605 1.65525996
v 10.27535858 -1.32101128 1.64593562
v 10.27258949 -1.33369195 1.65833567
v 10.27258949 -1.35142663 1.66186335
v 10.27535858 -1.35142663 1.65853404
v 10.27535858 -1.33496605 1.65525996
v 10.27258949 -1.35142663 1.66186335
v 10.27258953 -1.36916131 1.65833568
v 10.27535862 -1.36788750 1.65525996
v 10.27535858 -1.35142663 1.65853404
v 10.27258953 -1.36916131 1.65833568
v 10.27258953 -1.38419610 1.64828990
v 10.27535862 -1.38184197 1.64593562
v 10.27535862 -1.36788750 1.65525996
v 10.27258953 -1.38419610 1.64828990
v 10.27258953 -1.39424218 1.63325511
v 10.27535862 -1.39116631 1.63198100
v 10.27535862 -1.38184197 1.64593562
v 10.27535862 -1.39444054 1.61552043
v 10.27535862 -1.38184197 1.61911601
v 10.27535862 -1.38184197 1.64593562
v 10.27535862 -1.39116631 1.63198100
v 10.27535862 -1.35142663 1.57250651
v 10.27535862 -1.33496606 1.57578074
v 10.27535862 -1.33496606 1.61850047
v 10.27535862 -1.35142663 1.61793010
v 10.27535862 -1.36788751 1.57578074
v 10.27535862 -1.36788750 1.61896129
v 10.27535862 -1.38184197 1.58510509
v 10.27535862 -1.32101144 1.58510508
v 10.27535862 -1.32101128 1.61781169
v 10.27535862 -1.31168710 1.59905970
v 10.27535858 -1.30841286 1.61552043
v 10.27535862 -1.39116631 1.59905971
v 10.27535858 -1.33496605 1.65525996
v 10.27535858 -1.35142663 1.65853404
v 10.27535862 -1.36788750 1.65525996
v 10.27535858 -1.32101128 1.64593562
v 10.27535858 -1.31168709 1.63198100
v 10.26491486 -1.40006341 1.59537425
v 10.26491486 -1.38865167 1.57829539
v 10.26491486 -1.36772637 1.59922084
v 10.26491486 -1.37272301 1.60669902
v 10.26491486 -1.37157281 1.56688350
v 10.26491486 -1.36024804 1.59422404
v 10.26491486 -1.35142663 1.56287608
v 10.26491486 -1.35142663 1.59246928
v 10.26491486 -1.33128076 1.56688350
v 10.26491482 -1.34260552 1.59422404
v 10.26491482 -1.31420159 1.57829539
v 10.26491482 -1.33512719 1.59922084
v 10.26491482 -1.30278985 1.59537425
v 10.26491482 -1.33013024 1.60669902
v 10.26491482 -1.29878258 1.61552043
v 10.26491482 -1.32837579 1.61552043
v 10.26491482 -1.30278985 1.63566630
v 10.26491482 -1.33013024 1.62434153
v 10.26491482 -1.31420159 1.65274546
v 10.26491482 -1.33512719 1.63181987
v 10.26491482 -1.33128075 1.66415721
v 10.26491482 -1.34260552 1.63681666
v 10.26491482 -1.35142663 1.66816447
v 10.26491482 -1.35142663 1.63857127
v 10.26491482 -1.37157280 1.66415721
v 10.26491482 -1.36024804 1.63681666
v 10.26491482 -1.38865166 1.65274547
v 10.26491482 -1.36772637 1.63181987
v 10.26491486 -1.40006341 1.63566630
v 10.26491482 -1.37272301 1.62434154
v 10.26491486 -1.40407098 1.61552043
v 10.26491486 -1.37447778 1.61552043
v 10.25900833 -1.44486046 1.70666148
v 10.25900829 -1.25799279 1.70666148
v 10.25900837 -1.44486048 1.34089122
v 10.25900833 -1.25799295 1.34089121
v 10.25900837 -1.44320124 1.33591289
v 10.25900833 -1.25965235 1.33591288
v 10.25900837 -1.43822290 1.33425365
v 10.25900833 -1.26463068 1.33425364
vt 0.33375955 0.45983624
vt 0.20454463 0.45983624
vt 0.20454466 0.25826102
vt 0.33375955 0.25826102
vt 0.75490236 0.47316509
vt 0.62568742 0.47316509
vt 0.62568754 0.04302442
vt 0.75490248 0.04302436
vt 0.37824368 0.07728487
vt 0.50745857 0.07728487
vt 0.50745857 0.27886009
vt 0.37824368 0.27886009
vt 0.76114476 0.04302436
vt 0.89035970 0.04302442
vt 0.89035970 0.47316509
vt 0.76114476 0.47316509
vt 0.37824368 0.30154073
vt 0.59015608 0.30154073
vt 0.59015608 0.34389663
vt 0.37824368 0.34389663
vt 0.98063701 0.49544001
vt 0.98063701 0.93591797
vt 0.93828112 0.93591797
vt 0.93828112 0.49544001
vt 0.59873259 0.06080997
vt 0.59873259 0.27272236
vt 0.55637676 0.27272236
vt 0.55637676 0.06080997
vt 0.93374795 0.49544001
vt 0.93374795 0.93591797
vt 0.89139217 0.93591797
vt 0.89139217 0.49544001
vt 0.38937065 0.50804460
vt 0.59094596 0.50804460
vt 0.59611452 0.51321328
vt 0.38420206 0.51321328
vt 0.61291242 0.48607814
vt 0.61291242 0.05593735
vt 0.61808103 0.05076879
vt 0.61808103 0.49124670
vt 0.59094596 0.03397083
vt 0.38937065 0.03397083
vt 0.38420206 0.02880222
vt 0.59611452 0.02880222
vt 0.36740413 0.05593735
vt 0.36740413 0.48607814
vt 0.36223552 0.49124670
vt 0.36223552 0.05076879
vt 0.33375955 0.47631115
vt 0.20454463 0.47631115
vt 0.20454466 0.24178612
vt 0.33375955 0.24178618
vt 0.75490236 0.48964000
vt 0.62568748 0.48964000
vt 0.62568754 0.02654952
vt 0.75490248 0.02654946
vt 0.37824368 0.06080997
vt 0.50745857 0.06080997
vt 0.50745857 0.29533494
vt 0.37824368 0.29533494
vt 0.76114476 0.02654946
vt 0.89035970 0.02654952
vt 0.89035970 0.48964000
vt 0.76114476 0.48964000
vt 0.92786145 0.39645207
vt 0.97021735 0.39645207
vt 0.97021735 0.41599143
vt 0.92786145 0.41599143
vt 0.08255815 0.95391089
vt 0.08255815 0.99626672
vt 0.06301875 0.99626672
vt 0.06301875 0.95391089
vt 0.33375958 0.08298111
vt 0.29140368 0.08298111
vt 0.29140368 0.06344134
vt 0.33375958 0.06344134
vt 0.13986734 0.77677441
vt 0.13986734 0.81913030
vt 0.12032759 0.81913030
vt 0.12032759 0.77677441
vt 0.59442812 0.97996032
vt 0.63678396 0.97996044
vt 0.63678396 0.99949986
vt 0.59442812 0.99949974
vt 0.95979756 0.46809042
vt 0.91744167 0.46809042
vt 0.91744167 0.44855106
vt 0.95979756 0.44855106
vt 0.53711927 0.97996032
vt 0.57947510 0.97996032
vt 0.57947510 0.99950004
vt 0.53711927 0.99950004
vt 0.98387039 0.26620471
vt 0.98387039 0.30856049
vt 0.96433073 0.30856049
vt 0.96433073 0.26620471
vt 0.59611452 0.51321328
vt 0.59094596 0.50804460
vt 0.60742080 0.50255305
vt 0.61258942 0.50772160
vt 0.38937065 0.50804460
vt 0.38420206 0.51321328
vt 0.36772719 0.50772160
vt 0.37289578 0.50255305
vt 0.61808103 0.05076879
vt 0.61291242 0.05593735
vt 0.60742080 0.03946245
vt 0.61258942 0.03429389
vt 0.61291242 0.48607814
vt 0.61808103 0.49124670
vt 0.38420206 0.02880222
vt 0.38937065 0.03397083
vt 0.37289578 0.03946245
vt 0.36772719 0.03429389
vt 0.59094596 0.03397083
vt 0.59611452 0.02880222
vt 0.36223552 0.49124670
vt 0.36740413 0.48607814
vt 0.36740413 0.05593735
vt 0.36223552 0.05076879
vt 0.56835192 0.75024128
vt 0.56286025 0.76671612
vt 0.56286025 0.53219110
vt 0.56835192 0.54866600
vt 0.54638541 0.77220780
vt 0.54638541 0.52669948
vt 0.11624465 0.77220774
vt 0.11624465 0.52669942
vt 0.09976975 0.76671612
vt 0.09976975 0.53219110
vt 0.09427810 0.75024128
vt 0.09427810 0.54866600
vt 0.67526120 0.94625521
vt 0.66934025 0.94428152
vt 0.88764262 0.94428152
vt 0.88172174 0.94625521
vt 0.33040980 0.51321328
vt 0.11849739 0.51321328
vt 0.12059424 0.50029176
vt 0.32831296 0.50029176
vt 0.11849739 0.51321328
vt 0.10202248 0.50772160
vt 0.11223782 0.49750626
vt 0.12059424 0.50029176
vt 0.09653085 0.49124670
vt 0.10945234 0.48914981
vt 0.09653085 0.49124670
vt 0.09653090 0.05076879
vt 0.10945239 0.05286562
vt 0.10945234 0.48914981
vt 0.09653090 0.05076879
vt 0.10202254 0.03429389
vt 0.11223786 0.04450923
vt 0.10945239 0.05286562
vt 0.11849743 0.02880222
vt 0.12059429 0.04172373
vt 0.11849743 0.02880222
vt 0.33040985 0.02880222
vt 0.32831302 0.04172373
vt 0.12059429 0.04172373
vt 0.33040985 0.02880222
vt 0.34688476 0.03429389
vt 0.33666942 0.04450923
vt 0.32831302 0.04172373
vt 0.35237637 0.05076879
vt 0.33945489 0.05286562
vt 0.35237637 0.05076879
vt 0.35237631 0.49124670
vt 0.33945483 0.48914981
vt 0.33945489 0.05286562
vt 0.35237631 0.49124670
vt 0.34688470 0.50772160
vt 0.33666936 0.49750626
vt 0.33945483 0.48914981
vt 0.33040980 0.51321328
vt 0.32831296 0.50029176
vt 0.59431881 0.30102217
vt 0.38660008 0.30102217
vt 0.38722917 0.29585356
vt 0.59368974 0.29585356
vt 0.38660008 0.30102217
vt 0.37824368 0.30102217
vt 0.38130826 0.29585356
vt 0.38722917 0.29585356
vt 0.89660209 0.45630020
vt 0.89660209 0.44749177
vt 0.90306282 0.44812077
vt 0.90306282 0.45436198
vt 0.89660209 0.44749177
vt 0.97938132 0.03359622
vt 0.98560327 0.03541881
vt 0.90306282 0.44812077
vt 0.97938132 0.03359622
vt 0.98255229 0.02654946
vt 0.98785007 0.03042591
vt 0.98560327 0.03541881
vt 0.50797719 0.27372426
vt 0.50797719 0.26491582
vt 0.51443791 0.26554489
vt 0.51443791 0.27178603
vt 0.50797719 0.26491582
vt 0.54738933 0.06785673
vt 0.55361134 0.06967932
vt 0.51443791 0.26554489
vt 0.54738933 0.06785673
vt 0.55056036 0.06080997
vt 0.55585814 0.06468642
vt 0.55361134 0.06967932
vt 0.99306011 0.05259895
vt 0.99306011 0.06140739
vt 0.98659939 0.06077832
vt 0.98659939 0.05453718
vt 0.99306011 0.06140739
vt 0.91028076 0.47530293
vt 0.90405875 0.47348034
vt 0.98659939 0.06077832
vt 0.91028076 0.47530293
vt 0.90710974 0.48234963
vt 0.90181196 0.47847319
vt 0.90405875 0.47348034
vt 0.60267520 0.30102217
vt 0.59431881 0.30102217
vt 0.59368974 0.29585356
vt 0.59961063 0.29585356
vt 0.35477290 0.44401777
vt 0.35477290 0.40166193
vt 0.35781413 0.40166193
vt 0.35781413 0.44401777
vt 0.61769700 0.51282960
vt 0.59815758 0.51546603
vt 0.62033385 0.49328971
vt 0.33981991 0.02438080
vt 0.29746404 0.02438080
vt 0.29746404 0.02133960
vt 0.33981991 0.02133960
vt 0.09691492 0.51282960
vt 0.09427810 0.49328971
vt 0.11645432 0.51546603
vt 0.28251103 0.02438080
vt 0.24015518 0.02438080
vt 0.24015518 0.02133960
vt 0.28251103 0.02133960
vt 0.35199225 0.51282960
vt 0.33245286 0.51546603
vt 0.35462910 0.49328971
vt 0.50797719 0.28872758
vt 0.55033302 0.28872758
vt 0.55033302 0.29176879
vt 0.50797719 0.29176879
vt 0.36261958 0.51282960
vt 0.35998279 0.49328971
vt 0.38215899 0.51546603
vt 0.59925121 0.10316581
vt 0.59925121 0.06080997
vt 0.60229242 0.06080997
vt 0.60229242 0.10316581
vt 0.61769700 0.02918595
vt 0.62033385 0.04872572
vt 0.59815758 0.02654946
vt 0.40754855 0.02438080
vt 0.36519268 0.02438080
vt 0.36519268 0.02133960
vt 0.40754855 0.02133960
vt 0.09691497 0.02918595
vt 0.11645437 0.02654946
vt 0.09427816 0.04872572
vt 0.19403444 0.84747386
vt 0.23639032 0.84747386
vt 0.23639032 0.85051501
vt 0.19403444 0.85051501
vt 0.36261958 0.02918595
vt 0.38215899 0.02654946
vt 0.35998279 0.04872572
vt 0.39268711 0.85051501
vt 0.35033128 0.85051501
vt 0.35033128 0.84747386
vt 0.39268711 0.84747386
vt 0.35199231 0.02918595
vt 0.35462916 0.04872572
vt 0.33245292 0.02654946
vt 0.32891399 0.20308089
vt 0.28527921 0.23613083
vt 0.28527921 0.10312110
vt 0.32891399 0.13617110
vt 0.41643035 0.34926075
vt 0.48334011 0.34926075
vt 0.51639014 0.39289546
vt 0.38338035 0.39289546
vt 0.63690037 0.85267049
vt 0.57376021 0.85267049
vt 0.57376021 0.78161997
vt 0.63690037 0.78161997
vt 0.51923722 0.91261214
vt 0.51923722 0.96772045
vt 0.44818667 0.96772045
vt 0.44818667 0.91261214
vt 0.63428700 0.60259557
vt 0.57917881 0.60259557
vt 0.57917881 0.53154504
vt 0.63428700 0.53154504
vt 0.33375955 0.20166725
vt 0.33302984 0.20599598
vt 0.32918862 0.20812094
vt 0.32918862 0.13113105
vt 0.33302984 0.13325602
vt 0.33375955 0.13758469
vt 0.41139027 0.34898609
vt 0.41351524 0.34514487
vt 0.41784397 0.34441519
vt 0.48192650 0.34441519
vt 0.48625523 0.34514487
vt 0.48838016 0.34898609
vt 0.64228195 0.85267049
vt 0.64170027 0.85671800
vt 0.63737154 0.85751605
vt 0.57328904 0.85751605
vt 0.56896031 0.85671800
vt 0.56837863 0.85267049
vt 0.56837863 0.78161997
vt 0.56896031 0.77757257
vt 0.57328910 0.77677441
vt 0.63737160 0.77677441
vt 0.64170027 0.77757257
vt 0.64228195 0.78161997
vt 0.51923722 0.90702188
vt 0.52328467 0.90732735
vt 0.52408284 0.91167372
vt 0.44334111 0.91167372
vt 0.44413924 0.90732735
vt 0.44818667 0.90702188
vt 0.57824039 0.60744113
vt 0.57389402 0.60664302
vt 0.57358855 0.60259557
vt 0.57358855 0.53154504
vt 0.57389408 0.52749759
vt 0.57824045 0.52669942
vt 0.28527921 0.24126756
vt 0.28527921 0.09798443
vt 0.52152681 0.39289546
vt 0.37824368 0.39289546
vt 0.52408284 0.96668947
vt 0.44334111 0.96668947
vt 0.63325614 0.60744113
vt 0.63325620 0.52669942
vt 0.27401257 0.12970185
vt 0.28476065 0.15597361
vt 0.28463683 0.18435872
vt 0.27365988 0.21053576
vt 0.25350100 0.23051947
vt 0.22722918 0.24126756
vt 0.19884408 0.24114370
vt 0.17266710 0.23016673
vt 0.15268338 0.21000785
vt 0.14193530 0.18373609
vt 0.14205916 0.15535098
vt 0.15303609 0.12917399
vt 0.17319494 0.10919029
vt 0.19946675 0.09844220
vt 0.22785187 0.09856606
vt 0.25402889 0.10954297
vt 0.01124810 0.91959953
vt 0.00050000 0.89332771
vt 0.00062383 0.86494267
vt 0.01160077 0.83876556
vt 0.03175965 0.81878191
vt 0.05803148 0.80803376
vt 0.08641656 0.80815762
vt 0.11259358 0.81913459
vt 0.13257727 0.83929342
vt 0.14332536 0.86556524
vt 0.14320150 0.89395034
vt 0.13222456 0.92012739
vt 0.11206570 0.94011104
vt 0.08579390 0.95085919
vt 0.05740879 0.95073533
vt 0.03123178 0.93975842
vt 0.36045289 0.33848578
vt 0.36045289 0.36632574
vt 0.35477290 0.36632574
vt 0.35477290 0.33848578
vt 0.36045289 0.38992727
vt 0.35477290 0.38992727
vt 0.13573669 0.24126756
vt 0.13573669 0.21766597
vt 0.14141671 0.21766597
vt 0.14141671 0.24126756
vt 0.13573669 0.18982601
vt 0.14141673 0.18982601
vt 0.13573669 0.16198611
vt 0.14141673 0.16198611
vt 0.13573669 0.13838452
vt 0.14141673 0.13838452
vt 0.12553748 0.02133960
vt 0.14913905 0.02133960
vt 0.14913905 0.02701962
vt 0.12553748 0.02701962
vt 0.17697899 0.02133960
vt 0.17697899 0.02701962
vt 0.20481893 0.02133960
vt 0.20481893 0.02701962
vt 0.22842050 0.02133960
vt 0.22842050 0.02701962
vt 0.17605841 0.35441238
vt 0.17605841 0.33081084
vt 0.18173842 0.33081084
vt 0.18173842 0.35441238
vt 0.17605841 0.30297089
vt 0.18173842 0.30297089
vt 0.17605841 0.27513087
vt 0.18173842 0.27513087
vt 0.17605841 0.25152934
vt 0.18173842 0.25152934
vt 0.36045289 0.28704429
vt 0.36045289 0.31064582
vt 0.35477290 0.31064582
vt 0.35477290 0.28704429
vt 0.21395563 0.77677441
vt 0.24234100 0.77677441
vt 0.24156231 0.78115171
vt 0.21473430 0.78115171
vt 0.24234100 0.77677441
vt 0.26856562 0.78648925
vt 0.26634815 0.79033345
vt 0.24156231 0.78115171
vt 0.26856562 0.78648925
vt 0.28863713 0.80443984
vt 0.28531840 0.80729920
vt 0.26634815 0.79033345
vt 0.28863713 0.80443984
vt 0.29949972 0.82789344
vt 0.29558504 0.82946604
vt 0.28531840 0.80729920
vt 0.29949972 0.82789344
vt 0.29949975 0.85327941
vt 0.29558504 0.85345918
vt 0.29558504 0.82946604
vt 0.29949975 0.85327941
vt 0.28863713 0.87673295
vt 0.28531843 0.87562597
vt 0.29558504 0.85345918
vt 0.92449039 0.03347272
vt 0.94490910 0.05319083
vt 0.94130826 0.05579865
vt 0.92200977 0.03716230
vt 0.94490910 0.05319083
vt 0.95702505 0.07839626
vt 0.95275944 0.07962114
vt 0.94130826 0.05579865
vt 0.95702505 0.07839626
vt 0.95899373 0.10525161
vt 0.95462012 0.10500312
vt 0.95275944 0.07962114
vt 0.95899373 0.10525161
vt 0.95051545 0.12966847
vt 0.94660699 0.12808037
vt 0.95462012 0.10500312
vt 0.95051545 0.12966847
vt 0.93288094 0.14792967
vt 0.92993999 0.14533961
vt 0.94660699 0.12808037
vt 0.16765946 0.87673295
vt 0.15679687 0.85327941
vt 0.16071157 0.85345918
vt 0.17097820 0.87562597
vt 0.15679687 0.85327941
vt 0.15679687 0.82789338
vt 0.16071157 0.82946604
vt 0.16071157 0.85345918
vt 0.15679687 0.82789338
vt 0.16765949 0.80443984
vt 0.17097822 0.80729920
vt 0.16071157 0.82946604
vt 0.16765949 0.80443984
vt 0.18773098 0.78648925
vt 0.18994850 0.79033345
vt 0.17097822 0.80729920
vt 0.18773098 0.78648925
vt 0.21395563 0.77677441
vt 0.21473430 0.78115171
vt 0.18994850 0.79033345
vt 0.21473430 0.78115171
vt 0.24156231 0.78115171
vt 0.24082635 0.78555340
vt 0.21547027 0.78555340
vt 0.24156231 0.78115171
vt 0.26634815 0.79033345
vt 0.26425231 0.79423141
vt 0.24082635 0.78555340
vt 0.26634815 0.79033345
vt 0.28531840 0.80729920
vt 0.28218177 0.81026638
vt 0.26425231 0.79423141
vt 0.28531840 0.80729920
vt 0.29558504 0.82946604
vt 0.29188511 0.83121693
vt 0.28218177 0.81026638
vt 0.29558504 0.82946604
vt 0.29558504 0.85345918
vt 0.29188511 0.85389370
vt 0.29188511 0.83121693
vt 0.89780217 0.02654946
vt 0.92200977 0.03716230
vt 0.91948152 0.04083991
vt 0.89660209 0.03080928
vt 0.92200977 0.03716230
vt 0.94130826 0.05579865
vt 0.93772119 0.05845374
vt 0.91948152 0.04083991
vt 0.94130826 0.05579865
vt 0.95275944 0.07962114
vt 0.94854409 0.08096921
vt 0.93772119 0.05845374
vt 0.95275944 0.07962114
vt 0.95462012 0.10500312
vt 0.95030272 0.10495859
vt 0.94854409 0.08096921
vt 0.95462012 0.10500312
vt 0.94660699 0.12808037
vt 0.94272918 0.12676972
vt 0.95030272 0.10495859
vt 0.94660699 0.12808037
vt 0.92993999 0.14533961
vt 0.92697662 0.14308202
vt 0.94272918 0.12676972
vt 0.92368317 0.07043302
vt 0.92368317 0.09726107
vt 0.91924977 0.09652507
vt 0.91924977 0.07116902
vt 0.16071157 0.85345918
vt 0.16071157 0.82946604
vt 0.16441150 0.83121693
vt 0.16441149 0.85389370
vt 0.16071157 0.82946604
vt 0.17097822 0.80729920
vt 0.17411485 0.81026638
vt 0.16441150 0.83121693
vt 0.17097822 0.80729920
vt 0.18994850 0.79033345
vt 0.19204433 0.79423141
vt 0.17411485 0.81026638
vt 0.18994850 0.79033345
vt 0.21473430 0.78115171
vt 0.21547027 0.78555340
vt 0.19204433 0.79423141
vt 0.20402609 0.28770089
vt 0.20402609 0.31305695
vt 0.20065781 0.31259394
vt 0.20065781 0.28816390
vt 0.20402609 0.31305695
vt 0.19731963 0.33648294
vt 0.19419630 0.33516425
vt 0.20065781 0.31259394
vt 0.19731963 0.33648294
vt 0.18492772 0.35441238
vt 0.18225700 0.35243881
vt 0.19419630 0.33516425
vt 0.41704276 0.82466757
vt 0.39168671 0.82466757
vt 0.39214978 0.82129931
vt 0.41657972 0.82129931
vt 0.39168671 0.82466757
vt 0.36826074 0.81796116
vt 0.36957946 0.81483781
vt 0.39214978 0.82129931
vt 0.36826074 0.81796116
vt 0.35033128 0.80556923
vt 0.35230485 0.80289853
vt 0.36957946 0.81483781
vt 0.92358100 0.26620471
vt 0.92358100 0.29156071
vt 0.92021275 0.29109764
vt 0.92021275 0.26666772
vt 0.92358100 0.29156071
vt 0.91687459 0.31498671
vt 0.91375124 0.31366795
vt 0.92021275 0.29109764
vt 0.91687459 0.31498671
vt 0.90448260 0.33291614
vt 0.90181196 0.33094251
vt 0.91375124 0.31366795
vt 0.26074594 0.84695524
vt 0.23538986 0.84695524
vt 0.23585293 0.84358698
vt 0.26028287 0.84358698
vt 0.23538986 0.84695524
vt 0.21196391 0.84024882
vt 0.21328259 0.83712548
vt 0.23585293 0.84358698
vt 0.21196391 0.84024882
vt 0.19403444 0.82785690
vt 0.19600801 0.82518613
vt 0.21328259 0.83712548
vt 0.84118623 0.01553965
vt 0.81583011 0.01553965
vt 0.81629318 0.01217139
vt 0.84072310 0.01217139
vt 0.81583011 0.01553965
vt 0.79240412 0.00883323
vt 0.79372287 0.00570989
vt 0.81629318 0.01217139
vt 0.18492773 0.24634552
vt 0.19731966 0.26427495
vt 0.19419631 0.26559365
vt 0.18225703 0.24831903
vt 0.19731966 0.26427495
vt 0.20402609 0.28770089
vt 0.20065781 0.28816390
vt 0.19419631 0.26559365
vt 0.92127311 0.20081550
vt 0.92127311 0.22461009
vt 0.91310042 0.22346568
vt 0.91310042 0.20195985
vt 0.92127311 0.22461009
vt 0.91486311 0.24659348
vt 0.90730691 0.24333453
vt 0.91310042 0.22346568
vt 0.91486311 0.24659348
vt 0.90301895 0.26341879
vt 0.89660209 0.25854146
vt 0.90730691 0.24333453
vt 0.95391089 0.29233873
vt 0.95391089 0.26854408
vt 0.96208358 0.26968849
vt 0.96208358 0.29119438
vt 0.95391089 0.26854408
vt 0.96032089 0.24656075
vt 0.96787709 0.24981970
vt 0.96208358 0.26968849
vt 0.96032089 0.24656075
vt 0.97216505 0.22973537
vt 0.97858202 0.23461270
vt 0.96787709 0.24981970
vt 0.23502991 0.98900169
vt 0.21123527 0.98900169
vt 0.21237966 0.98082906
vt 0.23388553 0.98082906
vt 0.21123527 0.98900169
vt 0.18925191 0.98259175
vt 0.19251083 0.97503555
vt 0.21237966 0.98082906
vt 0.18925191 0.98259175
vt 0.17242655 0.97074759
vt 0.17730387 0.96433073
vt 0.19251083 0.97503555
vt 0.30650544 0.89139205
vt 0.30650544 0.91518676
vt 0.29833272 0.91404229
vt 0.29833272 0.89253646
vt 0.30650544 0.91518676
vt 0.30009544 0.93717009
vt 0.29253924 0.93391114
vt 0.29833272 0.91404229
vt 0.30009544 0.93717009
vt 0.28825125 0.95399541
vt 0.28183436 0.94911808
vt 0.29253924 0.93391114
vt 0.50797719 0.27424288
vt 0.53177178 0.27424288
vt 0.53062743 0.28241557
vt 0.50912154 0.28241563
vt 0.53177178 0.27424288
vt 0.55375522 0.28065276
vt 0.55049628 0.28820902
vt 0.53062743 0.28241557
vt 0.90301895 0.16200674
vt 0.91486311 0.17883211
vt 0.90730691 0.18209106
vt 0.89660209 0.16688406
vt 0.91486311 0.17883211
vt 0.92127311 0.20081550
vt 0.91310042 0.20195985
vt 0.90730691 0.18209106
vt 0.52406460 0.78728801
vt 0.54389727 0.79560459
vt 0.54168308 0.79888731
vt 0.52327520 0.79116821
vt 0.54389727 0.79560459
vt 0.55903774 0.81087780
vt 0.55573583 0.81306320
vt 0.54168308 0.79888731
vt 0.55903774 0.81087780
vt 0.56718087 0.83078229
vt 0.56329405 0.83153790
vt 0.55573583 0.81306320
vt 0.56718087 0.83078229
vt 0.56708711 0.85228795
vt 0.56320697 0.85149854
vt 0.56329405 0.83153790
vt 0.56708711 0.85228795
vt 0.55877060 0.87212074
vt 0.55548787 0.86990649
vt 0.56320697 0.85149854
vt 0.55877060 0.87212074
vt 0.54349738 0.88726121
vt 0.54131192 0.88395929
vt 0.55548787 0.86990649
vt 0.54349738 0.88726121
vt 0.52359283 0.89540434
vt 0.52283734 0.89151740
vt 0.54131192 0.88395929
vt 0.52359283 0.89540434
vt 0.50208718 0.89531052
vt 0.50287658 0.89143038
vt 0.52283734 0.89151740
vt 0.50208718 0.89531052
vt 0.48225442 0.88699394
vt 0.48446864 0.88371122
vt 0.50287658 0.89143038
vt 0.48225442 0.88699394
vt 0.46711397 0.87172079
vt 0.47041586 0.86953533
vt 0.48446864 0.88371122
vt 0.46711397 0.87172079
vt 0.45897081 0.85181618
vt 0.46285769 0.85106069
vt 0.47041586 0.86953533
vt 0.45897081 0.85181618
vt 0.45906460 0.83031052
vt 0.46294481 0.83109999
vt 0.46285769 0.85106069
vt 0.45906460 0.83031052
vt 0.46738121 0.81047779
vt 0.47066388 0.81269205
vt 0.46294481 0.83109999
vt 0.46738121 0.81047779
vt 0.48265436 0.79533738
vt 0.48483980 0.79863924
vt 0.47066388 0.81269205
vt 0.48265436 0.79533738
vt 0.50255895 0.78719413
vt 0.50331450 0.79108107
vt 0.48483980 0.79863924
vt 0.50255895 0.78719413
vt 0.52406460 0.78728801
vt 0.52327520 0.79116821
vt 0.50331450 0.79108107
vt 0.54168308 0.79888731
vt 0.52975875 0.80891800
vt 0.50331450 0.79108107
vt 0.52327520 0.79116821
vt 0.55548787 0.86990649
vt 0.54131192 0.88395929
vt 0.49918994 0.85554773
vt 0.51069987 0.83969665
vt 0.56320697 0.85149854
vt 0.52063048 0.82278037
vt 0.56329405 0.83153790
vt 0.52283734 0.89151740
vt 0.49058807 0.86976510
vt 0.50287658 0.89143038
vt 0.48446864 0.88371122
vt 0.55573583 0.81306320
vt 0.46294481 0.83109999
vt 0.47066388 0.81269205
vt 0.48483980 0.79863924
vt 0.46285769 0.85106069
vt 0.47041586 0.86953533
vt 0.25802609 0.96859562
vt 0.23541519 0.97784609
vt 0.22869942 0.94329631
vt 0.23859996 0.93924588
vt 0.21098550 0.97773933
vt 0.21800250 0.94324964
vt 0.18845616 0.96829206
vt 0.20813769 0.93911296
vt 0.17125711 0.95094222
vt 0.20060684 0.93151611
vt 0.16200674 0.92833138
vt 0.19655642 0.92161566
vt 0.16211334 0.90390164
vt 0.19660309 0.91091871
vt 0.17156067 0.88137239
vt 0.20073974 0.90105391
vt 0.18891045 0.86417335
vt 0.20833662 0.89352304
vt 0.21152136 0.85492289
vt 0.21823712 0.88947254
vt 0.23595110 0.85502952
vt 0.22893406 0.88951921
vt 0.25848040 0.86447692
vt 0.23879887 0.89365596
vt 0.27567944 0.88182670
vt 0.24632974 0.90125281
vt 0.28492984 0.90443748
vt 0.25038016 0.91115332
vt 0.28482321 0.92886728
vt 0.25033349 0.92185020
vt 0.27537590 0.95139658
vt 0.24619682 0.93171501
vt 0.36045289 0.22386801
vt 0.36045289 0.25170803
vt 0.35477290 0.25170803
vt 0.35477290 0.22386801
vt 0.36045289 0.27530956
vt 0.35477290 0.27530956
vt 0.11314809 0.47631115
vt 0.11314809 0.45270962
vt 0.11882812 0.45270962
vt 0.11882812 0.47631115
vt 0.11314809 0.42486960
vt 0.11882812 0.42486960
vt 0.11314812 0.39702970
vt 0.11882814 0.39702970
vt 0.11314812 0.37342811
vt 0.11882814 0.37342811
vt 0.36045289 0.05780888
vt 0.36045289 0.08141041
vt 0.35477290 0.08141041
vt 0.35477290 0.05780888
vt 0.36045289 0.10925037
vt 0.35477290 0.10925037
vt 0.36045289 0.13709033
vt 0.35477290 0.13709033
vt 0.36045289 0.16069186
vt 0.35477290 0.16069186
vt 0.28476065 0.09792364
vt 0.26115906 0.09792364
vt 0.26115906 0.09224361
vt 0.28476065 0.09224361
vt 0.23331912 0.09792364
vt 0.23331912 0.09224361
vt 0.20547916 0.09792364
vt 0.20547916 0.09224361
vt 0.18187760 0.09792364
vt 0.18187760 0.09224361
vt 0.36045289 0.17242658
vt 0.36045289 0.19602811
vt 0.35477290 0.19602811
vt 0.35477290 0.17242658
vt 0.37025246 0.77677447
vt 0.39863783 0.77677447
vt 0.39785916 0.78115171
vt 0.37103114 0.78115171
vt 0.39863783 0.77677447
vt 0.42486253 0.78648925
vt 0.42264494 0.79033351
vt 0.39785916 0.78115171
vt 0.42486253 0.78648925
vt 0.44493398 0.80443984
vt 0.44161525 0.80729920
vt 0.42264494 0.79033351
vt 0.44493398 0.80443984
vt 0.45579660 0.82789344
vt 0.45188189 0.82946604
vt 0.44161525 0.80729920
vt 0.45579660 0.82789344
vt 0.45579660 0.85327941
vt 0.45188189 0.85345918
vt 0.45188189 0.82946604
vt 0.45579660 0.85327941
vt 0.44493398 0.87673295
vt 0.44161525 0.87562597
vt 0.45188189 0.85345918
vt 0.17613776 0.46938795
vt 0.15571904 0.44966984
vt 0.15931985 0.44706202
vt 0.17861830 0.46569830
vt 0.15571904 0.44966984
vt 0.14360306 0.42446446
vt 0.14786863 0.42323947
vt 0.15931985 0.44706202
vt 0.14360306 0.42446446
vt 0.14163436 0.39760900
vt 0.14600793 0.39785755
vt 0.14786863 0.42323947
vt 0.14163436 0.39760900
vt 0.15011266 0.37319213
vt 0.15402107 0.37478030
vt 0.14600793 0.39785755
vt 0.15011266 0.37319213
vt 0.16774721 0.35493100
vt 0.17068812 0.35752106
vt 0.15402107 0.37478030
vt 0.32395631 0.87673295
vt 0.31309372 0.85327941
vt 0.31700841 0.85345918
vt 0.32727504 0.87562597
vt 0.31309372 0.85327941
vt 0.31309369 0.82789338
vt 0.31700844 0.82946604
vt 0.31700841 0.85345918
vt 0.31309369 0.82789338
vt 0.32395634 0.80443984
vt 0.32727504 0.80729920
vt 0.31700844 0.82946604
vt 0.32395634 0.80443984
vt 0.34402785 0.78648925
vt 0.34624535 0.79033345
vt 0.32727504 0.80729920
vt 0.34402785 0.78648925
vt 0.37025246 0.77677447
vt 0.37103114 0.78115171
vt 0.34624535 0.79033345
vt 0.37103114 0.78115171
vt 0.39785916 0.78115171
vt 0.39712319 0.78555340
vt 0.37176710 0.78555340
vt 0.39785916 0.78115171
vt 0.42264494 0.79033351
vt 0.42054915 0.79423141
vt 0.39712319 0.78555340
vt 0.42264494 0.79033351
vt 0.44161525 0.80729920
vt 0.43847856 0.81026638
vt 0.42054915 0.79423141
vt 0.44161525 0.80729920
vt 0.45188189 0.82946604
vt 0.44818196 0.83121693
vt 0.43847856 0.81026638
vt 0.45188189 0.82946604
vt 0.45188189 0.85345918
vt 0.44818193 0.85389370
vt 0.44818196 0.83121693
vt 0.20282595 0.47631115
vt 0.17861830 0.46569830
vt 0.18114658 0.46202070
vt 0.20402606 0.47205132
vt 0.17861830 0.46569830
vt 0.15931985 0.44706202
vt 0.16290694 0.44440693
vt 0.18114658 0.46202070
vt 0.15931985 0.44706202
vt 0.14786863 0.42323947
vt 0.15208399 0.42189145
vt 0.16290694 0.44440693
vt 0.14786863 0.42323947
vt 0.14600793 0.39785755
vt 0.15032539 0.39790207
vt 0.15208399 0.42189145
vt 0.14600793 0.39785755
vt 0.15402107 0.37478030
vt 0.15789889 0.37609094
vt 0.15032539 0.39790207
vt 0.15402107 0.37478030
vt 0.17068812 0.35752106
vt 0.17365150 0.35977864
vt 0.15789889 0.37609094
vt 0.92863506 0.07043302
vt 0.92863506 0.09726107
vt 0.92420173 0.09652507
vt 0.92420173 0.07116902
vt 0.31700841 0.85345918
vt 0.31700844 0.82946604
vt 0.32070833 0.83121693
vt 0.32070833 0.85389370
vt 0.31700844 0.82946604
vt 0.32727504 0.80729920
vt 0.33041170 0.81026638
vt 0.32070833 0.83121693
vt 0.32727504 0.80729920
vt 0.34624535 0.79033345
vt 0.34834117 0.79423141
vt 0.33041170 0.81026638
vt 0.34624535 0.79033345
vt 0.37103114 0.78115171
vt 0.37176710 0.78555340
vt 0.34834117 0.79423141
vt 0.14111577 0.40959966
vt 0.14111578 0.43495584
vt 0.13774751 0.43449271
vt 0.13774751 0.41006279
vt 0.14111578 0.43495584
vt 0.13440932 0.45838171
vt 0.13128600 0.45706296
vt 0.13774751 0.43449271
vt 0.13440932 0.45838171
vt 0.12201742 0.47631115
vt 0.11934669 0.47433764
vt 0.13128600 0.45706296
vt 0.41704276 0.84695524
vt 0.39168668 0.84695524
vt 0.39214975 0.84358698
vt 0.41657969 0.84358698
vt 0.39168668 0.84695524
vt 0.36826074 0.84024876
vt 0.36957943 0.83712548
vt 0.39214975 0.84358698
vt 0.36826074 0.84024876
vt 0.35033128 0.82785690
vt 0.35230485 0.82518613
vt 0.36957943 0.83712548
vt 0.15251647 0.89139217
vt 0.15251645 0.91674817
vt 0.14914821 0.91628510
vt 0.14914821 0.89185518
vt 0.15251645 0.91674817
vt 0.14581001 0.94017404
vt 0.14268669 0.93885535
vt 0.14914821 0.91628510
vt 0.14581001 0.94017404
vt 0.13341808 0.95810348
vt 0.13074738 0.95612991
vt 0.14268669 0.93885535
vt 0.26074594 0.82466763
vt 0.23538986 0.82466757
vt 0.23585290 0.82129931
vt 0.26028287 0.82129931
vt 0.23538986 0.82466757
vt 0.21196391 0.81796116
vt 0.21328256 0.81483781
vt 0.23585290 0.82129931
vt 0.21196391 0.81796116
vt 0.19403444 0.80556923
vt 0.19600801 0.80289853
vt 0.21328256 0.81483781
vt 0.50585985 0.51627964
vt 0.53121591 0.51627964
vt 0.53075290 0.51964802
vt 0.50632292 0.51964802
vt 0.53121591 0.51627964
vt 0.55464196 0.52298611
vt 0.55332321 0.52610946
vt 0.53075290 0.51964802
vt 0.12201742 0.36824429
vt 0.13440935 0.38617373
vt 0.13128601 0.38749242
vt 0.11934673 0.37021780
vt 0.13440935 0.38617373
vt 0.14111577 0.40959966
vt 0.13774751 0.41006279
vt 0.13128601 0.38749242
vt 0.93690270 0.20081550
vt 0.93690270 0.22461009
vt 0.92873001 0.22346568
vt 0.92873001 0.20195985
vt 0.93690270 0.22461009
vt 0.93049276 0.24659348
vt 0.92293656 0.24333453
vt 0.92873001 0.22346568
vt 0.93049276 0.24659348
vt 0.91864860 0.26341879
vt 0.91223174 0.25854146
vt 0.92293656 0.24333453
vt 0.93828112 0.37048715
vt 0.93828124 0.34669250
vt 0.94645393 0.34783691
vt 0.94645393 0.36934280
vt 0.93828124 0.34669250
vt 0.94469118 0.32470918
vt 0.95224744 0.32796806
vt 0.94645393 0.34783691
vt 0.94469118 0.32470918
vt 0.95653540 0.30788386
vt 0.96295238 0.31276119
vt 0.95224744 0.32796806
vt 0.39132676 0.98900169
vt 0.36753213 0.98900169
vt 0.36867651 0.98082906
vt 0.39018238 0.98082894
vt 0.36753213 0.98900169
vt 0.34554878 0.98259175
vt 0.34880766 0.97503555
vt 0.36867651 0.98082906
vt 0.34554878 0.98259175
vt 0.32872343 0.97074759
vt 0.33360073 0.96433073
vt 0.34880766 0.97503555
vt 0.31692526 0.89660209
vt 0.31692526 0.92039669
vt 0.30875251 0.91925228
vt 0.30875251 0.89774644
vt 0.31692526 0.92039669
vt 0.31051522 0.94238001
vt 0.30295905 0.93912107
vt 0.30875251 0.91925228
vt 0.31051522 0.94238001
vt 0.29867104 0.95920539
vt 0.29225415 0.95432806
vt 0.30295905 0.93912107
vt 0.33375958 0.09746581
vt 0.30996493 0.09746581
vt 0.31110930 0.08929312
vt 0.33261517 0.08929312
vt 0.30996493 0.09746581
vt 0.28798154 0.09105587
vt 0.29124045 0.08349967
vt 0.31110930 0.08929312
vt 0.91864860 0.16200674
vt 0.93049276 0.17883205
vt 0.92293656 0.18209106
vt 0.91223174 0.16688406
vt 0.93049276 0.17883205
vt 0.93690270 0.20081550
vt 0.92873001 0.20195985
vt 0.92293656 0.18209106
vt 0.53721309 0.91366887
vt 0.54552966 0.89383608
vt 0.54881233 0.89605039
vt 0.54109317 0.91445827
vt 0.54552966 0.89383608
vt 0.56080276 0.87869567
vt 0.56298828 0.88199753
vt 0.54881233 0.89605039
vt 0.56080276 0.87869567
vt 0.58070731 0.87055254
vt 0.58146286 0.87443942
vt 0.56298828 0.88199753
vt 0.58070731 0.87055254
vt 0.60221303 0.87064642
vt 0.60142356 0.87452650
vt 0.58146286 0.87443942
vt 0.60221303 0.87064642
vt 0.62204576 0.87896287
vt 0.61983150 0.88224566
vt 0.60142356 0.87452650
vt 0.62204576 0.87896287
vt 0.63718623 0.89423609
vt 0.63388431 0.89642155
vt 0.61983150 0.88224566
vt 0.63718623 0.89423609
vt 0.64532936 0.91414070
vt 0.64144242 0.91489619
vt 0.63388431 0.89642155
vt 0.64532936 0.91414070
vt 0.64523548 0.93564630
vt 0.64135540 0.93485689
vt 0.64144242 0.91489619
vt 0.64523548 0.93564630
vt 0.63691896 0.95547897
vt 0.63363630 0.95326483
vt 0.64135540 0.93485689
vt 0.63691896 0.95547897
vt 0.62164587 0.97061944
vt 0.61946028 0.96731752
vt 0.63363630 0.95326483
vt 0.62164587 0.97061944
vt 0.60174131 0.97876269
vt 0.60098577 0.97487581
vt 0.61946028 0.96731752
vt 0.60174131 0.97876269
vt 0.58023560 0.97866887
vt 0.58102500 0.97478867
vt 0.60098577 0.97487581
vt 0.58023560 0.97866887
vt 0.56040287 0.97035235
vt 0.56261706 0.96706963
vt 0.58102500 0.97478867
vt 0.56040287 0.97035235
vt 0.54526240 0.95507914
vt 0.54856431 0.95289367
vt 0.56261706 0.96706963
vt 0.54526240 0.95507914
vt 0.53711927 0.93517458
vt 0.54100615 0.93441898
vt 0.54856431 0.95289367
vt 0.53711927 0.93517458
vt 0.53721309 0.91366887
vt 0.54109317 0.91445827
vt 0.54100615 0.93441898
vt 0.54881233 0.89605039
vt 0.55884302 0.90797478
vt 0.54100615 0.93441898
vt 0.54109317 0.91445827
vt 0.61983150 0.88224566
vt 0.63388431 0.89642155
vt 0.60547268 0.93854350
vt 0.58962166 0.92703360
vt 0.60142356 0.87452650
vt 0.57270539 0.91710305
vt 0.58146286 0.87443942
vt 0.64144242 0.91489619
vt 0.61969012 0.94714534
vt 0.64135540 0.93485689
vt 0.63363630 0.95326483
vt 0.56298828 0.88199753
vt 0.58102500 0.97478867
vt 0.56261706 0.96706963
vt 0.54856431 0.95289367
vt 0.60098577 0.97487581
vt 0.61946028 0.96731752
vt 0.32755396 0.95094222
vt 0.31830361 0.92833138
vt 0.35285327 0.92161554
vt 0.35690367 0.93151611
vt 0.31841019 0.90390164
vt 0.35289994 0.91091871
vt 0.32785755 0.88137239
vt 0.35703659 0.90105391
vt 0.34520730 0.86417335
vt 0.36463347 0.89352304
vt 0.36781824 0.85492289
vt 0.37453401 0.88947254
vt 0.39224792 0.85502952
vt 0.38523093 0.88951921
vt 0.41477722 0.86447680
vt 0.39509571 0.89365596
vt 0.43197632 0.88182658
vt 0.40262660 0.90125281
vt 0.44122669 0.90443748
vt 0.40667698 0.91115332
vt 0.44112006 0.92886728
vt 0.40663034 0.92185020
vt 0.43167272 0.95139658
vt 0.40249366 0.93171501
vt 0.41432294 0.96859562
vt 0.39489681 0.93924588
vt 0.39171201 0.97784609
vt 0.38499627 0.94329631
vt 0.36728233 0.97773933
vt 0.37429932 0.94324964
vt 0.34475300 0.96829206
vt 0.36443454 0.93911296
vt 0.66736662 0.93836069
vt 0.88961625 0.93836069
vt 0.66736668 0.50333458
vt 0.88961625 0.50333458
vt 0.66934037 0.49741375
vt 0.88764274 0.49741375
vt 0.67526120 0.49544013
vt 0.88172185 0.49544013
f 8348/8348 8349/8349 8350/8350
f 8348/8348 8350/8350 8351/8351
f 8352/8352 8353/8353 8354/8354
f 8352/8352 8354/8354 8355/8355
f 8356/8356 8357/8357 8358/8358
f 8356/8356 8358/8358 8359/8359
f 8360/8360 8361/8361 8362/8362
f 8360/8360 8362/8362 8363/8363
f 8364/8364 8365/8365 8366/8366
f 8364/8364 8366/8366 8367/8367
f 8368/8368 8369/8369 8370/8370
f 8368/8368 8370/8370 8371/8371
f 8372/8372 8373/8373 8374/8374
f 8372/8372 8374/8374 8375/8375
f 8376/8376 8377/8377 8378/8378
f 8376/8376 8378/8378 8379/8379
f 8380/8380 8381/8381 8382/8382
f 8380/8380 8382/8382 8383/8383
f 8384/8384 8385/8385 8386/8386
f 8384/8384 8386/8386 8387/8387
f 8388/8388 8389/8389 8390/8390
f 8388/8388 8390/8390 8391/8391
f 8392/8392 8393/8393 8394/8394
f 8392/8392 8394/8394 8395/8395
f 8349/8349 8348/8348 8396/8396
f 8349/8349 8396/8396 8397/8397
f 8351/8351 8350/8350 8398/8398
f 8351/8351 8398/8398 8399/8399
f 8353/8353 8352/8352 8400/8400
f 8353/8353 8400/8400 8401/8401
f 8355/8355 8354/8354 8402/8402
f 8355/8355 8402/8402 8403/8403
f 8357/8357 8356/8356 8404/8404
f 8357/8357 8404/8404 8405/8405
f 8359/8359 8358/8358 8406/8406
f 8359/8359 8406/8406 8407/8407
f 8361/8361 8360/8360 8408/8408
f 8361/8361 8408/8408 8409/8409
f 8363/8363 8362/8362 8410/8410
f 8363/8363 8410/8410 8411/8411
f 8412/8412 8413/8413 8414/8414
f 8412/8412 8414/8414 8415/8415
f 8416/8416 8417/8417 8418/8418
f 8416/8416 8418/8418 8419/8419
f 8420/8420 8421/8421 8422/8422
f 8420/8420 8422/8422 8423/8423
f 8424/8424 8425/8425 8426/8426
f 8424/8424 8426/8426 8427/8427
f 8428/8428 8429/8429 8430/8430
f 8428/8428 8430/8430 8431/8431
f 8432/8432 8433/8433 8434/8434
f 8432/8432 8434/8434 8435/8435
f 8436/8436 8437/8437 8438/8438
f 8436/8436 8438/8438 8439/8439
f 8440/8440 8441/8441 8442/8442
f 8440/8440 8442/8442 8443/8443
f 8444/8444 8445/8445 8446/8446
f 8444/8444 8446/8446 8447/8447
f 8448/8448 8449/8449 8450/8450
f 8448/8448 8450/8450 8451/8451
f 8452/8452 8453/8453 8454/8454
f 8452/8452 8454/8454 8455/8455
f 8456/8456 8457/8457 8447/8447
f 8456/8456 8447/8447 8446/8446
f 8458/8458 8459/8459 8460/8460
f 8458/8458 8460/8460 8461/8461
f 8462/8462 8463/8463 8455/8455
f 8462/8462 8455/8455 8454/8454
f 8464/8464 8465/8465 8451/8451
f 8464/8464 8451/8451 8450/8450
f 8466/8466 8467/8467 8461/8461
f 8466/8466 8461/8461 8460/8460
f 8468/8468 8469/8469 8470/8470
f 8468/8468 8470/8470 8471/8471
f 8469/8469 8472/8472 8473/8473
f 8469/8469 8473/8473 8470/8470
f 8472/8472 8474/8474 8475/8475
f 8472/8472 8475/8475 8473/8473
f 8474/8474 8476/8476 8477/8477
f 8474/8474 8477/8477 8475/8475
f 8477/8477 8476/8476 8478/8478
f 8477/8477 8478/8478 8479/8479
f 8480/8480 8481/8481 8482/8482
f 8480/8480 8482/8482 8483/8483
f 8484/8484 8485/8485 8486/8486
f 8484/8484 8486/8486 8487/8487
f 8488/8488 8489/8489 8490/8490
f 8488/8488 8490/8490 8491/8491
f 8489/8489 8492/8492 8493/8493
f 8489/8489 8493/8493 8490/8490
f 8494/8494 8495/8495 8496/8496
f 8494/8494 8496/8496 8497/8497
f 8498/8498 8499/8499 8500/8500
f 8498/8498 8500/8500 8501/8501
f 8499/8499 8502/8502 8503/8503
f 8499/8499 8503/8503 8500/8500
f 8504/8504 8505/8505 8506/8506
f 8504/8504 8506/8506 8507/8507
f 8508/8508 8509/8509 8510/8510
f 8508/8508 8510/8510 8511/8511
f 8509/8509 8512/8512 8513/8513
f 8509/8509 8513/8513 8510/8510
f 8514/8514 8515/8515 8516/8516
f 8514/8514 8516/8516 8517/8517
f 8518/8518 8519/8519 8520/8520
f 8518/8518 8520/8520 8521/8521
f 8519/8519 8522/8522 8523/8523
f 8519/8519 8523/8523 8520/8520
f 8524/8524 8525/8525 8526/8526
f 8524/8524 8526/8526 8527/8527
f 8528/8528 8529/8529 8530/8530
f 8528/8528 8530/8530 8531/8531
f 8532/8532 8533/8533 8534/8534
f 8532/8532 8534/8534 8535/8535
f 8536/8536 8537/8537 8538/8538
f 8536/8536 8538/8538 8539/8539
f 8540/8540 8541/8541 8542/8542
f 8540/8540 8542/8542 8543/8543
f 8544/8544 8545/8545 8546/8546
f 8544/8544 8546/8546 8547/8547
f 8548/8548 8549/8549 8550/8550
f 8548/8548 8550/8550 8551/8551
f 8552/8552 8553/8553 8554/8554
f 8552/8552 8554/8554 8555/8555
f 8556/8556 8557/8557 8558/8558
f 8556/8556 8558/8558 8559/8559
f 8560/8560 8561/8561 8562/8562
f 8560/8560 8562/8562 8563/8563
f 8564/8564 8565/8565 8566/8566
f 8564/8564 8566/8566 8567/8567
f 8568/8568 8569/8569 8570/8570
f 8568/8568 8570/8570 8571/8571
f 8572/8572 8573/8573 8574/8574
f 8572/8572 8574/8574 8575/8575
f 8444/8444 8447/8447 8576/8576
f 8444/8444 8576/8576 8577/8577
f 8447/8447 8457/8457 8578/8578
f 8447/8447 8578/8578 8576/8576
f 8579/8579 8580/8580 8581/8581
f 8579/8579 8581/8581 8582/8582
f 8492/8492 8489/8489 8583/8583
f 8492/8492 8583/8583 8584/8584
f 8489/8489 8488/8488 8585/8585
f 8489/8489 8585/8585 8583/8583
f 8586/8586 8587/8587 8588/8588
f 8586/8586 8588/8588 8589/8589
f 8522/8522 8519/8519 8590/8590
f 8522/8522 8590/8590 8591/8591
f 8519/8519 8518/8518 8592/8592
f 8519/8519 8592/8592 8590/8590
f 8593/8593 8594/8594 8595/8595
f 8593/8593 8595/8595 8596/8596
f 8464/8464 8450/8450 8597/8597
f 8464/8464 8597/8597 8598/8598
f 8450/8450 8449/8449 8599/8599
f 8450/8450 8599/8599 8597/8597
f 8600/8600 8601/8601 8602/8602
f 8600/8600 8602/8602 8603/8603
f 8452/8452 8455/8455 8604/8604
f 8452/8452 8604/8604 8605/8605
f 8455/8455 8463/8463 8606/8606
f 8455/8455 8606/8606 8604/8604
f 8607/8607 8608/8608 8609/8609
f 8607/8607 8609/8609 8610/8610
f 8502/8502 8499/8499 8611/8611
f 8502/8502 8611/8611 8612/8612
f 8499/8499 8498/8498 8613/8613
f 8499/8499 8613/8613 8611/8611
f 8614/8614 8615/8615 8616/8616
f 8614/8614 8616/8616 8617/8617
f 8458/8458 8461/8461 8618/8618
f 8458/8458 8618/8618 8619/8619
f 8461/8461 8467/8467 8620/8620
f 8461/8461 8620/8620 8618/8618
f 8621/8621 8622/8622 8623/8623
f 8621/8621 8623/8623 8624/8624
f 8512/8512 8509/8509 8625/8625
f 8512/8512 8625/8625 8626/8626
f 8509/8509 8508/8508 8627/8627
f 8509/8509 8627/8627 8625/8625
f 8628/8628 8629/8629 8630/8630
f 8628/8628 8630/8630 8631/8631
f 8632/8632 8633/8633 8634/8634
f 8632/8632 8634/8634 8635/8635
f 8636/8636 8637/8637 8638/8638
f 8636/8636 8638/8638 8639/8639
f 8640/8640 8641/8641 8642/8642
f 8640/8640 8642/8642 8643/8643
f 8644/8644 8645/8645 8646/8646
f 8644/8644 8646/8646 8647/8647
f 8628/8628 8648/8648 8649/8649
f 8628/8628 8649/8649 8650/8650
f 8631/8631 8651/8651 8652/8652
f 8631/8631 8652/8652 8653/8653
f 8632/8632 8654/8654 8655/8655
f 8632/8632 8655/8655 8656/8656
f 8633/8633 8657/8657 8658/8658
f 8633/8633 8658/8658 8659/8659
f 8636/8636 8660/8660 8661/8661
f 8636/8636 8661/8661 8662/8662
f 8637/8637 8663/8663 8664/8664
f 8637/8637 8664/8664 8665/8665
f 8638/8638 8666/8666 8667/8667
f 8638/8638 8667/8667 8668/8668
f 8639/8639 8669/8669 8670/8670
f 8639/8639 8670/8670 8671/8671
f 8640/8640 8672/8672 8673/8673
f 8640/8640 8673/8673 8674/8674
f 8643/8643 8675/8675 8676/8676
f 8643/8643 8676/8676 8677/8677
f 8645/8645 8678/8678 8679/8679
f 8645/8645 8679/8679 8680/8680
f 8646/8646 8681/8681 8682/8682
f 8646/8646 8682/8682 8683/8683
f 8629/8629 8628/8628 8650/8650
f 8629/8629 8650/8650 8684/8684
f 8631/8631 8630/8630 8685/8685
f 8631/8631 8685/8685 8651/8651
f 8628/8628 8631/8631 8653/8653
f 8628/8628 8653/8653 8648/8648
f 8633/8633 8632/8632 8656/8656
f 8633/8633 8656/8656 8657/8657
f 8634/8634 8633/8633 8659/8659
f 8634/8634 8659/8659 8686/8686
f 8632/8632 8635/8635 8687/8687
f 8632/8632 8687/8687 8654/8654
f 8637/8637 8636/8636 8662/8662
f 8637/8637 8662/8662 8663/8663
f 8638/8638 8637/8637 8665/8665
f 8638/8638 8665/8665 8666/8666
f 8639/8639 8638/8638 8668/8668
f 8639/8639 8668/8668 8669/8669
f 8636/8636 8639/8639 8671/8671
f 8636/8636 8671/8671 8660/8660
f 8641/8641 8640/8640 8674/8674
f 8641/8641 8674/8674 8688/8688
f 8643/8643 8642/8642 8689/8689
f 8643/8643 8689/8689 8675/8675
f 8640/8640 8643/8643 8677/8677
f 8640/8640 8677/8677 8672/8672
f 8645/8645 8644/8644 8690/8690
f 8645/8645 8690/8690 8678/8678
f 8646/8646 8645/8645 8680/8680
f 8646/8646 8680/8680 8681/8681
f 8647/8647 8646/8646 8683/8683
f 8647/8647 8683/8683 8691/8691
f 8707/8707 8692/8692 8693/8693
f 8694/8694 8707/8707 8693/8693
f 8707/8707 8694/8694 8695/8695
f 8696/8696 8707/8707 8695/8695
f 8707/8707 8696/8696 8697/8697
f 8698/8698 8707/8707 8697/8697
f 8707/8707 8698/8698 8699/8699
f 8700/8700 8707/8707 8699/8699
f 8707/8707 8700/8700 8701/8701
f 8702/8702 8707/8707 8701/8701
f 8707/8707 8702/8702 8703/8703
f 8704/8704 8707/8707 8703/8703
f 8707/8707 8704/8704 8705/8705
f 8705/8705 8706/8706 8707/8707
f 8723/8723 8708/8708 8709/8709
f 8710/8710 8723/8723 8709/8709
f 8723/8723 8710/8710 8711/8711
f 8712/8712 8723/8723 8711/8711
f 8723/8723 8712/8712 8713/8713
f 8714/8714 8723/8723 8713/8713
f 8723/8723 8714/8714 8715/8715
f 8716/8716 8723/8723 8715/8715
f 8723/8723 8716/8716 8717/8717
f 8718/8718 8723/8723 8717/8717
f 8723/8723 8718/8718 8719/8719
f 8720/8720 8723/8723 8719/8719
f 8723/8723 8720/8720 8721/8721
f 8721/8721 8722/8722 8723/8723
f 8724/8724 8725/8725 8726/8726
f 8724/8724 8726/8726 8727/8727
f 8725/8725 8728/8728 8729/8729
f 8725/8725 8729/8729 8726/8726
f 8730/8730 8731/8731 8732/8732
f 8730/8730 8732/8732 8733/8733
f 8731/8731 8734/8734 8735/8735
f 8731/8731 8735/8735 8732/8732
f 8734/8734 8736/8736 8737/8737
f 8734/8734 8737/8737 8735/8735
f 8736/8736 8738/8738 8739/8739
f 8736/8736 8739/8739 8737/8737
f 8740/8740 8741/8741 8742/8742
f 8740/8740 8742/8742 8743/8743
f 8741/8741 8744/8744 8745/8745
f 8741/8741 8745/8745 8742/8742
f 8744/8744 8746/8746 8747/8747
f 8744/8744 8747/8747 8745/8745
f 8746/8746 8748/8748 8749/8749
f 8746/8746 8749/8749 8747/8747
f 8750/8750 8751/8751 8752/8752
f 8750/8750 8752/8752 8753/8753
f 8751/8751 8754/8754 8755/8755
f 8751/8751 8755/8755 8752/8752
f 8754/8754 8756/8756 8757/8757
f 8754/8754 8757/8757 8755/8755
f 8756/8756 8758/8758 8759/8759
f 8756/8756 8759/8759 8757/8757
f 8760/8760 8761/8761 8762/8762
f 8760/8760 8762/8762 8763/8763
f 8761/8761 8724/8724 8727/8727
f 8761/8761 8727/8727 8762/8762
f 8764/8764 8765/8765 8766/8766
f 8764/8764 8766/8766 8767/8767
f 8768/8768 8769/8769 8770/8770
f 8768/8768 8770/8770 8771/8771
f 8772/8772 8773/8773 8774/8774
f 8772/8772 8774/8774 8775/8775
f 8776/8776 8777/8777 8778/8778
f 8776/8776 8778/8778 8779/8779
f 8780/8780 8781/8781 8782/8782
f 8780/8780 8782/8782 8783/8783
f 8784/8784 8785/8785 8786/8786
f 8784/8784 8786/8786 8787/8787
f 8788/8788 8789/8789 8790/8790
f 8788/8788 8790/8790 8791/8791
f 8792/8792 8793/8793 8794/8794
f 8792/8792 8794/8794 8795/8795
f 8796/8796 8797/8797 8798/8798
f 8796/8796 8798/8798 8799/8799
f 8800/8800 8801/8801 8802/8802
f 8800/8800 8802/8802 8803/8803
f 8804/8804 8805/8805 8806/8806
f 8804/8804 8806/8806 8807/8807
f 8808/8808 8809/8809 8810/8810
f 8808/8808 8810/8810 8811/8811
f 8812/8812 8813/8813 8814/8814
f 8812/8812 8814/8814 8815/8815
f 8816/8816 8817/8817 8818/8818
f 8816/8816 8818/8818 8819/8819
f 8820/8820 8821/8821 8822/8822
f 8820/8820 8822/8822 8823/8823
f 8824/8824 8825/8825 8826/8826
f 8824/8824 8826/8826 8827/8827
f 8828/8828 8829/8829 8830/8830
f 8828/8828 8830/8830 8831/8831
f 8832/8832 8833/8833 8834/8834
f 8832/8832 8834/8834 8835/8835
f 8836/8836 8837/8837 8838/8838
f 8836/8836 8838/8838 8839/8839
f 8840/8840 8841/8841 8842/8842
f 8840/8840 8842/8842 8843/8843
f 8844/8844 8845/8845 8846/8846
f 8844/8844 8846/8846 8847/8847
f 8848/8848 8849/8849 8850/8850
f 8848/8848 8850/8850 8851/8851
f 8852/8852 8853/8853 8854/8854
f 8852/8852 8854/8854 8855/8855
f 8856/8856 8857/8857 8858/8858
f 8856/8856 8858/8858 8859/8859
f 8860/8860 8861/8861 8862/8862
f 8860/8860 8862/8862 8863/8863
f 8864/8864 8865/8865 8866/8866
f 8864/8864 8866/8866 8867/8867
f 8868/8868 8869/8869 8870/8870
f 8868/8868 8870/8870 8871/8871
f 8872/8872 8873/8873 8874/8874
f 8872/8872 8874/8874 8875/8875
f 8876/8876 8877/8877 8878/8878
f 8876/8876 8878/8878 8879/8879
f 8880/8880 8881/8881 8882/8882
f 8880/8880 8882/8882 8883/8883
f 8884/8884 8885/8885 8886/8886
f 8884/8884 8886/8886 8887/8887
f 8888/8888 8889/8889 8890/8890
f 8888/8888 8890/8890 8891/8891
f 8892/8892 8893/8893 8894/8894
f 8892/8892 8894/8894 8895/8895
f 8896/8896 8897/8897 8898/8898
f 8896/8896 8898/8898 8899/8899
f 8900/8900 8901/8901 8902/8902
f 8900/8900 8902/8902 8903/8903
f 8904/8904 8905/8905 8906/8906
f 8904/8904 8906/8906 8907/8907
f 8908/8908 8909/8909 8910/8910
f 8908/8908 8910/8910 8911/8911
f 8912/8912 8913/8913 8914/8914
f 8912/8912 8914/8914 8915/8915
f 8916/8916 8917/8917 8918/8918
f 8916/8916 8918/8918 8919/8919
f 8920/8920 8921/8921 8922/8922
f 8920/8920 8922/8922 8923/8923
f 8924/8924 8925/8925 8926/8926
f 8924/8924 8926/8926 8927/8927
f 8928/8928 8929/8929 8930/8930
f 8928/8928 8930/8930 8931/8931
f 8932/8932 8933/8933 8934/8934
f 8932/8932 8934/8934 8935/8935
f 8936/8936 8937/8937 8938/8938
f 8936/8936 8938/8938 8939/8939
f 8940/8940 8941/8941 8942/8942
f 8940/8940 8942/8942 8943/8943
f 8944/8944 8945/8945 8946/8946
f 8944/8944 8946/8946 8947/8947
f 8948/8948 8949/8949 8950/8950
f 8948/8948 8950/8950 8951/8951
f 8952/8952 8953/8953 8954/8954
f 8952/8952 8954/8954 8955/8955
f 8956/8956 8957/8957 8958/8958
f 8956/8956 8958/8958 8959/8959
f 8960/8960 8961/8961 8962/8962
f 8960/8960 8962/8962 8963/8963
f 8964/8964 8965/8965 8966/8966
f 8964/8964 8966/8966 8967/8967
f 8968/8968 8969/8969 8970/8970
f 8968/8968 8970/8970 8971/8971
f 8972/8972 8973/8973 8974/8974
f 8972/8972 8974/8974 8975/8975
f 8976/8976 8977/8977 8978/8978
f 8976/8976 8978/8978 8979/8979
f 8980/8980 8981/8981 8982/8982
f 8980/8980 8982/8982 8983/8983
f 8984/8984 8985/8985 8986/8986
f 8984/8984 8986/8986 8987/8987
f 8988/8988 8989/8989 8990/8990
f 8988/8988 8990/8990 8991/8991
f 8992/8992 8993/8993 8994/8994
f 8992/8992 8994/8994 8995/8995
f 8996/8996 8997/8997 8998/8998
f 8996/8996 8998/8998 8999/8999
f 9000/9000 9001/9001 9002/9002
f 9000/9000 9002/9002 9003/9003
f 9004/9004 9005/9005 9006/9006
f 9004/9004 9006/9006 9007/9007
f 9008/9008 9009/9009 9010/9010
f 9008/9008 9010/9010 9011/9011
f 9012/9012 9013/9013 9014/9014
f 9012/9012 9014/9014 9015/9015
f 9016/9016 9017/9017 9018/9018
f 9016/9016 9018/9018 9019/9019
f 9020/9020 9021/9021 9022/9022
f 9020/9020 9022/9022 9023/9023
f 9024/9024 9025/9025 9026/9026
f 9024/9024 9026/9026 9027/9027
f 9028/9028 9029/9029 9030/9030
f 9028/9028 9030/9030 9031/9031
f 9032/9032 9033/9033 9034/9034
f 9032/9032 9034/9034 9035/9035
f 9036/9036 9037/9037 9038/9038
f 9036/9036 9038/9038 9039/9039
f 9040/9040 9041/9041 9042/9042
f 9040/9040 9042/9042 9043/9043
f 9044/9044 9045/9045 9046/9046
f 9044/9044 9046/9046 9047/9047
f 9048/9048 9049/9049 9050/9050
f 9048/9048 9050/9050 9051/9051
f 9052/9052 9053/9053 9054/9054
f 9052/9052 9054/9054 9055/9055
f 9056/9056 9057/9057 9058/9058
f 9056/9056 9058/9058 9059/9059
f 9060/9060 9061/9061 9062/9062
f 9060/9060 9062/9062 9063/9063
f 9064/9064 9065/9065 9066/9066
f 9064/9064 9066/9066 9067/9067
f 9068/9068 9069/9069 9070/9070
f 9068/9068 9070/9070 9071/9071
f 9072/9072 9073/9073 9074/9074
f 9072/9072 9074/9074 9075/9075
f 9076/9076 9077/9077 9078/9078
f 9076/9076 9078/9078 9079/9079
f 9080/9080 9081/9081 9082/9082
f 9080/9080 9082/9082 9083/9083
f 9084/9084 9085/9085 9086/9086
f 9084/9084 9086/9086 9087/9087
f 9088/9088 9089/9089 9090/9090
f 9088/9088 9090/9090 9091/9091
f 9092/9092 9088/9088 9091/9091
f 9092/9092 9091/9091 9093/9093
f 9094/9094 9092/9092 9093/9093
f 9094/9094 9093/9093 9085/9085
f 9089/9089 9095/9095 9096/9096
f 9089/9089 9096/9096 9090/9090
f 9095/9095 9097/9097 9098/9098
f 9095/9095 9098/9098 9096/9096
f 9084/9084 9099/9099 9094/9094
f 9084/9084 9094/9094 9085/9085
f 9090/9090 9100/9100 9101/9101
f 9090/9090 9101/9101 9091/9091
f 9091/9091 9101/9101 9102/9102
f 9091/9091 9102/9102 9093/9093
f 9093/9093 9102/9102 9086/9086
f 9093/9093 9086/9086 9085/9085
f 9096/9096 9103/9103 9100/9100
f 9096/9096 9100/9100 9090/9090
f 9098/9098 9104/9104 9103/9103
f 9098/9098 9103/9103 9096/9096
f 9105/9105 9106/9106 9107/9107
f 9105/9105 9107/9107 9108/9108
f 9106/9106 9109/9109 9110/9110
f 9106/9106 9110/9110 9107/9107
f 9109/9109 9111/9111 9112/9112
f 9109/9109 9112/9112 9110/9110
f 9111/9111 9113/9113 9114/9114
f 9111/9111 9114/9114 9112/9112
f 9113/9113 9115/9115 9116/9116
f 9113/9113 9116/9116 9114/9114
f 9115/9115 9117/9117 9118/9118
f 9115/9115 9118/9118 9116/9116
f 9117/9117 9119/9119 9120/9120
f 9117/9117 9120/9120 9118/9118
f 9119/9119 9121/9121 9122/9122
f 9119/9119 9122/9122 9120/9120
f 9121/9121 9123/9123 9124/9124
f 9121/9121 9124/9124 9122/9122
f 9123/9123 9125/9125 9126/9126
f 9123/9123 9126/9126 9124/9124
f 9125/9125 9127/9127 9128/9128
f 9125/9125 9128/9128 9126/9126
f 9127/9127 9129/9129 9130/9130
f 9127/9127 9130/9130 9128/9128
f 9129/9129 9131/9131 9132/9132
f 9129/9129 9132/9132 9130/9130
f 9131/9131 9133/9133 9134/9134
f 9131/9131 9134/9134 9132/9132
f 9133/9133 9135/9135 9136/9136
f 9133/9133 9136/9136 9134/9134
f 9135/9135 9105/9105 9108/9108
f 9135/9135 9108/9108 9136/9136
f 9137/9137 9138/9138 9139/9139
f 9137/9137 9139/9139 9140/9140
f 9138/9138 9141/9141 9142/9142
f 9138/9138 9142/9142 9139/9139
f 9143/9143 9144/9144 9145/9145
f 9143/9143 9145/9145 9146/9146
f 9144/9144 9147/9147 9148/9148
f 9144/9144 9148/9148 9145/9145
f 9147/9147 9149/9149 9150/9150
f 9147/9147 9150/9150 9148/9148
f 9149/9149 9151/9151 9152/9152
f 9149/9149 9152/9152 9150/9150
f 9153/9153 9154/9154 9155/9155
f 9153/9153 9155/9155 9156/9156
f 9154/9154 9157/9157 9158/9158
f 9154/9154 9158/9158 9155/9155
f 9157/9157 9159/9159 9160/9160
f 9157/9157 9160/9160 9158/9158
f 9159/9159 9161/9161 9162/9162
f 9159/9159 9162/9162 9160/9160
f 9163/9163 9164/9164 9165/9165
f 9163/9163 9165/9165 9166/9166
f 9164/9164 9167/9167 9168/9168
f 9164/9164 9168/9168 9165/9165
f 9167/9167 9169/9169 9170/9170
f 9167/9167 9170/9170 9168/9168
f 9169/9169 9171/9171 9172/9172
f 9169/9169 9172/9172 9170/9170
f 9173/9173 9174/9174 9175/9175
f 9173/9173 9175/9175 9176/9176
f 9174/9174 9137/9137 9140/9140
f 9174/9174 9140/9140 9175/9175
f 9177/9177 9178/9178 9179/9179
f 9177/9177 9179/9179 9180/9180
f 9181/9181 9182/9182 9183/9183
f 9181/9181 9183/9183 9184/9184
f 9185/9185 9186/9186 9187/9187
f 9185/9185 9187/9187 9188/9188
f 9189/9189 9190/9190 9191/9191
f 9189/9189 9191/9191 9192/9192
f 9193/9193 9194/9194 9195/9195
f 9193/9193 9195/9195 9196/9196
f 9197/9197 9198/9198 9199/9199
f 9197/9197 9199/9199 9200/9200
f 9201/9201 9202/9202 9203/9203
f 9201/9201 9203/9203 9204/9204
f 9205/9205 9206/9206 9207/9207
f 9205/9205 9207/9207 9208/9208
f 9209/9209 9210/9210 9211/9211
f 9209/9209 9211/9211 9212/9212
f 9213/9213 9214/9214 9215/9215
f 9213/9213 9215/9215 9216/9216
f 9217/9217 9218/9218 9219/9219
f 9217/9217 9219/9219 9220/9220
f 9221/9221 9222/9222 9223/9223
f 9221/9221 9223/9223 9224/9224
f 9225/9225 9226/9226 9227/9227
f 9225/9225 9227/9227 9228/9228
f 9229/9229 9230/9230 9231/9231
f 9229/9229 9231/9231 9232/9232
f 9233/9233 9234/9234 9235/9235
f 9233/9233 9235/9235 9236/9236
f 9237/9237 9238/9238 9239/9239
f 9237/9237 9239/9239 9240/9240
f 9241/9241 9242/9242 9243/9243
f 9241/9241 9243/9243 9244/9244
f 9245/9245 9246/9246 9247/9247
f 9245/9245 9247/9247 9248/9248
f 9249/9249 9250/9250 9251/9251
f 9249/9249 9251/9251 9252/9252
f 9253/9253 9254/9254 9255/9255
f 9253/9253 9255/9255 9256/9256
f 9257/9257 9258/9258 9259/9259
f 9257/9257 9259/9259 9260/9260
f 9261/9261 9262/9262 9263/9263
f 9261/9261 9263/9263 9264/9264
f 9265/9265 9266/9266 9267/9267
f 9265/9265 9267/9267 9268/9268
f 9269/9269 9270/9270 9271/9271
f 9269/9269 9271/9271 9272/9272
f 9273/9273 9274/9274 9275/9275
f 9273/9273 9275/9275 9276/9276
f 9277/9277 9278/9278 9279/9279
f 9277/9277 9279/9279 9280/9280
f 9281/9281 9282/9282 9283/9283
f 9281/9281 9283/9283 9284/9284
f 9285/9285 9286/9286 9287/9287
f 9285/9285 9287/9287 9288/9288
f 9289/9289 9290/9290 9291/9291
f 9289/9289 9291/9291 9292/9292
f 9293/9293 9294/9294 9295/9295
f 9293/9293 9295/9295 9296/9296
f 9297/9297 9298/9298 9299/9299
f 9297/9297 9299/9299 9300/9300
f 9301/9301 9302/9302 9303/9303
f 9301/9301 9303/9303 9304/9304
f 9305/9305 9306/9306 9307/9307
f 9305/9305 9307/9307 9308/9308
f 9309/9309 9310/9310 9311/9311
f 9309/9309 9311/9311 9312/9312
f 9313/9313 9314/9314 9315/9315
f 9313/9313 9315/9315 9316/9316
f 9317/9317 9318/9318 9319/9319
f 9317/9317 9319/9319 9320/9320
f 9321/9321 9322/9322 9323/9323
f 9321/9321 9323/9323 9324/9324
f 9325/9325 9326/9326 9327/9327
f 9325/9325 9327/9327 9328/9328
f 9329/9329 9330/9330 9331/9331
f 9329/9329 9331/9331 9332/9332
f 9333/9333 9334/9334 9335/9335
f 9333/9333 9335/9335 9336/9336
f 9337/9337 9338/9338 9339/9339
f 9337/9337 9339/9339 9340/9340
f 9341/9341 9342/9342 9343/9343
f 9341/9341 9343/9343 9344/9344
f 9345/9345 9346/9346 9347/9347
f 9345/9345 9347/9347 9348/9348
f 9349/9349 9350/9350 9351/9351
f 9349/9349 9351/9351 9352/9352
f 9353/9353 9354/9354 9355/9355
f 9353/9353 9355/9355 9356/9356
f 9357/9357 9358/9358 9359/9359
f 9357/9357 9359/9359 9360/9360
f 9361/9361 9362/9362 9363/9363
f 9361/9361 9363/9363 9364/9364
f 9365/9365 9366/9366 9367/9367
f 9365/9365 9367/9367 9368/9368
f 9369/9369 9370/9370 9371/9371
f 9369/9369 9371/9371 9372/9372
f 9373/9373 9374/9374 9375/9375
f 9373/9373 9375/9375 9376/9376
f 9377/9377 9378/9378 9379/9379
f 9377/9377 9379/9379 9380/9380
f 9381/9381 9382/9382 9383/9383
f 9381/9381 9383/9383 9384/9384
f 9385/9385 9386/9386 9387/9387
f 9385/9385 9387/9387 9388/9388
f 9389/9389 9390/9390 9391/9391
f 9389/9389 9391/9391 9392/9392
f 9393/9393 9394/9394 9395/9395
f 9393/9393 9395/9395 9396/9396
f 9397/9397 9398/9398 9399/9399
f 9397/9397 9399/9399 9400/9400
f 9401/9401 9402/9402 9403/9403
f 9401/9401 9403/9403 9404/9404
f 9405/9405 9406/9406 9407/9407
f 9405/9405 9407/9407 9408/9408
f 9409/9409 9410/9410 9411/9411
f 9409/9409 9411/9411 9412/9412
f 9413/9413 9414/9414 9415/9415
f 9413/9413 9415/9415 9416/9416
f 9417/9417 9418/9418 9419/9419
f 9417/9417 9419/9419 9420/9420
f 9421/9421 9422/9422 9423/9423
f 9421/9421 9423/9423 9424/9424
f 9425/9425 9426/9426 9427/9427
f 9425/9425 9427/9427 9428/9428
f 9429/9429 9430/9430 9431/9431
f 9429/9429 9431/9431 9432/9432
f 9433/9433 9434/9434 9435/9435
f 9433/9433 9435/9435 9436/9436
f 9437/9437 9438/9438 9439/9439
f 9437/9437 9439/9439 9440/9440
f 9441/9441 9442/9442 9443/9443
f 9441/9441 9443/9443 9444/9444
f 9445/9445 9446/9446 9447/9447
f 9445/9445 9447/9447 9448/9448
f 9449/9449 9450/9450 9451/9451
f 9449/9449 9451/9451 9452/9452
f 9453/9453 9454/9454 9455/9455
f 9453/9453 9455/9455 9456/9456
f 9457/9457 9458/9458 9459/9459
f 9457/9457 9459/9459 9460/9460
f 9461/9461 9462/9462 9463/9463
f 9461/9461 9463/9463 9464/9464
f 9465/9465 9466/9466 9467/9467
f 9465/9465 9467/9467 9468/9468
f 9469/9469 9470/9470 9471/9471
f 9469/9469 9471/9471 9472/9472
f 9473/9473 9474/9474 9475/9475
f 9473/9473 9475/9475 9476/9476
f 9477/9477 9478/9478 9479/9479
f 9477/9477 9479/9479 9480/9480
f 9481/9481 9482/9482 9483/9483
f 9481/9481 9483/9483 9484/9484
f 9485/9485 9486/9486 9487/9487
f 9485/9485 9487/9487 9488/9488
f 9489/9489 9490/9490 9491/9491
f 9489/9489 9491/9491 9492/9492
f 9493/9493 9494/9494 9495/9495
f 9493/9493 9495/9495 9496/9496
f 9497/9497 9498/9498 9499/9499
f 9497/9497 9499/9499 9500/9500
f 9501/9501 9502/9502 9503/9503
f 9501/9501 9503/9503 9504/9504
f 9505/9505 9501/9501 9504/9504
f 9505/9505 9504/9504 9506/9506
f 9507/9507 9505/9505 9506/9506
f 9507/9507 9506/9506 9498/9498
f 9502/9502 9508/9508 9509/9509
f 9502/9502 9509/9509 9503/9503
f 9508/9508 9510/9510 9511/9511
f 9508/9508 9511/9511 9509/9509
f 9497/9497 9512/9512 9507/9507
f 9497/9497 9507/9507 9498/9498
f 9503/9503 9513/9513 9514/9514
f 9503/9503 9514/9514 9504/9504
f 9504/9504 9514/9514 9515/9515
f 9504/9504 9515/9515 9506/9506
f 9506/9506 9515/9515 9499/9499
f 9506/9506 9499/9499 9498/9498
f 9509/9509 9516/9516 9513/9513
f 9509/9509 9513/9513 9503/9503
f 9511/9511 9517/9517 9516/9516
f 9511/9511 9516/9516 9509/9509
f 9518/9518 9519/9519 9520/9520
f 9518/9518 9520/9520 9521/9521
f 9519/9519 9522/9522 9523/9523
f 9519/9519 9523/9523 9520/9520
f 9522/9522 9524/9524 9525/9525
f 9522/9522 9525/9525 9523/9523
f 9524/9524 9526/9526 9527/9527
f 9524/9524 9527/9527 9525/9525
f 9526/9526 9528/9528 9529/9529
f 9526/9526 9529/9529 9527/9527
f 9528/9528 9530/9530 9531/9531
f 9528/9528 9531/9531 9529/9529
f 9530/9530 9532/9532 9533/9533
f 9530/9530 9533/9533 9531/9531
f 9532/9532 9534/9534 9535/9535
f 9532/9532 9535/9535 9533/9533
f 9534/9534 9536/9536 9537/9537
f 9534/9534 9537/9537 9535/9535
f 9536/9536 9538/9538 9539/9539
f 9536/9536 9539/9539 9537/9537
f 9538/9538 9540/9540 9541/9541
f 9538/9538 9541/9541 9539/9539
f 9540/9540 9542/9542 9543/9543
f 9540/9540 9543/9543 9541/9541
f 9542/9542 9544/9544 9545/9545
f 9542/9542 9545/9545 9543/9543
f 9544/9544 9546/9546 9547/9547
f 9544/9544 9547/9547 9545/9545
f 9546/9546 9548/9548 9549/9549
f 9546/9546 9549/9549 9547/9547
f 9548/9548 9518/9518 9521/9521
f 9548/9548 9521/9521 9549/9549
f 8481/8481 9550/9550 9551/9551
f 8481/8481 9551/9551 8482/8482
f 9550/9550 9552/9552 9553/9553
f 9550/9550 9553/9553 9551/9551
f 9552/9552 9554/9554 9555/9555
f 9552/9552 9555/9555 9553/9553
f 9554/9554 9556/9556 9557/9557
f 9554/9554 9557/9557 9555/9555

